mut_id,NU,S1,V1,V2,V3,V4
chr1_1229261_C_G,0,0,0,0,0,0
chr1_1451558_G_A,0,0.2887,0.2558,0.239,0.354,0.351
chr1_7723588_C_T,0,0,0,0,0,0.1136
chr1_9714253_C_A,0,0.3281,0,0.2286,0.2419,0.3613
chr1_15675569_G_C,0,0.309,0.3056,0.3252,0.2754,0.389
chr1_19401308_G_A,0,0,0,0,0.1477,0.1566
chr1_19408045_C_T,0,0.271,0.301,0.198,0.1967,0.3171
chr1_24696321_C_T,0,0,0,0,0,0
chr1_27677459_C_T,0,0.4857,0,0,0.337,0.5676
chr1_28206588_T_C,0,0,0,0,0,0
chr1_29063736_T_G,0,0,0,0,0,0
chr1_38184107_G_T,0,0.1978,0.2329,0.1429,0.2218,0.1747
chr1_38455673_A_C,0,0.2459,0.3627,0.2701,0.2951,0.5
chr1_39353575_G_A,0,0,0,0,0,0
chr1_44805031_G_A,0,0,0,0,0,0
chr1_45212995_G_A,0,0,0,0,0,0
chr1_46212037_G_C,0,0,0,0,0,0
chr1_50957325_G_A,0,0,0,0,0,0
chr1_53343633_G_T,0,0,0,0,0,0
chr1_62676195_C_T,0,0,0,0,0,0
chr1_79107546_A_T,0,0.2857,0,0,0,0
chr1_86960126_G_C,0,0,0,0,0,0
chr1_89520467_C_G,0,0.2995,0.3511,0.3243,0.3043,0.4258
chr1_89651956_C_A,0,0,0,0,0,0
chr1_109730825_G_A,0,0,0,0,0.1688,0
chr1_114157152_A_G,0,0,0,0,0,0
chr1_148004834_G_A,0,0,0,0,0,0
chr1_151403194_T_C,0,0,0,0.1104,0,0
chr1_152280782_A_G,0,0,0,0,0,0
chr1_152280788_T_G,0,0,0,0,0,0
chr1_152328860_G_T,0,0.1183,0.1522,0.1439,0.1425,0.1929
chr1_152975829_A_G,0,0,0,0,0,0.0963
chr1_153004983_C_T,0,0,0,0,0,0.1105
chr1_157767491_C_A,0,0.5541,0.6395,0.4471,0.4524,0.6607
chr1_158059522_T_C,0,0,0,0,0.1143,0
chr1_158389871_A_G,0,0,0,0,0,0
chr1_158817474_A_G,0,0,0,0,0,0
chr1_159906156_A_G,0,0,0,0,0,0
chr1_160163509_C_T,0,0,0,0,0,0.1039
chr1_160990875_T_C,0,0,0,0,0,0.1565
chr1_160990876_C_A,0,0,0,0,0,0.1366
chr1_160990878_C_T,0,0,0,0,0,0.1425
chr1_168269744_G_A,0,0,0.3436,0.193,0.1974,0.3644
chr1_169101901_C_G,0,0,0.5238,0,0,0
chr1_169525825_A_G,0,0.5221,0.624,0.5664,0.3917,0.627
chr1_171301953_C_T,0,0,0,0,0,0
chr1_172038079_T_C,0,0,0,0,0,0
chr1_182353686_G_A,0,0.4934,0.5534,0.4912,0.4874,0.5828
chr1_184681677_C_G,0,0,0,0,0,0
chr1_185137590_G_T,0,0,0,0,0,0
chr1_197098371_A_C,0,0,0,0,0,0
chr1_200877850_T_G,0,0,0,0,0,0
chr1_201951785_C_G,0,0,0,0,0,0
chr1_201968944_G_C,0,0.596,0.6163,0.5934,0.5532,0.7143
chr1_201970876_G_C,0,0.5098,0.5685,0.5167,0.4946,0.6768
chr1_208234038_C_A,0,0,0,0,0,0
chr1_236718524_G_C,0,0,0,0,0,0
chr1_246797849_G_C,0,0,0,0,0,0.1964
chr2_1320034_C_A,0,0,0,0,0,0
chr2_8916858_C_A,0,0,0,0,0,0
chr2_14774413_C_T,0,0,0,0,0,0
chr2_26203638_G_A,0,0,0,0,0,0
chr2_26204816_C_A,0,0,0.3689,0.3358,0,0.5096
chr2_31400510_G_A,0,0,0,0,0,0
chr2_32503172_T_G,0,0,0,0,0,0
chr2_44531456_A_G,0,0.1122,0.0614,0.0849,0.1571,0.2298
chr2_54024602_C_T,0,0,0,0,0,0
chr2_58431274_C_G,0,0,0,0,0,0
chr2_70443362_C_G,0,0,0,0,0,0
chr2_70524427_T_C,0,0,0,0,0,0
chr2_70524433_T_G,0,0,0,0,0,0
chr2_70524437_A_G,0,0,0,0,0,0
chr2_70524444_C_G,0,0,0,0,0,0
chr2_70816737_C_G,0,0,0.3297,0,0,0
chr2_71159964_G_A,0,0,0,0,0.1675,0.218
chr2_75061873_C_G,0,0,0,0,0,0
chr2_80529373_C_A,0,0,0.2449,0.2051,0,0.2833
chr2_97426766_G_A,0,0,0,0,0,0
chr2_97817743_G_T,0,0,0,0,0,0
chr2_97817745_G_T,0,0,0,0,0,0
chr2_98887088_A_G,0,0,0,0,0,0
chr2_99165404_C_T,0,0.2812,0.2436,0,0,0.3431
chr2_102849480_G_C,0,0.3393,0.3356,0.2296,0.419,0.4388
chr2_105461541_T_C,0,0,0,0,0,0
chr2_108921807_G_C,0,0,0,0,0,0
chr2_112873611_C_A,0,0,0,0,0,0
chr2_112873624_C_T,0,0,0,0,0,0
chr2_112922781_G_A,0,0.2941,0.459,0,0.3409,0.4787
chr2_116535418_G_A,0,0.2692,0,0.2246,0,0
chr2_116548942_T_G,0,0,0,0,0,0
chr2_118694400_C_T,0,0,0.451,0,0,0
chr2_125192203_G_A,0,0.1823,0.2412,0.2691,0.1787,0.2
chr2_125521621_G_A,0,0,0.3519,0,0,0
chr2_128339437_T_C,0,0.3082,0.3158,0.3294,0.3308,0.457
chr2_128389102_T_G,0,0,0,0,0,0
chr2_130911451_C_T,0,0.3015,0,0.2184,0,0.3333
chr2_133015658_A_G,0,0,0,0,0,0
chr2_136540350_C_T,0,0.1635,0.192,0.1964,0,0.2486
chr2_138414801_A_G,0,0,0,0.3908,0,0
chr2_144194529_C_A,0,0,0,0,0,0
chr2_152315435_G_A,0,0.2542,0.3388,0.2719,0,0
chr2_152404150_C_T,0,0,0,0,0,0
chr2_158291357_T_A,0,0,0,0,0,0
chr2_168101892_C_T,0,0,0.3271,0,0,0
chr2_168920030_C_A,0,0.2521,0.2405,0,0,0
chr2_170460823_T_G,0,0,0,0,0,0
chr2_175289395_C_G,0,0,0,0,0,0
chr2_179414075_C_G,0,0,0,0,0,0
chr2_179455799_G_T,0,0,0,0,0,0
chr2_179495867_A_G,0,0,0,0,0,0
chr2_182765664_C_A,0,0,0,0,0,0
chr2_189868200_G_A,0,0,0.2409,0.2482,0,0
chr2_191746233_T_G,0,0,0,0,0,0
chr2_196933462_G_A,0,0,0,0,0,0
chr2_202523108_C_G,0,0,0,0,0,0
chr2_207569659_G_C,0,0,0.2822,0.2431,0,0.3895
chr2_207653479_G_A,0,0,0,0,0,0
chr2_207653484_G_A,0,0,0,0,0,0
chr2_211341066_C_T,0,0,0,0,0,0
chr2_211521410_A_C,0,0,0,0,0,0
chr2_217724690_C_G,0,0.2826,0.5235,0.4318,0.3403,0.6103
chr2_219082330_A_G,0,0,0,0,0,0
chr2_229890804_G_A,0,0,0,0,0,0
chr2_231307738_C_G,0,0.2857,0.4695,0.2924,0.3396,0.5915
chr2_232262933_G_A,0,0,0,0,0,0
chr2_234078871_C_G,0,0,0,0,0,0
chr2_234357866_G_T,0,0.3743,0.4431,0.3284,0.3934,0.6022
chr3_401939_C_T,0,0,0,0,0,0
chr3_10085557_C_T,0,0.189,0,0.2621,0,0
chr3_12458435_A_T,0,0.2432,0.3537,0.3738,0.3228,0.3711
chr3_13379400_C_T,0,0,0,0,0,0.1053
chr3_13383540_A_G,0,0,0,0,0,0.0924
chr3_13395579_C_A,0,0,0,0,0,0
chr3_13612936_A_G,0,0,0,0,0,0.1071
chr3_25638067_T_C,0,0.2798,0.3317,0.3874,0.3642,0.4035
chr3_36869903_A_G,0,0,0,0,0,0
chr3_36902478_C_T,0,0,0,0.1544,0,0
chr3_37081797_G_C,0,0.232,0.3345,0.2717,0.2366,0.3145
chr3_38651145_C_A,0,0,0,0,0,0
chr3_38797384_G_C,0,0.2454,0.2287,0.1405,0.1747,0.1718
chr3_42569499_C_T,0,0.2066,0.1783,0.1548,0.1573,0.2394
chr3_49212488_C_T,0,0.2308,0.1123,0.1434,0.2094,0.2617
chr3_52020966_C_G,0,0.2606,0.2748,0,0,0.2109
chr3_52183912_G_A,0,0.2707,0.2256,0.1874,0.171,0.2394
chr3_52547236_G_A,0,0.3429,0.3785,0.3525,0.3507,0.4132
chr3_52623095_C_T,0,0,0,0,0,0
chr3_57303621_C_G,0,0,0,0,0.1141,0
chr3_62388917_G_C,0,0,0,0,0,0
chr3_63601066_G_T,0,0.3041,0.4335,0.2517,0.3143,0.4138
chr3_71102711_G_C,0,0,0,0,0.3409,0.5068
chr3_78987922_T_C,0,0,0,0,0,0
chr3_112729485_C_A,0,0,0,0,0,0
chr3_119462951_G_A,0,0,0,0,0.2846,0.2692
chr3_121659288_G_A,0,0,0,0.1566,0,0
chr3_124113113_G_C,0,0,0,0,0,0
chr3_126125989_C_T,0,0.3718,0.4239,0.3899,0.3929,0.4828
chr3_127358890_C_T,0,0.261,0.3701,0.2321,0.3493,0.4941
chr3_130300965_G_A,0,0,0,0,0,0
chr3_141682785_C_T,0,0,0,0,0,0
chr3_147114272_A_G,0,0,0,0,0,0
chr3_148901407_C_A,0,0,0,0,0,0
chr3_155314127_C_T,0,0,0.1908,0,0,0
chr3_156867729_C_T,0,0,0,0,0,0
chr3_172835539_C_A,0,0,0,0,0,0
chr3_173993127_G_A,0,0,0,0,0,0
chr3_178936082_G_A,0,0,0,0,0,0
chr3_182755209_T_G,0,0,0,0,0,0
chr3_195935207_C_G,0,0,0,0,0,0
chr4_59890_A_C,0,0,0,0,0,0
chr4_59894_A_G,0,0,0,0,0,0
chr4_59900_C_A,0,0,0,0,0,0
chr4_984038_T_A,0,0,0,0,0,0
chr4_3210462_C_A,0,0,0,0,0,0
chr4_7738730_A_C,0,0,0,0,0,0
chr4_27209235_C_G,0,0,0,0,0,0
chr4_38691470_C_G,0,0,0,0,0,0
chr4_40823874_C_T,0,0,0.2375,0.1928,0,0.283
chr4_41992677_C_G,0,0,0,0,0,0
chr4_46314667_T_C,0,0,0,0,0,0
chr4_46390712_T_C,0,0,0.1782,0,0,0
chr4_54343159_G_A,0,0,0,0,0,0
chr4_55979478_C_T,0,0,0.2571,0,0,0
chr4_56291528_T_C,0,0,0,0,0,0
chr4_57876641_G_T,0,0,0.1902,0,0,0.2658
chr4_65194346_T_A,0,0,0,0,0,0
chr4_68360955_A_G,0,0,0,0,0,0
chr4_79371474_C_T,0,0,0,0,0,0
chr4_79399139_C_T,0,0.1574,0.1877,0.196,0.1734,0.2487
chr4_83825847_T_C,0,0,0,0,0,0
chr4_87643331_C_T,0,0,0,0,0,0
chr4_87643413_C_T,0,0.2519,0.1958,0,0,0
chr4_89400460_T_A,0,0,0,0,0,0
chr4_95185854_A_G,0,0,0,0,0,0
chr4_96256734_G_A,0,0,0,0,0,0
chr4_100813252_C_T,0,0,0,0,0,0
chr4_103832541_A_T,0,0,0,0,0,0
chr4_103832544_A_C,0,0,0,0,0,0
chr4_106650486_A_G,0,0,0,0,0,0
chr4_110884242_C_A,0,0,0,0,0,0
chr4_111542526_C_G,0,0,0,0,0,0
chr4_122301369_A_G,0,0,0,0,0,0
chr4_123161362_C_G,0,0,0,0,0,0.2868
chr4_129307408_C_G,0,0,0,0.1518,0,0
chr4_138442171_C_T,0,0,0,0,0,0
chr4_146770637_G_C,0,0,0,0,0,0
chr4_153245500_C_T,0,0,0.1803,0.1587,0.2022,0.2287
chr4_155490467_A_G,0,0,0,0,0,0
chr4_156696111_G_C,0,0,0,0,0,0
chr4_170671730_T_C,0,0,0,0,0,0
chr4_189018216_C_T,0,0,0.2909,0,0,0
chr4_190876269_T_C,0,0,0,0,0,0
chr4_190878569_T_C,0,0,0,0,0,0
chr5_665280_T_C,0,0,0,0,0,0.1149
chr5_1218945_C_T,0,0,0,0,0,0
chr5_2753492_A_C,0,0,0,0,0,0
chr5_5489329_A_C,0,0,0,0,0,0
chr5_6632798_C_A,0,0.4118,0.3598,0.322,0.3031,0.4087
chr5_7520990_G_A,0,0,0.1827,0,0,0.2378
chr5_7709319_C_T,0,0,0,0,0,0.2411
chr5_31317952_T_C,0,0,0,0,0,0
chr5_37325894_T_A,0,0,0,0,0,0
chr5_38528981_G_C,0,0,0,0,0,0
chr5_39341670_G_A,0,0,0,0,0,0
chr5_45396507_G_T,0,0,0,0,0,0
chr5_53247257_C_A,0,0,0,0,0,0
chr5_68568779_C_T,0,0,0,0,0,0
chr5_75960824_G_A,0,0,0,0,0,0
chr5_76173655_T_C,0,0,0,0,0,0
chr5_76926352_A_T,0,0,0.2705,0.2756,0.3597,0.433
chr5_82648872_T_G,0,0,0,0,0,0
chr5_83549854_C_A,0,0,0,0,0,0
chr5_102203081_G_A,0,0.3462,0.3841,0,0,0.4259
chr5_109110504_A_G,0,0,0,0,0,0
chr5_112891720_C_T,0,0,0,0,0,0
chr5_131895031_A_T,0,0,0,0,0,0
chr5_140238089_C_G,0,0,0,0,0,0
chr5_140737068_C_A,0,0,0.192,0,0,0.2254
chr5_140743887_G_C,0,0,0,0,0,0
chr5_140744590_G_T,0,0,0.2625,0,0,0.1834
chr5_140870306_G_A,0,0,0,0,0,0
chr5_156741303_A_G,0,0,0,0.31,0,0.4714
chr5_176002904_C_G,0,0,0,0,0,0
chr5_176638363_C_T,0,0,0,0,0,0
chr5_176684218_C_T,0,0,0,0,0,0
chr5_176918803_C_T,0,0.3302,0.4048,0.2712,0.3029,0.4956
chr5_177482674_T_C,0,0,0,0.1206,0,0
chr5_177482676_A_G,0,0,0,0.1146,0,0
chr5_177482684_G_A,0,0,0,0.104,0,0
chr5_177482685_T_G,0,0,0,0.1039,0,0
chr5_177482698_A_C,0,0,0,0.093,0,0
chr5_177482703_C_T,0,0,0,0.0934,0,0
chr5_177674481_C_T,0,0,0.1676,0,0,0.2135
chr5_177697400_C_A,0,0.3103,0.3929,0.2463,0.2731,0.4502
chr5_178413498_G_T,0,0,0,0.2216,0,0
chr5_178634486_A_C,0,0,0,0,0,0
chr5_180219285_C_T,0,0.4245,0.4404,0.3613,0.2517,0.4242
chr6_17600958_T_A,0,0,0,0,0,0
chr6_17600972_G_A,0,0,0,0,0,0
chr6_17600974_G_A,0,0,0,0,0,0
chr6_17600978_A_G,0,0,0,0,0,0
chr6_25551095_T_G,0,0,0,0,0,0
chr6_26252318_G_C,0,0,0,0,0,0
chr6_26422389_C_T,0,0,0.6019,0,0,0
chr6_28497335_C_G,0,0.3467,0.3713,0.2811,0.3533,0.491
chr6_31322197_T_A,0,0,0,0,0,0
chr6_32487338_C_G,0,0,0,0,0,0
chr6_32487344_T_C,0,0,0,0,0,0
chr6_32498018_G_A,0,0,0,0,0,0
chr6_32498025_G_T,0,0,0,0,0,0
chr6_32498028_C_T,0,0,0,0,0,0
chr6_32498031_G_C,0,0,0,0,0,0
chr6_32498050_C_A,0,0,0,0,0,0
chr6_32498055_G_C,0,0,0,0,0,0
chr6_32552219_A_G,0,0,0,0,0,0
chr6_32609195_G_A,0,0,0,0,0,0
chr6_33560718_T_G,0,0,0,0,0,0
chr6_35211295_A_G,0,0,0,0,0,0
chr6_35477132_G_T,0,0,0,0,0,0
chr6_37336320_C_T,0,0,0,0,0,0.2391
chr6_42600698_T_C,0,0,0,0,0,0
chr6_53784276_A_T,0,0,0,0,0,0
chr6_57472286_T_A,0,0,0,0,0,0
chr6_66042254_A_G,0,0,0,0,0,0
chr6_69646558_C_T,0,0,0.2135,0.2903,0,0.2643
chr6_74521947_C_T,0,0,0,0,0,0
chr6_75818688_C_T,0,0,0,0,0,0
chr6_88321901_C_G,0,0,0,0,0,0
chr6_89808245_G_C,0,0,0,0,0,0
chr6_114383907_C_T,0,0,0.2254,0,0,0.3738
chr6_122721050_C_T,0,0,0,0,0,0
chr6_123110621_C_G,0,0,0,0,0,0
chr6_128318081_T_C,0,0,0,0,0,0
chr6_133070893_C_A,0,0,0,0,0,0
chr6_133782178_A_T,0,0,0,0,0,0
chr6_146625980_C_A,0,0,0,0,0,0
chr6_149342403_C_G,0,0,0,0,0,0
chr6_149342415_C_T,0,0,0,0,0,0
chr6_151142465_G_A,0,0,0,0,0,0
chr6_159420574_T_C,0,0,0,0,0,0.125
chr6_160210344_T_G,0,0,0,0,0,0
chr6_168376866_T_C,0,0,0,0,0,0
chr6_168376869_C_T,0,0,0,0,0,0
chr6_168479474_A_G,0,0,0,0,0,0
chr6_168479476_G_A,0,0,0,0,0,0
chr7_1528917_C_T,0,0.4556,0,0.4205,0,0.4615
chr7_4198229_G_A,0,0.1371,0,0,0,0
chr7_7622885_A_T,0,0.1684,0.2045,0.2058,0.1101,0.1423
chr7_14737626_G_A,0,0,0,0,0,0
chr7_20767873_A_G,0,0,0.5735,0,0,0
chr7_21677387_A_G,0,0,0,0,0,0
chr7_22233102_C_T,0,0.3704,0.425,0.3571,0.3818,0.4639
chr7_29126202_C_A,0,0,0.3304,0,0,0.5
chr7_35237757_T_C,0,0,0,0,0,0
chr7_35259608_T_A,0,0,0,0,0,0
chr7_36338850_G_A,0,0.2364,0.2578,0.2053,0,0.1935
chr7_44180518_G_T,0,0.6,0.6132,0.4062,0.4818,0.5581
chr7_48007308_A_T,0,0,0,0,0,0
chr7_56085112_C_A,0,0,0,0,0,0
chr7_71036172_C_A,0,0,0.52,0.3232,0,0.4928
chr7_73255555_C_T,0,0,0,0,0,0.2381
chr7_81612503_G_C,0,0,0,0,0,0
chr7_81612506_T_A,0,0,0,0,0,0
chr7_81624311_T_C,0,0,0,0,0,0
chr7_87856327_T_A,0,0,0,0,0,0
chr7_93536059_A_G,0,0,0.1411,0.1374,0,0
chr7_96639100_T_A,0,0,0,0,0,0
chr7_97984330_T_C,0,0.3055,0.2941,0.2941,0.135,0.2683
chr7_99474542_C_T,0,0.2402,0.2451,0.2264,0.1229,0.242
chr7_100074819_A_G,0,0,0,0,0,0
chr7_107703417_G_A,0,0.2716,0,0.1908,0,0.224
chr7_112102154_G_A,0,0.4505,0.3719,0.3656,0,0.5244
chr7_115590914_A_C,0,0,0,0,0,0
chr7_120907438_A_G,0,0,0,0,0,0
chr7_121682567_G_C,0,0,0,0,0,0
chr7_127253052_T_C,0,0.2793,0.187,0.2379,0,0.2043
chr7_129062777_G_C,0,0.2316,0.2489,0.2252,0.1285,0.2388
chr7_131864583_C_T,0,0.3086,0.2889,0.2242,0,0.2553
chr7_140125786_G_A,0,0,0,0,0,0.1286
chr7_142168297_A_G,0,0,0,0,0,0
chr7_142168298_C_A,0,0,0,0,0,0
chr7_142168302_G_A,0,0,0,0,0,0
chr7_142197848_A_C,0,0,0,0,0,0
chr7_142231534_C_T,0,0,0,0,0,0
chr7_142231535_C_G,0,0,0,0,0,0
chr7_142231540_T_C,0,0,0,0,0,0
chr7_142459547_C_G,0,0,0,0,0,0
chr7_142459549_T_G,0,0,0,0,0,0
chr7_142459553_G_A,0,0,0,0,0,0
chr7_142832330_C_T,0,0.2561,0.1972,0.2356,0,0
chr7_143453710_T_A,0,0,0,0,0,0
chr7_150747186_G_A,0,0.2363,0.2402,0.2237,0.1494,0.2098
chr7_150752434_C_T,0.0782,0.3672,0.3895,0.3472,0.365,0.4651
chr7_150936135_G_A,0,0,0,0,0,0
chr7_151479514_A_G,0,0,0.3429,0,0,0.3154
chr8_8559898_G_A,0,0,0,0,0,0
chr8_22472281_A_T,0,0,0,0,0,0
chr8_26365509_G_C,0,0,0.5,0.3628,0.5113,0.6087
chr8_43002071_C_T,0,0,0,0,0,0
chr8_52359761_G_C,0,0,0,0,0,0
chr8_67740858_G_C,0,0,0,0,0,0
chr8_69633667_G_A,0,0.4135,0.381,0.3429,0.3548,0
chr8_77767045_C_A,0,0,0,0,0,0
chr8_94738796_G_A,0,0,0.2787,0,0.3933,0
chr8_95680314_G_A,0,0.4667,0.5061,0.4246,0.4549,0.4369
chr8_97296263_G_A,0,0,0,0,0,0
chr8_98817560_T_G,0,0,0,0,0,0
chr8_110355790_A_T,0,0,0.5909,0,0,0
chr8_110394707_T_A,0,0,0,0,0,0
chr8_113364826_T_C,0,0,0,0,0,0
chr8_120429282_G_T,0,0,0,0,0,0
chr8_124693629_A_C,0,0,0,0,0,0
chr8_133627205_T_G,0,0,0,0,0,0
chr8_133978948_T_C,0,0,0,0,0.2756,0.2901
chr8_139158294_C_T,0,0.1435,0.1901,0.1707,0.2212,0.2559
chr8_139209963_G_A,0,0,0.4875,0.3958,0.4,0.3924
chr8_146017435_G_A,0,0.1481,0.138,0.0903,0.0927,0.1087
chr9_14120498_G_A,0,0.3503,0.4135,0.364,0.3442,0.6364
chr9_19446205_G_A,0,0,0.5522,0.4595,0.5128,0.5312
chr9_33950736_C_G,0,0,0,0,0,0
chr9_34638145_G_C,0,0.2133,0.3663,0.4247,0.3826,0.372
chr9_35704459_G_A,0,0.2807,0.3214,0.2273,0.2076,0.2384
chr9_79319619_G_T,0,0,0,0,0,0
chr9_79955142_G_C,0,0,0.4811,0,0.3909,0.4697
chr9_96383554_T_C,0,0,0,0,0,0
chr9_96383781_G_C,0,0,0,0,0,0
chr9_96383791_A_C,0,0,0,0,0,0
chr9_96383804_C_G,0,0,0,0,0,0
chr9_96383811_C_T,0,0,0,0,0,0
chr9_102590845_A_C,0,0,0,0,0,0
chr9_104323563_G_T,0,0.3696,0.5943,0.4622,0.3667,0.6087
chr9_107599688_C_T,0,0.3905,0.5049,0.4887,0.4466,0.6667
chr9_115513300_A_C,0,0,0,0,0,0
chr9_115652881_G_T,0,0,0,0,0,0
chr9_116083809_G_C,0,0.2889,0.2605,0.4078,0.2931,0.3926
chr9_118228040_T_C,0,0,0,0.6531,0,0
chr9_125437334_G_T,0,0,0,0,0,0
chr9_125437357_G_A,0,0,0,0,0,0
chr9_126143644_A_G,0,0,0,0,0,0
chr9_126429418_C_G,0,0,0,0,0,0
chr9_130922546_C_G,0,0,0,0,0,0
chr9_131295738_G_A,0,0,0,0,0,0
chr9_131303522_G_A,0,0,0,0,0,0
chr9_135073355_G_A,0,0.5,0.5676,0.4779,0.4444,0.6392
chr9_136597598_G_T,0,0,0,0,0.1984,0
chr9_139366648_G_C,0,0,0,0,0,0
chr10_1405524_C_T,0,0,0,0,0,0
chr10_6066200_C_G,0,0,0,0,0,0
chr10_11047260_A_G,0,0,0,0,0,0
chr10_13214819_T_G,0,0,0,0,0,0
chr10_17363244_G_A,0,0,0,0,0,0
chr10_17365012_T_A,0,0,0,0,0,0
chr10_17365013_T_A,0,0,0,0,0,0
chr10_17495600_G_A,0,0,0.371,0,0.2698,0.3359
chr10_26991037_A_G,0,0,0,0,0,0
chr10_26991045_T_C,0,0,0,0,0,0
chr10_27356146_C_G,0,0,0.2929,0,0,0.3894
chr10_29581468_G_C,0,0.2885,0.3218,0.2621,0.3539,0.408
chr10_30918661_A_G,0,0,0,0,0,0
chr10_30918666_T_G,0,0,0,0,0,0
chr10_33481320_C_A,0,0.236,0.302,0.21560000000000001,0.3013,0.3204
chr10_35321515_A_C,0,0,0,0,0,0
chr10_37440988_A_T,0,0,0.2768,0.3153,0,0
chr10_50373730_G_A,0,0,0,0,0.2237,0.1778
chr10_50532188_G_A,0,0,0,0,0,0
chr10_50532353_A_T,0,0,0.28,0,0,0.4095
chr10_55584781_T_C,0,0,0,0,0,0
chr10_72297628_A_C,0,0.2258,0.2374,0.2737,0.342,0.4219
chr10_73059050_G_A,0,0,0,0,0.1189,0
chr10_73500722_G_A,0,0.2633,0.2641,0.2304,0.3565,0.4067
chr10_74660059_G_C,0,0,0,0,0,0
chr10_86001267_T_C,0,0,0,0,0,0
chr10_90576656_G_A,0,0.2564,0.3521,0,0,0.3243
chr10_91487686_G_A,0,0,0,0,0,0
chr10_91497616_G_A,0,0,0,0,0,0
chr10_94413440_A_G,0,0,0,0,0.2667,0.2937
chr10_96162368_C_T,0,0,0,0,0,0
chr10_102040627_C_A,0,0,0,0,0,0
chr10_102040642_A_T,0,0,0,0,0,0
chr10_104157049_C_T,0,0.278,0.3489,0.2137,0.2215,0.3391
chr10_121541064_C_T,0,0,0,0,0,0
chr11_460303_T_C,0,0,0,0,0,0.1121
chr11_836008_T_C,0,0,0,0,0,0
chr11_993684_C_A,0,0,0,0,0,0
chr11_993694_G_A,0,0,0,0,0,0
chr11_1093128_C_T,0,0,0,0,0,0
chr11_1264169_C_T,0,0.3851,0.3964,0.3599,0.36870000000000003,0.4984
chr11_1651643_C_T,0,0.7164,0.6552,0.66,0.7208,0.7101
chr11_2444094_C_G,0,0,0,0,0,0
chr11_7614283_G_A,0,0,0,0,0,0
chr11_12495575_C_G,0,0,0,0,0,0
chr11_17554914_G_C,0,0,0,0,0,0
chr11_46958250_G_A,0,0,0,0,0,0
chr11_51412130_G_T,0,0,0.2919,0,0.2887,0.3929
chr11_55579248_C_T,0,0,0,0.1308,0,0
chr11_56128572_C_G,0,0,0,0,0,0
chr11_59830142_G_C,0,0,0,0,0,0
chr11_59949056_C_T,0,0,0,0,0.1613,0.2115
chr11_62373030_G_A,0,0,0,0,0,0
chr11_64662992_A_C,0,0,0,0,0,0
chr11_66114948_C_T,0,0.2521,0.2609,0.3133,0.2886,0.4419
chr11_66368073_G_A,0,0,0,0,0,0
chr11_66475529_C_T,0,0,0,0,0,0
chr11_66605890_A_G,0,0.3598,0.3463,0.2823,0.3056,0.3966
chr11_67431221_C_T,0,0.1829,0.3385,0.1694,0.1832,0.2074
chr11_72297091_G_A,0,0.178,0.3357,0,0,0.2182
chr11_72466020_G_A,0,0,0,0,0,0
chr11_75110680_C_T,0,0.1645,0.1877,0.1232,0.1331,0.1638
chr11_76872104_C_T,0,0.1535,0.2055,0.1344,0.1978,0.2052
chr11_86160873_C_G,0,0,0.2313,0,0,0
chr11_101815168_G_A,0,0,0,0,0,0
chr11_105965230_G_A,0,0,0,0,0,0
chr11_107224396_T_C,0,0,0,0,0,0
chr11_110134810_C_G,0,0,0,0,0,0
chr11_110135425_C_G,0,0,0,0,0,0
chr11_111782419_G_A,0,0.3933,0.4188,0.327,0.3628,0.4355
chr11_114550362_C_A,0,0,0,0,0,0
chr11_117161811_C_G,0,0,0,0,0,0
chr11_117391795_G_C,0,0,0,0,0,0
chr11_118452222_G_C,0,0,0,0,0,0
chr11_118518803_A_G,0,0.1472,0.1833,0.1506,0.1559,0.198
chr11_126299002_G_C,0,0,0,0,0,0
chr12_3310467_C_G,0,0,0.25,0,0,0
chr12_3649898_G_C,0,0,0,0.149,0.1449,0.2406
chr12_3736745_T_C,0,0,0,0,0,0.1235
chr12_6879522_C_T,0,0.25,0.375,0.2598,0.2571,0.4182
chr12_7970377_C_T,0,0,0,0,0,0
chr12_7970383_C_G,0,0,0,0,0,0
chr12_9021669_G_A,0,0,0,0,0,0
chr12_10342556_C_A,0,0,0,0,0,0
chr12_11285818_T_C,0,0,0,0,0,0
chr12_12268346_C_A,0,0,0.1869,0,0.2024,0.2426
chr12_18836243_G_A,0,0.2449,0.3978,0.2795,0,0.4655
chr12_21427503_T_C,0,0,0.1875,0,0,0
chr12_32908328_C_T,0,0,0,0,0,0
chr12_38327876_C_G,0,0,0,0,0,0
chr12_40043998_T_C,0,0,0,0,0,0
chr12_42538269_G_A,0,0,0,0,0,0
chr12_42538278_C_A,0,0,0,0,0,0
chr12_42538284_G_A,0,0,0,0,0,0
chr12_42538293_G_T,0,0,0,0,0,0
chr12_42538294_C_G,0,0,0,0,0,0
chr12_48137383_C_T,0,0.1916,0.2082,0.1661,0.1704,0.2183
chr12_48921851_T_C,0,0,0,0,0,0
chr12_52843729_G_C,0,0.1279,0.1348,0.1079,0,0.1245
chr12_53343005_G_A,0,0,0,0,0,0
chr12_53343007_G_A,0,0,0,0,0,0
chr12_54925887_A_T,0,0,0,0,0,0
chr12_57864774_C_G,0,0,0,0,0,0
chr12_57958008_C_T,0,0,0,0,0,0.2628
chr12_62778103_G_T,0,0,0,0,0,0
chr12_81331571_A_G,0,0,0,0,0,0
chr12_88477787_T_C,0,0,0,0,0,0
chr12_91348477_C_A,0,0,0,0,0,0
chr12_100480151_G_A,0,0,0,0,0,0
chr12_100957184_C_T,0,0,0.2037,0,0,0.2013
chr12_102060668_T_C,0,0,0,0,0,0
chr12_103237395_C_A,0,0,0.2783,0,0,0.4845
chr12_104131382_C_T,0,0,0,0,0,0
chr12_104131384_C_T,0,0,0,0,0,0
chr12_105260364_T_A,0,0,0,0,0,0
chr12_109700214_G_C,0,0.1761,0.2069,0.1611,0.1464,0.2541
chr12_111701596_C_T,0,0,0,0,0.1855,0
chr12_117660467_C_G,0,0,0,0,0,0
chr12_123490043_G_A,0,0,0,0,0,0.2112
chr12_124116838_G_A,0,0,0,0,0,0
chr12_124421938_G_T,0,0,0,0,0,0
chr12_130935748_C_G,0,0,0,0,0,0
chr12_130963375_G_A,0,0,0,0,0,0
chr12_132504519_C_T,0,0,0,0,0,0
chr12_132527937_C_G,0,0,0,0,0,0.2734
chr13_20025273_T_A,0,0.2738,0.3942,0.3112,0.2216,0.3608
chr13_20038516_T_A,0,0,0.3191,0,0,0
chr13_36239323_G_C,0,0,0.3689,0,0.2743,0.319
chr13_38211375_C_T,0,0,0,0,0,0
chr13_42442674_C_T,0,0,0,0,0,0
chr13_43491776_G_A,0,0,0,0,0,0
chr13_50366660_G_A,0,0,0,0,0,0
chr13_53421596_C_A,0,0,0,0,0,0
chr13_72147119_C_T,0,0,0.3139,0,0,0
chr13_78218353_C_G,0,0,0,0,0,0
chr14_20852770_G_A,0,0,0.2,0,0,0
chr14_22670957_C_T,0,0.4565,0.6364,0.5063,0.5517,0.6667
chr14_23891310_C_T,0,0,0.4935,0,0,0
chr14_24044978_A_C,0,0,0,0,0,0
chr14_35470237_A_G,0,0,0,0,0,0
chr14_64066424_T_C,0,0,0,0,0,0
chr14_64066431_C_T,0,0,0,0,0,0
chr14_64066451_A_G,0,0,0,0,0,0
chr14_74527395_C_G,0,0,0,0,0,0
chr14_74527427_A_T,0,0,0,0,0,0
chr14_75361177_C_G,0,0,0,0,0,0
chr14_88852166_G_A,0,0,0,0,0,0.1394
chr14_89258860_A_C,0,0,0,0,0,0
chr14_90397795_G_C,0,0.4507,0.433,0,0,0.5493
chr14_90744672_G_A,0,0,0,0,0,0
chr14_90745422_T_C,0,0,0,0,0,0
chr14_91123575_T_C,0,0,0,0,0,0.157
chr14_92336775_T_C,0,0,0,0,0,0
chr14_92790258_G_A,0,0.4174,0.5323,0.4454,0.3481,0.4771
chr14_92911579_G_A,0,0,0,0,0,0
chr14_92911580_G_T,0,0,0,0,0,0
chr14_94845717_C_T,0,0,0,0,0,0
chr14_96152728_T_C,0,0,0,0,0,0
chr14_96178503_G_A,0,0.5,0,0,0,0.4133
chr14_104145642_C_T,0,0,0,0,0,0
chr14_105344147_A_C,0,0,0,0,0,0
chr14_107095326_C_T,0,0,0,0,0,0
chr15_28096584_A_T,0,0.246,0.4127,0.256,0.2678,0.3926
chr15_28380801_C_T,0,0,0,0,0,0
chr15_28518228_A_G,0,0,0,0,0,0
chr15_28518234_C_T,0,0,0,0,0,0
chr15_38243144_A_G,0,0,0,0,0,0
chr15_38799930_C_T,0,0.1796,0.1422,0,0,0.1885
chr15_41100003_G_C,0,0,0,0,0.1423,0
chr15_42850501_G_T,0,0,0,0,0,0
chr15_51291218_G_A,0,0,0,0,0,0
chr15_62146639_G_T,0,0,0,0,0,0
chr15_64365101_T_C,0,0.2564,0,0,0,0
chr15_73567137_C_T,0,0,0,0,0,0
chr15_75188450_G_A,0,0.1949,0,0.1623,0.1538,0.1781
chr15_75897636_A_C,0,0,0,0,0,0
chr15_83805296_G_A,0,0,0,0,0,0
chr15_83805442_C_T,0,0,0,0,0,0
chr15_85400425_G_A,0,0.3633,0.4383,0.3138,0.3238,0.4903
chr15_89816724_G_T,0,0,0,0,0,0
chr15_90611113_G_C,0,0,0,0,0,0
chr15_100657103_C_T,0,0.2119,0.3459,0.2611,0.265,0.3425
chr15_101933610_G_C,0,0.3218,0.4016,0.3058,0.32,0.4138
chr16_3363139_G_A,0,0.141,0,0.1342,0.1652,0.1409
chr16_4755330_G_C,0,0,0,0,0,0
chr16_10841216_C_T,0,0,0,0,0,0
chr16_14702041_G_T,0,0,0,0,0,0
chr16_15675058_G_A,0,0,0,0.173,0,0
chr16_15692774_C_T,0,0.1208,0.1128,0.1261,0.131,0.2112
chr16_18856895_C_G,0,0,0,0,0,0
chr16_23478823_C_T,0,0,0,0,0,0
chr16_23492152_C_G,0,0,0,0,0,0
chr16_23701019_G_T,0,0,0,0,0,0
chr16_27356359_C_T,0,0,0,0,0,0
chr16_27501011_C_T,0,0.2675,0.4746,0.3933,0.3131,0.4595
chr16_28596129_G_A,0,0,0,0,0,0
chr16_28607232_A_G,0,0,0,0,0,0
chr16_56374758_G_T,0,0.1435,0,0.1636,0.1814,0.2198
chr16_56599119_C_T,0,0,0.2258,0,0.195,0
chr16_58528752_G_A,0,0,0,0,0,0
chr16_58528757_G_A,0,0,0,0,0,0
chr16_68398636_G_A,0,0.373,0.3557,0.2826,0.3588,0.4615
chr16_70680744_G_C,0,0,0,0,0,0
chr16_72027207_T_C,0,0,0.3736,0,0,0.3902
chr16_75513163_G_A,0,0.1429,0.0967,0.1462,0.1114,0.1842
chr16_75513175_G_A,0,0.1423,0.095,0.1556,0.1265,0.1785
chr16_75513647_G_A,0,0,0,0,0.2061,0.2215
chr16_81969912_C_G,0,0.3127,0.4032,0.2646,0.3387,0.452
chr16_89758306_G_C,0,0.1719,0,0.1483,0,0.1598
chr16_89973789_A_G,0,0,0,0,0.5968,0
chr17_131463_A_C,0,0,0,0,0,0
chr17_600586_C_G,0,0,0.2057,0.1788,0,0.2374
chr17_1715287_C_G,0,0,0,0,0,0
chr17_2139987_A_T,0,0,0,0,0,0
chr17_2139992_G_C,0,0,0,0,0,0
chr17_4846845_C_T,0,0.269,0.3684,0.3022,0.3073,0.4028
chr17_6337364_C_T,0,0.1254,0.1687,0.1205,0.15,0.2145
chr17_7576853_C_T,0,0.3333,0.3936,0.3086,0.3298,0.4104
chr17_7577058_C_A,0,0.1683,0.1945,0.1347,0.1488,0.2262
chr17_7751198_C_T,0,0,0,0,0,0
chr17_15645324_T_C,0,0.3421,0.354,0.3333,0.3228,0.4069
chr17_16335190_C_T,0,0,0,0,0,0
chr17_17718672_G_A,0,0.3684,0.4641,0.3464,0.3643,0.4759
chr17_19827734_G_A,0,0,0,0,0,0
chr17_21204236_C_A,0,0.105,0.1329,0.1076,0.128,0.1719
chr17_26890926_C_G,0,0.1347,0.1667,0.1387,0.1879,0.2218
chr17_27573853_G_A,0,0.3184,0.3033,0.2385,0.3083,0.4127
chr17_28601155_G_A,0,0,0.4167,0.2821,0.3864,0.4112
chr17_29119500_G_T,0,0,0,0,0,0
chr17_29119557_C_T,0,0,0,0,0,0
chr17_33477134_G_A,0,0.1727,0.1667,0.1525,0.1771,0.1534
chr17_33771969_T_C,0,0,0,0,0,0
chr17_34937714_C_T,0,0,0,0,0,0
chr17_37342695_G_C,0,0,0.4054,0.3704,0.369,0
chr17_37898745_C_T,0,0.4722,0.4865,0.2793,0.4554,0.3714
chr17_38479997_T_G,0,0,0,0,0,0
chr17_39925712_G_A,0,0,0,0.1231,0,0
chr17_40721130_G_A,0,0,0,0,0,0
chr17_40721480_G_A,0,0.302,0.3585,0.3143,0.3032,0.4294
chr17_42849279_C_T,0,0,0,0,0,0
chr17_42851634_G_A,0,0,0,0,0,0
chr17_43910977_A_C,0,0,0,0,0,0
chr17_45214682_A_G,0,0,0,0,0,0
chr17_45456598_C_T,0,0,0,0,0,0
chr17_60491153_G_C,0,0.2256,0.2037,0,0,0
chr17_66042665_T_C,0,0,0,0,0,0
chr17_67081682_G_A,0,0,0,0,0,0
chr17_72584746_C_T,0,0.1273,0,0.12,0.1467,0.2292
chr17_72869078_A_G,0,0,0,0,0,0
chr17_72998166_G_A,0,0.1459,0.1637,0.1555,0.108,0.2583
chr17_73914365_G_T,0,0,0.3626,0.3301,0,0
chr17_79268733_T_C,0,0,0,0,0,0
chr17_79603831_A_G,0,0,0,0,0,0
chr17_79980756_C_A,0,0,0,0,0,0
chr18_683441_G_A,0,0,0,0,0,0
chr18_7774104_T_C,0,0,0,0,0,0
chr18_7906458_T_C,0,0,0,0,0,0
chr18_8069868_C_T,0,0,0,0,0,0.1165
chr18_10714972_A_G,0,0,0,0,0,0
chr18_14124293_A_G,0,0,0,0,0,0
chr18_21338290_G_T,0,0,0.4125,0.3902,0,0
chr18_22010360_G_A,0,0,0,0,0,0
chr18_47088655_T_G,0,0,0,0,0,0
chr18_55322660_G_A,0,0.4375,0.47,0.4766,0,0.569
chr18_56601818_C_G,0,0,0,0.1362,0,0.1598
chr18_77171469_G_C,0,0,0,0,0,0
chr19_541561_G_A,0,0,0,0,0,0
chr19_571510_C_T,0,0,0,0,0.1502,0
chr19_615853_C_G,0,0.1144,0.1217,0.1295,0.1484,0.1766
chr19_727544_C_G,0,0,0,0,0,0
chr19_727550_T_C,0,0,0,0,0,0
chr19_727552_C_T,0,0,0,0,0,0
chr19_843645_A_C,0,0,0,0,0,0
chr19_1881453_A_C,0,0,0,0,0,0
chr19_2900915_G_A,0,0,0,0,0,0
chr19_2900916_A_T,0,0,0,0,0,0
chr19_2900930_C_T,0,0,0,0,0,0
chr19_8579011_T_C,0,0,0,0,0,0
chr19_9489095_G_A,0,0,0,0,0,0
chr19_10305587_C_T,0,0.2663,0.2809,0.2539,0.3281,0.4343
chr19_10426018_C_A,0,0,0,0,0,0
chr19_10467176_T_C,0,0,0.3538,0.3333,0.2627,0
chr19_10664632_A_G,0,0,0,0,0,0
chr19_10670184_C_G,0,0,0,0,0,0
chr19_10676537_C_A,0,0,0,0,0,0
chr19_11977172_C_T,0,0.3123,0.2985,0.257,0.3016,0.4042
chr19_12430112_G_A,0,0,0,0,0,0
chr19_12503538_C_G,0,0,0,0,0,0
chr19_13049393_T_G,0,0,0,0,0,0
chr19_13920051_G_A,0,0.1969,0.2184,0.1492,0.1805,0.2607
chr19_14139107_G_A,0,0.5154,0.6071,0.425,0.4867,0.5991
chr19_17438918_T_C,0,0,0,0,0,0
chr19_17643065_T_C,0,0,0,0,0,0
chr19_19035354_G_T,0,0,0,0,0,0
chr19_19035355_C_T,0,0,0,0,0,0
chr19_19681094_G_A,0,0,0,0,0,0.1245
chr19_19681609_G_A,0,0,0,0,0,0
chr19_19681684_G_C,0,0,0,0,0,0
chr19_22836288_C_T,0,0,0,0,0,0.3596
chr19_36015500_G_C,0,0.3056,0.411,0.2363,0.3235,0.4294
chr19_37854235_G_C,0,0.3056,0.2725,0.2546,0.2332,0.3623
chr19_40276562_C_A,0,0,0,0,0,0
chr19_40405997_T_C,0,0,0,0,0,0
chr19_40405999_C_A,0,0,0,0,0,0
chr19_41932138_G_A,0,0.3294,0.3156,0.2996,0.2633,0.4157
chr19_44284761_A_C,0,0,0,0,0,0
chr19_44636694_C_G,0,0.2383,0.3874,0.3015,0.2526,0.3369
chr19_46347229_G_A,0,0,0,0,0,0
chr19_47763709_G_A,0,0.2131,0.3148,0.257,0.2332,0.3721
chr19_48665599_G_A,0,0,0.1416,0,0,0
chr19_48893838_C_G,0,0,0,0,0,0
chr19_48893842_C_G,0,0,0,0,0,0
chr19_49216695_C_G,0,0.2561,0.3041,0.2102,0.2865,0.2798
chr19_49963003_G_A,0,0.1294,0.1027,0.1296,0.1119,0.1393
chr19_49963018_G_T,0,0.1188,0.1028,0.1217,0.1108,0.1371
chr19_50727294_A_C,0,0,0,0,0,0
chr19_51294003_T_G,0,0,0,0,0,0
chr19_51986386_C_G,0,0.1672,0,0.1579,0.1488,0.165
chr19_52659726_G_C,0,0.2727,0.2647,0.2549,0,0.3893
chr19_54220031_C_A,0,0,0,0,0,0
chr19_58512566_C_A,0,0,0,0,0,0
chr19_58579451_G_C,0,0,0.1885,0,0,0.1991
chr20_398325_C_G,0,0,0,0,0,0
chr20_3600348_G_C,0,0,0,0,0,0
chr20_3888894_G_C,0,0.2348,0,0.2349,0.2628,0.3103
chr20_5086879_G_A,0,0.2678,0.3185,0.1886,0.2959,0.216
chr20_5903355_G_C,0,0.2216,0.221,0.1944,0.2533,0.3482
chr20_15918172_A_T,0,0.3676,0.3425,0.2228,0.2667,0.2278
chr20_30598353_T_G,0,0,0,0,0,0
chr20_31973434_G_C,0,0.3906,0.3673,0.2533,0.3043,0.3796
chr20_32934399_T_C,0,0,0,0,0,0
chr20_33590096_A_G,0,0,0,0,0,0
chr20_33839763_C_T,0,0.178,0.1653,0.1448,0.168,0.1889
chr20_37270532_C_T,0,0.2113,0.3011,0.2181,0.1905,0.3216
chr20_37546998_G_T,0,0.1943,0.3228,0.2014,0.2671,0.2871
chr20_40747118_C_A,0,0.1929,0.249,0.2788,0.2703,0.2798
chr20_44639076_C_G,0,0,0.2978,0.2337,0.2539,0.4023
chr20_46301178_T_C,0,0,0,0,0,0
chr20_48130724_G_A,0,0,0.3464,0,0,0.3538
chr20_57480401_C_G,0,0,0.3311,0.2714,0,0.3944
chr20_60991345_A_G,0,0,0,0,0,0
chr20_62202212_G_A,0,0.4488,0.3429,0.2319,0.2624,0.3631
chr21_10970056_C_G,0,0,0.1729,0,0,0
chr21_30357126_G_A,0,0.2782,0.2642,0.2517,0.2752,0.35
chr21_33733463_G_A,0,0,0,0,0,0
chr21_37443164_T_G,0,0,0,0,0,0
chr21_40685302_C_G,0,0,0,0,0,0
chr21_44303443_C_A,0,0,0,0,0,0
chr22_19951207_C_G,0,0,0,0,0,0.1008
chr22_21384579_G_A,0,0.3228,0.4306,0.3311,0.3307,0.5161
chr22_22730566_G_C,0,0,0,0,0,0
chr22_25747878_G_C,0,0.1925,0.2175,0.1111,0.157,0.2043
chr22_26346494_G_A,0,0,0,0,0,0
chr22_28395364_C_T,0,0,0,0,0,0
chr22_29664456_A_C,0,0,0,0,0,0
chr22_29837537_T_C,0,0,0,0,0,0
chr22_29885618_T_A,0,0,0,0.1563,0,0
chr22_30069351_G_C,0,0.4173,0.5106,0.3382,0.3957,0.4699
chr22_30951693_G_A,0,0.4905,0.4453,0.4062,0.3811,0.5451
chr22_31496868_C_T,0,0.4133,0.5867,0.4019,0.4146,0.675
chr22_36691482_T_G,0,0,0,0,0,0
chr22_36744888_C_G,0,0,0,0,0,0
chr22_36744890_C_T,0,0,0,0,0,0
chr22_38477930_G_A,0,0,0,0,0,0.14
chr22_38503968_C_T,0,0,0,0,0,0
chr22_38503972_C_T,0,0,0,0,0,0
chr22_42904939_C_T,0,0,0,0,0,0
chr22_43570463_A_G,0,0,0,0,0,0
chr22_43570659_A_C,0,0,0,0,0,0
chr22_45255527_A_C,0,0,0,0,0,0
chr22_45255580_G_C,0,0,0,0,0,0
chr22_50530651_G_A,0,0,0,0,0,0
chr22_50530657_G_C,0,0,0,0,0,0
chr22_50961515_G_A,0,0.3978,0.4236,0.2969,0.352,0.4578
chr22_50961843_G_C,0,0,0,0,0,0.7045
chr22_50962091_G_A,0,0.4023,0.4494,0.3476,0.3723,0.4785
chr22_50962652_G_A,0,0,0,0,0,0
chr22_50962825_G_C,0,0,0,0,0,0
chrX_1464220_C_G,0,0.3563,0.5425,0.3128,0.3625,0.5042
chrX_3239545_C_T,0,0,0,0,0,0
chrX_9621777_G_T,0,0,0,0,0.32,0
chrX_16737984_G_C,0,0,0,0,0,0
chrX_23685964_T_C,0,0,0,0,0,0
chrX_44950082_C_G,0,0.4925,0.6788,0.5691,0.451,0.6555
chrX_45606331_T_A,0,0,0,0,0,0
chrX_47485679_C_A,0,0,0.6413,0.449,0.5,0.6857
chrX_52654037_C_T,0,0.2277,0.3203,0.285,0.231,0.3187
chrX_54948633_C_T,0,0,0.5786,0.5221,0.5259,0.656
chrX_57313168_A_C,0,0,0,0,0,0
chrX_69607181_G_A,0,0,0,0,0,0
chrX_70767673_A_C,0,0,0,0,0,0
chrX_74517289_G_T,0,0.4533,0.6047,0,0.4444,0.5833
chrX_100912572_C_T,0,0,0,0,0,0
chrX_104440188_C_G,0,0,0,0.25,0.2979,0.3534
chrX_109697286_A_C,0,0,0,0,0,0
chrX_111155476_G_A,0,0,0,0,0,0
chrX_119742219_C_G,0,0,0,0,0,0
chrX_125685252_C_A,0,0.5294,0.5816,0.5427,0.3952,0.6667
chrX_135487978_C_T,0,0,0,0,0,0
chrX_150156310_G_A,0,0.6118,0.4478,0.5476,0.4828,0.6338
chrX_151142982_G_T,0,0,0,0,0,0
chrX_151908918_A_G,0,0.3046,0.2778,0.3019,0.2959,0.2958
chrX_153695846_G_T,0,0,0,0,0,0
chrX_153695867_G_A,0,0,0,0,0,0
chrX_153696010_G_A,0,0,0,0,0.2378,0
chr1_183913511_TTATTAGATAAATAAG_T,0,0,0,0,0,0
chr1_217974971_TGTACTATA_T,0,0,0,0,0,0
chr1_220823878_TCTCAAAGTCAGCTTAAATACATTTCTTTGG_T,0,0,0,0,0,0
chr1_223981056_TAGCAGTAA_T,0,0,0.3571,0.46,0,0.5781
chr1_223981082_TC_T,0,0,0,0.3276,0,0.481
chr1_224321754_TTTA_T,0,0,0,0,0,0
chr1_234742799_GAT_G,0,0,0,0,0,0
chr1_245318785_AC_A,0,0.4961,0.5884,0.5,0.4047,0.5947
chr1_245318786_CG_C,0,0.4805,0.5667,0.4913,0.402,0.5954
chr1_245318790_GT_G,0,0.4803,0.5593,0.4838,0.4056,0.583
chr2_39563949_TATGGTAACATTTCAG_T,0,0,0,0,0,0
chr2_152695948_CATGTAAATGT_C,0,0,0,0,0,0
chr2_165949085_ATAATGCAG_A,0,0,0,0,0,0
chr2_215842924_TTTGAATTTAGAATGAAACTTTAGAG_T,0,0,0,0,0,0
chr3_138025007_GTTGAAAGGT_G,0,0,0,0,0,0
chr4_170506771_AATAGTTCTTTTCCTACCAAT_A,0,0,0,0,0,0
chr5_68696039_A_ATTTATTTT,0,0,0,0,0,0
chr5_96341750_T_TA,0,0,0,0,0,0
chr7_40229112_AAT_A,0,0,0,0,0,0
chr7_86541614_ACTAAAATGTGTTTG_A,0,0,0,0,0,0
chr7_102665737_AGACACAAAGCACAGTGCTT_A,0,0,0,0,0,0
chr8_27678251_CAAACTAAT_C,0,0,0,0,0,0
chr8_42214633_TAAGGAGATTTAAATTTTAC_T,0,0,0,0,0,0
chr9_79842990_TTA_T,0,0,0,0,0,0
chr9_94987114_C_CAAAAAAT,0,0,0,0,0,0
chr9_95820941_ACCCAGGCCCAGG_A,0,0,0,0,0,0
chr9_116112065_GC_G,0,0,0,0,0,0
chr11_117214798_A_AGTAAGAGAGAT,0,0,0,0,0,0
chr12_51632721_G_GCA,0,0.2811,0.3496,0.2559,0.2798,0.3599
chr12_51632722_C_CAA,0,0.2822,0.3526,0.2606,0.2826,0.3623
chr12_51632723_A_AAG,0,0.2776,0.3503,0.2582,0.2821,0.3539
chr12_95546523_AG_A,0,0,0.3113,0,0,0
chr14_59480968_TCTCAGTAAG_T,0,0,0,0,0,0
chr14_77934601_CTA_C,0,0,0,0,0,0
chr15_50926523_AAAAT_A,0,0,0,0,0,0
chr16_74120849_GAT_G,0,0,0,0,0,0
chr17_19317020_TC_T,0,0.3178,0.3071,0.2053,0.3034,0.4091
chr17_31038953_TTTTAAGAACTTAAAAGCAAAATC_T,0,0,0,0,0,0
chr18_67753930_TAAAAAAAAAAAAAAAAA_T,0,0,0,0,0,0
chr19_18717389_GAGC_G,0,0,0,0,0,0
chr22_50687655_A_AG,0,0,0,0,0,0
chr22_51169409_AGGTGCGCTTCGT_A,0,0,0,0,0,0
chrX_41070012_T_TA,0,0,0,0,0,0
chrX_53629649_AAT_A,0,0,0,0,0,0
chrX_70783166_A_AT,0,0,0.4559,0,0,0
