mut_id,1C,2C,3C,4C
chr1_1309474_C_T,0.111111111,0,0,0
chr1_37267503_G_A,0.254901961,0.367647059,0.12,0
chr1_52231644_G_A,0.481481481,0.545454545,0.466666667,0.360544218
chr1_103544219_G_A,0.166666667,0,0,0
chr1_111957546_G_A,0.303030303,0.234042553,0,0
chr1_116234063_T_C,0.225,0,0,0
chr1_145473766_C_A,0.142857143,0,0,0
chr1_182922213_G_A,0.391304348,0.36,0.37037037,0.5
chr1_220179511_C_A,0.065420561,0,0,0
chr1_242264075_C_A,0.23255814,0.142857143,0.097826087,0
chr2_1544469_C_T,0.111111111,0.320754717,0.1,0
chr2_31133844_C_T,0.127659574,0.240740741,0.316455696,0
chr2_65455026_C_T,0.722222222,0.578947368,0.413793103,0.783783784
chr2_71887761_G_A,0.176470588,0.233333333,0.133333333,0
chr2_113820177_G_C,0.705882353,0.458333333,0.196428571,0
chr2_158115700_C_A,0.127906977,0,0,0
chr2_180383268_C_T,0.647058824,0.405405405,0.416666667,0.753424658
chr2_196915950_C_A,0.263157895,0.170731707,0,0
chr2_207482360_C_T,0.24,0.23943662,0.105769231,0
chr2_210685354_G_A,0.75,0.565217391,0.428571429,0.818181818
chr3_9991506_C_A,0.081395349,0,0,0
chr3_13655643_C_T,0.229166667,0.218181818,0.133333333,0
chr3_97596831_A_C,0.170212766,0,0,0
chr3_121208770_G_C,0.314606742,0,0,0
chr3_124456667_A_T,0.101265823,0,0,0
chr3_130437375_G_A,0.561403509,0.490740741,0.226027397,0
chr3_155199945_C_T,0.229885057,0.231884058,0.106796117,0
chr3_157099096_T_C,0.159090909,0,0,0
chr4_155665959_T_A,0.333333333,0.273809524,0,0
chr4_184203951_T_C,0.056074766,0,0,0
chr5_52361707_C_T,0.111111111,0,0,0
chr5_67591292_G_A,0.828947368,0.797979798,0.159090909,0
chr5_70797394_C_T,0.2,0,0,0
chr5_112116592_C_T,0.8,0.731481481,0.438888889,0.371584699
chr5_140228198_G_A,0.2,0.315789474,0.138888889,0
chr5_140562218_C_T,0.8125,0.772727273,0.214285714,0
chr5_141041748_G_A,0.326530612,0,0,0
chr5_150846762_G_A,0.153846154,0.454545455,0,0
chr6_28497370_C_T,0.447368421,0.558333333,0.288461538,0.239130435
chr6_35047412_C_T,0.094339623,0,0,0
chr6_132793428_C_T,0.111111111,0,0,0
chr6_138559683_G_A,0.427083333,0.470588235,0.406666667,0.339181287
chr6_138640869_C_T,0.470588235,0.432432432,0.590163934,0.584415584
chr6_150184696_G_T,0.529411765,0.352941176,0.333333333,0.304347826
chr6_152466669_G_C,0.174603175,0,0,0
chr6_152652266_G_A,0.471544715,0.34939759,0.463157895,0.557603687
chr7_27147874_G_A,0.181818182,0,0,0
chr7_48964337_C_T,0.415584416,0.525773196,0.310344828,0.329113924
chr7_70886032_C_T,0.103448276,0,0,0
chr7_72040661_C_T,0.291139241,0,0,0
chr7_77552079_A_C,0.25,0,0,0
chr7_96635708_C_T,0.368421053,0.380952381,0,0
chr7_100634019_A_G,0.107843137,0,0,0
chr7_134800276_T_A,0.289855072,0.506329114,0.066037736,0
chr7_141896569_G_A,0.107142857,0,0,0
chr8_2855613_G_A,0.647619048,0.7,0.20754717,0
chr8_10583854_G_A,0.458333333,0.230769231,0.3,0
chr8_33246482_T_A,0.214285714,0.205479452,0,0
chr8_113697881_T_A,0.055555556,0,0,0
chr8_139703109_G_A,0.14754098399999999,0.198113208,0.057553957,0
chr9_5629451_C_T,0.291666667,0.441176471,0.351351351,0.305084746
chr9_18622304_G_A,0.48,0.414285714,0.363636364,0.451612903
chr9_80919799_G_T,0.523809524,0.277777778,0.454545455,0.315789474
chr9_84532817_A_G,0.42,0.474358974,0.086956522,0
chr9_99580902_T_G,0.378787879,0.528455285,0.40397351,0.417840376
chr9_110249871_G_A,0.173076923,0,0,0
chr9_133495759_C_G,0.110429448,0,0,0
chr10_48389818_A_C,0.238095238,0,0,0
chr10_62634756_C_T,0.114942529,0,0,0
chr11_6737870_C_T,0.118811881,0,0,0
chr11_17518352_G_A,0.484848485,0.266666667,0,0
chr11_27528433_C_A,0.277777778,0.318181818,0.342105263,0.317073171
chr11_65789030_C_T,0.120689655,0,0,0
chr11_69062810_T_A,0.533333333,0.527777778,0.181818182,0
chr11_85420401_G_A,0.053097345,0,0,0
chr11_93553970_G_A,0.100671141,0,0,0
chr11_94189475_T_C,0.13559322,0,0,0
chr12_12037468_A_G,0.156862745,0,0,0
chr12_47629094_G_A,0.8125,0.588709677,0.191176471,0
chr13_23913673_T_C,0.166666667,0.183168317,0.068965517,0
chr13_52396203_G_A,0.421052632,0.270967742,0.504,0.264705882
chr14_31642960_C_T,0.203703704,0,0,0
chr14_50735882_G_A,0.234375,0.293103448,0.063291139,0
chr14_94046587_C_A,0.235955056,0.283950617,0.388349515,0.515151515
chr14_100118974_C_T,0.581395349,0.574468085,0.186046512,0
chr15_22369069_G_A,0.144186047,0.1625,0,0
chr15_79586267_C_A,0.871428571,0.734375,0.367346939,0.388429752
chr15_84324528_G_A,0.816326531,0.636363636,0.368932039,0.342857143
chr16_836033_G_A,0.428571429,0.1875,0,0
chr16_2812283_G_A,0.191176471,0,0,0
chr16_3706703_G_A,0.523809524,0.486486486,0.461538462,0.384615385
chr17_7578203_C_T,0.8125,0.6,0.333333333,0
chr17_27085322_C_T,0.517241379,0.525641026,0.346534653,0.288
chr17_79514221_G_A,0.097560976,0,0,0
chr19_9929404_C_T,0.379310345,0.475409836,0.407407407,0.323529412
chr19_12296651_G_T,0.49382716,0.384615385,0.34375,0.45
chr19_19625464_G_A,0.481481481,0.279069767,0.444444444,0.423076923
chr19_36050878_G_A,0.38028169,0.384615385,0.424242424,0.401574803
chr19_38229313_C_G,0.458333333,0.64,0.142857143,0
chr19_44933209_G_A,0.129411765,0,0,0
chr19_49999680_G_A,0.4,0.490909091,0.406779661,0.430555556
chr19_54259885_G_A,0.3875,0.477272727,0.356435644,0.454545455
chr19_58850731_C_T,0.435897436,0.414634146,0.34,0.365384615
chr20_5903241_G_T,0.120879121,0.153846154,0.093023256,0
chr20_8608983_C_T,0.465517241,0.4375,0.436893204,0.409638554
chr20_21328985_C_A,0.098039216,0,0,0
chr20_23029291_G_T,0.25,0.358490566,0.094202899,0
chr20_50007937_G_A,0.486486486,0.382352941,0.259259259,0.214285714
chr22_36744949_G_A,0.186046512,0,0,0
chr22_38201556_C_T,0.235294118,0.521126761,0.487804878,0.417582418
chr22_39263205_G_A,0.2,0.34375,0,0
chrX_1551187_C_A,0.482758621,0.529411765,0,0.264150943
chrX_32407759_T_C,0.236363636,0,0,0
chrX_32613957_C_A,0.083769634,0,0,0
chrX_53461340_G_A,0.642857143,0.509803922,0.126984127,0
chrX_55479097_C_T,0.075,0,0,0
chrX_70518607_G_A,0.3875,0.493506494,0.064516129,0
chrX_70518608_C_A,0.384615385,0.493333333,0.066666667,0
chrX_102192846_C_T,0.123076923,0,0,0
chrX_110970951_T_A,0.427419355,0.538461538,0.146853147,0
chrX_118699169_C_T,0.636363636,0.590909091,0.181818182,0
chrX_119007332_A_G,0.191176471,0.235714286,0,0
chrX_128927014_T_A,0.347222222,0.539325843,0.092105263,0
chrX_129318424_C_A,0.475609756,0.537313433,0.116883117,0
chrX_136113148_A_C,0.197674419,0.204545455,0,0
chrX_142716329_A_T,0.3,0.380952381,0,0
chrX_151815489_C_T,0.448598131,0.262626263,0.671232877,0.529644269
chrX_153588514_G_C,0.416666667,0.442307692,0,0.242424242
chrX_153609454_G_A,0.555555556,0.561643836,0.064935065,0.23655914
chrX_153663505_G_A,0.090163934,0,0,0
chrX_154774866_C_T,0.488888889,0.509433962,0,0
chr1_233514788_AG_-,0.739726027,0.414414414,0.107142857,0
chr11_122968549_AG_-,0.255813953,0.275,0,0
chr20_32251385_CAACGCTGGG_-,0.145833333,0,0,0
chr11_6913545_-_A,0.157894737,0,0,0
chr22_50943867_-_CCTCCAGG,0.352941176,0.208333333,0,0.297297297
chr1_11129748_C_T,0,0.205128205,0,0
chr1_12445351_T_G,0,0.204379562,0,0
chr1_97271982_C_T,0,0.336065574,0,0
chr1_109815464_C_T,0,0.2,0,0
chr1_111061007_G_A,0,0.058252427,0,0
chr1_209905782_G_A,0,0.246031746,0,0
chr2_44457588_A_T,0,0.285714286,0,0
chr2_65243616_C_T,0,0.112781955,0,0
chr2_70408309_T_C,0,0.238636364,0,0
chr2_121104171_G_T,0,0.166666667,0.25,0
chr2_163130398_G_A,0,0.169811321,0,0
chr2_219689276_G_A,0,0.180555556,0,0
chr3_13860466_C_T,0,0.275,0,0
chr3_52433792_G_T,0,0.266666667,0,0
chr3_93845313_A_G,0,0.06,0,0
chr3_112991379_T_C,0,0.151162791,0,0
chr3_119301235_C_T,0,0.296296296,0,0
chr3_178921553_T_A,0,0.175,0,0
chr4_69817584_T_A,0,0.291666667,0,0
chr4_77305485_T_A,0,0.060810811,0,0
chr4_90830509_G_T,0,0.126760563,0,0
chr4_126240027_G_T,0,0.193939394,0,0
chr4_126369848_G_A,0,0.113475177,0,0
chr4_156841045_G_A,0,0.255319149,0,0
chr4_167833857_C_T,0,0.2,0,0
chr4_170679119_A_G,0,0.21875,0,0
chr5_57752909_G_A,0,0.315068493,0,0
chr5_66426147_C_T,0,0.238095238,0,0
chr5_138994469_T_C,0,0.485294118,0,0
chr5_154395012_C_T,0,0.341772152,0,0
chr6_31917314_A_T,0,0.074766355,0,0
chr6_44280834_T_C,0,0.327868852,0,0
chr6_46424540_C_T,0,0.214285714,0,0
chr6_51947994_T_C,0,0.087179487,0,0
chr6_96990875_C_T,0,0.163265306,0,0
chr6_99283833_G_A,0,0.17699115,0,0
chr6_116446507_C_T,0,0.099009901,0,0
chr6_123124927_G_T,0,0.129310345,0,0
chr6_126080948_A_C,0,0.277777778,0,0
chr6_159208218_G_C,0,0.137931034,0,0
chr6_159653260_C_T,0,0.183333333,0,0
chr6_165703400_G_T,0,0.215909091,0,0
chr7_34977672_C_T,0,0.126582278,0,0
chr7_50467989_C_T,0,0.097345133,0,0
chr7_128120734_A_G,0,0.111111111,0,0
chr7_140273661_A_C,0,0.219512195,0,0
chr7_154143299_G_C,0,0.104651163,0,0
chr7_154752662_G_A,0,0.260504202,0,0
chr8_2065733_G_T,0,0.106122449,0,0
chr8_39836646_G_T,0,0.075268817,0,0
chr8_51362235_C_A,0,0.153846154,0,0
chr8_103297491_G_A,0,0.136690647,0,0
chr8_124664657_G_A,0,0.058823529,0,0
chr8_146171504_C_T,0,0.384615385,0,0
chr9_14770666_C_T,0,0.291666667,0,0
chr9_18574231_A_G,0,0.194736842,0,0
chr9_79229392_G_A,0,0.063380282,0,0
chr9_90321522_G_A,0,0.114942529,0,0
chr9_119065126_C_T,0,0.159090909,0,0
chr9_137623428_C_T,0,0.164179104,0,0
chr10_104852921_C_T,0,0.079646018,0,0
chr10_115411639_G_A,0,0.37037037,0,0
chr11_50003096_C_T,0,0.303571429,0,0
chr11_56510879_G_T,0,0.117647059,0,0
chr11_71208560_C_T,0,0.16,0,0
chr12_6184680_G_A,0,0.214285714,0.096774194,0
chr12_18852802_G_C,0,0.166666667,0,0
chr12_22354786_A_C,0,0.290697674,0.103092784,0
chr12_56506620_C_T,0,0.179487179,0,0
chr12_58197057_G_A,0,0.295774648,0.428571429,0.42
chr12_99020068_T_C,0,0.216,0,0
chr12_104144399_G_T,0,0.191489362,0,0
chr12_107237705_C_T,0,0.191919192,0,0
chr12_111757856_C_T,0,0.290322581,0,0
chr12_120941306_T_C,0,0.363636364,0.243243243,0.395348837
chr12_123060132_G_A,0,0.276595745,0.281690141,0.507042254
chr13_25483960_T_C,0,0.185185185,0,0
chr14_23504007_C_A,0,0.13559322,0,0
chr14_29237879_C_T,0,0.14754098399999999,0,0
chr14_95786099_G_C,0,0.288461538,0.129032258,0
chr15_30012186_G_A,0,0.452830189,0,0
chr15_62202424_G_C,0,0.056737589,0,0
chr16_2052356_G_A,0,0.276923077,0,0
chr16_2569774_A_G,0,0.256410256,0,0
chr16_23647599_C_A,0,0.234042553,0,0
chr16_51174641_G_A,0,0.136842105,0,0
chr16_69965726_G_A,0,0.077586207,0,0
chr17_11806178_G_A,0,0.333333333,0.275,0
chr17_27086750_C_T,0,0.107142857,0,0
chr17_42478556_T_A,0,0.235294118,0,0
chr19_21606915_A_G,0,0.095238095,0,0
chr19_21606919_G_A,0,0.087378641,0,0
chr20_7921027_C_T,0,0.16,0,0
chr20_13260457_C_T,0,0.188034188,0,0
chr22_19029440_C_T,0,0.475,0,0
chr22_24038862_G_A,0,0.65,0.333333333,0.428571429
chr22_40718966_G_A,0,0.225806452,0,0
chrX_27481342_G_A,0,0.188679245,0,0
chrX_49099621_T_A,0,0.158333333,0,0
chrX_79942369_G_T,0,0.230215827,0,0
chrX_103268122_G_T,0,0.119266055,0,0
chrX_148615813_C_T,0,0.307692308,0,0
chrX_149898620_C_G,0,0.25,0.073825503,0
chrX_153039331_C_T,0,0.30952381,0,0
chr2_18745074_T_-,0,0.264150943,0,0
chr8_30889361_T_-,0,0.201342282,0,0
chr12_56641915_G_-,0,0.283018868,0.089285714,0
chr1_84394821_T_A,0,0,0.123076923,0
chr1_230461131_A_G,0,0,0.122807018,0
chr1_241262054_G_A,0,0,0.215789474,0.436046512
chr2_54093358_C_T,0,0,0.25,0.068027211
chr2_71160067_G_A,0,0,0.209302326,0.804878049
chr2_105859309_C_T,0,0,0.277419355,0.102040816
chr2_166179786_C_A,0,0,0.106870229,0
chr2_166894502_C_A,0,0,0.054794521,0
chr2_179468710_C_T,0,0,0.132743363,0
chr2_179606504_C_G,0,0,0.057377049,0
chr2_219000217_C_T,0,0,0.236842105,0
chr2_234581394_A_C,0,0,0.105454545,0
chr2_238283160_G_A,0,0,0.195876289,0
chr3_39227929_G_A,0,0,0.095890411,0
chr3_49200950_G_T,0,0,0.214285714,0.37755102
chr3_147130343_C_T,0,0,0.105882353,0
chr4_10099394_C_T,0,0,0.160714286,0
chr4_23831183_G_C,0,0,0.090277778,0
chr4_30724428_G_A,0,0,0.315789474,0.408
chr4_76726335_A_C,0,0,0.147727273,0
chr4_134073219_C_T,0,0,0.179775281,0
chr5_163336_C_T,0,0,0.108695652,0.433333333
chr5_64859260_G_A,0,0,0.170454545,0
chr5_112175358_C_A,0,0,0.188235294,0.385542169
chr5_137593355_C_T,0,0,0.21875,0.216216216
chr5_140203220_G_A,0,0,0.216666667,0
chr5_140230364_G_A,0,0,0.127906977,0
chr5_140736873_C_T,0,0,0.204819277,0
chr5_140751057_G_A,0,0,0.067114094,0
chr5_140774113_C_T,0,0,0.155555556,0
chr5_150914137_G_A,0,0,0.381818182,0
chr5_158267068_G_A,0,0,0.279503106,0.410071942
chr5_161531011_G_A,0,0,0.2,0.424731183
chr6_24873185_T_A,0,0,0.083333333,0
chr6_32190324_C_T,0,0,0.179487179,0
chr6_33048555_C_T,0,0,0.101910828,0
chr6_56336892_T_A,0,0,0.200934579,0
chr6_74468739_C_A,0,0,0.215189873,0.321917808
chr6_131215528_C_T,0,0,0.087912088,0
chr6_159461843_G_A,0,0,0.092307692,0
chr7_18788666_G_A,0,0,0.236842105,0
chr7_27934969_C_T,0,0,0.169014085,0.277108434
chr7_30721591_C_T,0,0,0.057971014,0
chr7_31617897_C_G,0,0,0.071428571,0
chr7_38726309_C_T,0,0,0.19047619,0.2125
chr7_45115559_C_T,0,0,0.175,0.232323232
chr7_127991802_C_A,0,0,0.307692308,0.357142857
chr7_150164028_G_A,0,0,0.171232877,0.3
chr7_155503925_C_A,0,0,0.142857143,0
chr8_29194618_G_C,0,0,0.396694215,0.561151079
chr9_116356498_G_A,0,0,0.314285714,0.397727273
chr9_127781174_G_T,0,0,0.055555556,0
chr9_135187147_C_A,0,0,0.333333333,0.46
chr9_138555160_C_T,0,0,0.234042553,0.396226415
chr9_139326958_C_T,0,0,0.142857143,0
chr10_20357163_C_A,0,0,0.265486726,0.659340659
chr10_28030417_C_T,0,0,0.270833333,0.52
chr10_32132457_G_A,0,0,0.06504065,0
chr10_44053413_G_A,0,0,0.060150376,0
chr10_72358478_G_A,0,0,0.119402985,0
chr10_100016620_C_T,0,0,0.209677419,0.483516484
chr10_127349628_G_A,0,0,0.275862069,0.427272727
chr10_129537186_G_A,0,0,0.228571429,0
chr11_1018370_G_A,0,0,0.212765957,0.327272727
chr11_48267363_C_T,0,0,0.289156627,0.438202247
chr11_78369475_G_A,0,0,0.290322581,0.386138614
chr11_113644362_C_A,0,0,0.235294118,0
chr11_114569243_C_A,0,0,0.318584071,0.424528302
chr11_118768442_A_G,0,0,0.170731707,0.267857143
chr12_4920539_C_T,0,0,0.144736842,0
chr12_56396469_G_A,0,0,0.264150943,0.385964912
chr12_56428753_C_T,0,0,0.085714286,0
chr12_57865824_T_A,0,0,0.111111111,0
chr12_80936631_G_A,0,0,0.162790698,0
chr12_85267106_A_T,0,0,0.101382488,0
chr13_23913138_C_A,0,0,0.203463203,0.3125
chr13_111642466_G_T,0,0,0.120689655,0
chr13_113052453_G_A,0,0,0.207729469,0.275555556
chr14_35872986_G_T,0,0,0.214285714,0
chr14_73712366_G_A,0,0,0.389830508,0.489795918
chr14_101201238_C_T,0,0,0.274193548,0.587628866
chr14_101439032_G_A,0,0,0.252688172,0.56097561
chr14_105415272_G_A,0,0,0.063157895,0.085365854
chr15_29346528_G_A,0,0,0.452830189,0.444444444
chr15_75499953_G_A,0,0,0.32967033,0.485714286
chr16_64981942_T_A,0,0,0.094202899,0
chr16_64981943_C_A,0,0,0.094890511,0
chr16_74372399_A_T,0,0,0.174107143,0.179824561
chr16_84808795_A_C,0,0,0.096296296,0
chr17_7577106_G_C,0,0,0.473684211,0.68
chr17_60005442_G_T,0,0,0.333333333,0
chr17_74073636_C_T,0,0,0.263157895,0.333333333
chr18_21422676_G_A,0,0,0.243902439,0
chr19_1418726_G_A,0,0,0.126760563,0
chr19_7806539_G_A,0,0,0.163043478,0
chr19_11891641_A_G,0,0,0.232258065,0.442857143
chr19_12461221_C_T,0,0,0.090452261,0
chr19_21366255_G_T,0,0,0.169354839,0
chr19_36252967_G_A,0,0,0.107526882,0
chr19_38817406_C_T,0,0,0.074380165,0
chr19_49184015_G_A,0,0,0.315789474,0.361702128
chr19_51128667_G_A,0,0,0.327586207,0.352941176
chr19_51217153_T_C,0,0,0.292682927,0.423076923
chr19_55698912_G_A,0,0,0.279569892,0.377777778
chr19_56388509_G_A,0,0,0.202247191,0.314814815
chr19_57866681_G_T,0,0,0.378378378,0.333333333
chr20_3026332_A_G,0,0,0.194444444,0
chr20_10620325_C_T,0,0,0.112627986,0
chr21_38114069_G_A,0,0,0.268292683,0.46875
chrX_23411779_C_A,0,0,0.051094891,0
chrX_110492215_T_A,0,0,0.103174603,0
chrX_114425268_C_T,0,0,0.245762712,0
chrX_148072809_C_T,0,0,0.14084507,0
chrX_155003589_G_A,0,0,0.615384615,0.572815534
chr12_122691142_C_-,0,0,0.058252427,0
chr2_170336104_-_T,0,0,0.08045977,0
chr3_32778968_-_T,0,0,0.133333333,0
chr11_68153992_-_AC,0,0,0.283018868,0.344262295
chr11_107325227_-_T,0,0,0.238636364,0
chr14_24040435_-_C,0,0,0.230769231,0.142857143
chr1_11907424_G_A,0,0,0,0.435294118
chr1_173780412_G_T,0,0,0,0.393939394
chr1_236195702_G_A,0,0,0,0.333333333
chr1_246021942_G_A,0,0,0,0.21978022
chr2_224782718_C_T,0,0,0,0.651315789
chr3_142548632_A_C,0,0,0,0.41509434
chr4_26483700_G_A,0,0,0,0.092592593
chr4_174312492_C_T,0,0,0,0.376470588
chr5_145890222_A_G,0,0,0,0.239130435
chr5_179301972_C_T,0,0,0,0.096774194
chr6_33381868_G_A,0,0,0,0.333333333
chr6_159420907_T_A,0,0,0,0.205128205
chr6_166580991_G_A,0,0,0,0.161764706
chr7_4308266_G_T,0,0,0,0.074468085
chr7_111405240_C_A,0,0,0,0.289855072
chr7_111644151_G_A,0,0,0,0.228426396
chr7_140082336_G_A,0,0,0,0.267942584
chr8_41122968_G_A,0,0,0,0.262626263
chr8_77617775_C_T,0,0,0,0.20795107
chr8_88296939_G_A,0,0,0,0.231552163
chr8_145109567_G_A,0,0,0,0.229166667
chr9_124538624_C_T,0,0,0,0.375
chr9_133779621_G_A,0,0,0,0.077922078
chr9_139814844_G_C,0,0,0,0.086419753
chr10_43696156_C_T,0,0,0,0.434782609
chr10_50534661_G_A,0,0,0,0.522727273
chr10_75541917_T_G,0,0,0,0.301587302
chr10_76732346_G_A,0,0,0,0.412371134
chr11_35685117_C_T,0,0,0,0.28
chr11_46406866_C_T,0,0,0,0.128
chr12_51080371_A_G,0,0,0,0.079365079
chr12_52627222_C_T,0,0,0,0.575757576
chr12_54379303_G_A,0,0,0,0.102564103
chr13_32760530_T_C,0,0,0,0.23853211
chr14_105418242_G_A,0,0,0,0.17721519
chr15_27018875_G_A,0,0,0,0.363636364
chr15_78395870_C_T,0,0,0,0.068181818
chr16_74394653_A_T,0,0,0,0.144067797
chr19_8654345_G_A,0,0,0,0.367647059
chr19_17000686_C_T,0,0,0,0.292682927
chr19_22156021_A_T,0,0,0,0.122302158
chr19_22156033_T_A,0,0,0,0.086956522
chr19_22171630_A_G,0,0,0,0.238596491
chr19_22363417_C_T,0,0,0,0.095744681
chr19_22363430_T_C,0,0,0,0.070588235
chr19_22363894_A_C,0,0,0,0.078740157
chr19_22363906_C_T,0,0,0,0.115384615
chr19_49610929_C_T,0,0,0,0.192307692
chr20_31756984_C_T,0,0,0,0.196721311
chr20_44670048_C_T,0,0,0,0.129186603
chrX_37029016_C_T,0,0,0,0.082568807
chrX_55650323_C_A,0,0,0,0.24260355
chrX_100615129_G_C,0,0,0,0.346153846
chrX_117566768_C_G,0,0,0,0.278787879
chrX_153940611_C_T,0,0,0,0.081481481
