mut_id,1,2,3,4,5,6
1_9714364_C_T,0.232704,0.067164,0.194915,0.287129,0.099099,0.212766
1_12064514_A_G,0.239583,0.428571,0.357143,0.35,0.180723,0.278481
1_16255163_C_T,0.289855,0.072072,0.255556,0.126437,0.055556,0.123457
1_32682771_C_T,0.547826,0.365591,0.546512,0.418367,0.455556,0.538462
1_36070932_C_A,0.057692,0,0,0,0,0
1_45341317_C_T,0.28777,0.283784,0.238806,0.236559,0.157895,0.244898
1_65831857_G_A,0.461756,0.341667,0.433628,0.463415,0.495238,0.481061
1_70881584_G_T,0.596154,0.287356,0.517857,0.380952,0.551282,0.371795
1_85331150_G_A,0.5,0.327869,0.378378,0.488,0.448276,0.477941
1_110254823_C_T,0.191919,0.098361,0.338983,0.235294,0,0.321429
1_160811671_G_T,0.050505,0,0,0,0,0
1_167407944_C_A,0.053763,0,0,0,0,0
1_173826615_G_A,0.261905,0,0,0,0.192982,0
1_198498164_G_T,0.495455,0.43125,0.43609,0.568182,0.357143,0.407186
1_232094463_G_A,0.173913,0.181818,0,0,0.298246,0.191176
1_246930498_G_A,0.131429,0.083333,0.168,0.203008,0.106796,0.15
2_1544525_C_T,0.372881,0.450549,0.316667,0.414286,0.360656,0.404762
2_28627255_C_T,0.509091,0.461538,0.42029,0.423729,0.45,0.460317
2_39456640_C_T,0.415205,0.336,0.39604,0.368421,0.414414,0.414815
2_55591101_G_A,0.133333,0,0,0,0,0
2_81424253_G_A,0.457447,0.461538,0,0.390625,0,0.355932
2_84899468_C_T,0.365385,0.259542,0.216495,0.341463,0.220588,0.387931
2_128379644_C_T,0.449438,0.396226,0.568966,0.328125,0.375,0.410714
2_149829847_C_T,0.076923,0,0,0,0,0
2_179543105_T_A,0.096,0,0,0,0,0
2_190314036_G_A,0.412698,0.481928,0.4,0.333333,0.363636,0.555556
2_218713452_C_T,0.305556,0.072072,0.188525,0.146341,0.118644,0.216667
2_220433059_G_C,0.527778,0,0,0,0,0
2_229046325_C_T,0.091837,0,0,0,0,0
2_239757173_C_T,0.168831,0.113043,0.16129,0.149425,0.071429,0.285714
3_44822415_G_A,0.397727,0,0.156863,0.309091,0.2,0.345238
3_48718771_C_T,0.0625,0,0,0,0,0
3_56026091_A_T,0.2125,0.134328,0.26,0.214286,0.220339,0.33871
3_111785221_T_C,0.215054,0.178082,0,0.163265,0.183333,0.28125
3_124436205_C_A,0.051546,0,0,0,0,0
3_160783408_G_C,0.450549,0,0,0.45614,0,0.313725
4_100570404_C_T,0.087719,0,0,0,0,0
4_106552069_C_T,0.33125,0,0,0.16129,0.119048,0.285714
4_126412365_C_A,0.166667,0,0,0,0,0
4_126412383_C_T,0.22807,0,0,0,0,0
4_155243544_C_G,0.23622,0,0.159236,0.163399,0.107143,0.216495
4_162421153_T_A,0.359375,0.166667,0.339623,0.294118,0,0.283019
5_77081574_G_A,0.109589,0,0,0,0,0
5_140202188_A_G,0.447115,0.411765,0.494253,0.341772,0.422414,0.423358
5_140531132_C_G,0.095238,0,0,0,0,0
5_140554471_C_T,0.185185,0,0,0,0,0
5_143132272_G_T,0.050505,0,0,0,0,0
5_176797619_G_A,0.185841,0,0,0,0,0
6_24437407_C_T,0.060109,0,0,0,0,0
6_29596875_G_A,0.327731,0.422819,0.307143,0.351351,0.164706,0.340909
6_31997073_G_T,0.231405,0.243902,0.222222,0.276923,0.069444,0.242857
6_99831711_A_C,0.539683,0.344828,0,0,0.411765,0
6_108489277_G_A,0.37,0,0.285714,0,0.471429,0.333333
6_127518551_C_A,0.369697,0.263636,0.285714,0.287234,0.402597,0.379032
7_26225437_T_A,0.325301,0,0,0,0,0
7_27239729_G_A,0.109091,0,0,0,0,0
7_37907313_G_T,0.284444,0.248227,0.22314,0.248175,0.272727,0.287356
7_53104208_T_C,0.146444,0.079208,0.11875,0.168539,0.091503,0.122222
7_73654494_C_T,0.3,0.259259,0,0,0,0.287671
7_81335799_T_C,0.3,0.230769,0.213333,0.25,0.296875,0.288288
7_82579345_G_A,0.267699,0.261044,0.242105,0.206009,0.307692,0.278912
7_150035925_G_A,0.25974,0.245614,0,0,0,0.344262
8_42958695_G_C,0.387097,0.328767,0.567568,0.344828,0.181818,0.347826
8_103282345_G_A,0.2,0.189655,0.215686,0.133333,0,0
9_114151847_C_T,0.075,0,0,0,0,0
9_117608783_C_A,0.090909,0,0,0,0,0
9_131847648_C_A,0.069444,0,0,0,0,0
9_140786401_C_T,0.283784,0.388889,0.339623,0,0.317073,0.263889
10_436404_C_T,0.076923,0,0,0,0,0
10_7285477_C_A,0.089552,0,0,0,0,0
10_27454172_A_T,0.3,0.396552,0,0.36,0,0.169811
10_50255200_C_A,0.052083,0,0,0,0,0
10_69571328_G_A,0.2,0,0.139241,0.217687,0.128342,0.295699
11_1087543_C_T,0.088235,0,0,0,0,0
11_7064621_C_T,0.547945,0.511628,0.41791,0.450292,0.308571,0.45977
11_20968868_T_C,0.111111,0,0,0,0,0
11_26656675_C_T,0.486486,0,0,0,0,0
11_56020625_C_T,0.404762,0.373626,0.47191,0.37234,0.316456,0.383838
11_57996110_C_T,0.466667,0.494118,0.53125,0.484848,0.355263,0.493827
11_59574288_G_A,0.064516,0,0,0,0,0
11_61183049_C_A,0.070423,0,0,0,0,0
11_103157039_G_A,0.127119,0,0,0,0,0
11_109294899_C_A,0.060241,0,0,0,0,0
12_9315147_C_T,0.535135,0.451613,0.380952,0.484848,0.48,0.436508
12_9550972_G_A,0.442857,0.392157,0,0.5,0,0
12_57870663_G_A,0.203704,0,0,0,0,0
12_64812938_A_C,0.338983,0,0,0,0,0
12_72033182_T_C,0.615385,0,0,0,0.54,0
12_96348848_C_A,0.09434,0,0,0,0,0
12_105150939_C_T,0.237458,0.296512,0.259036,0.227778,0.157576,0.2
12_124288386_C_A,0.09434,0,0,0,0,0
12_131498916_G_A,0.088608,0,0,0,0,0
12_133197070_C_T,0.094203,0,0,0,0,0
13_42273192_C_G,0.127778,0.055556,0,0.114504,0.072727,0.112903
13_74569102_C_A,0.138365,0.147541,0.146789,0.092593,0.062992,0.136364
13_75936546_G_A,0.298319,0.319728,0.256757,0.347826,0.339286,0.247059
13_109792561_C_T,0.2,0,0,0,0,0.206897
14_23857872_G_A,0.509091,0,0,0,0,0
14_57092220_C_G,0.210884,0.113636,0.25,0.145833,0.120879,0.193878
14_69990886_G_T,0.054945,0,0,0,0,0
14_80327923_G_A,0.079365,0,0,0,0,0
15_25962005_C_T,0.625,0.435644,0.404255,0.477273,0.394231,0.525253
15_27185117_T_G,0.252101,0.162791,0.225352,0.241935,0.205479,0.214286
15_80695934_A_T,0.102041,0,0,0,0,0
16_12996030_G_A,0.333333,0,0,0,0,0
16_30733546_G_A,0.052083,0,0,0,0,0
16_83251025_A_C,0.464789,0.377358,0.428571,0.470588,0.30303,0
17_7330469_G_T,0.05618,0,0,0,0,0
17_8048151_G_A,0.370968,0,0,0,0,0
17_26964256_C_A,0.060606,0,0,0,0,0
17_33879771_C_T,0.056911,0.065789,0.071429,0.089552,0,0.135802
17_33880041_C_T,0.103865,0,0.076923,0.142857,0,0.09
17_38421203_C_T,0.076471,0.057432,0.090909,0.079422,0.079422,0
17_38801836_G_A,0.137931,0.073684,0,0.12766,0,0.06015
17_38802050_G_A,0.111111,0,0,0,0,0.09434
17_40689556_G_T,0.057471,0,0,0,0,0
17_41957344_G_T,0.051282,0,0,0,0,0
17_57057894_G_C,0.52518,0.570342,0.508475,0.529412,0.363636,0.616129
17_64219743_G_C,0.333333,0.350877,0,0,0,0.216667
17_67250584_T_A,0.111111,0,0,0.209677,0,0.231884
17_71203510_A_C,0.416667,0,0,0,0,0
18_1275995_T_A,0.148235,0,0.055556,0.125461,0.078512,0.119403
18_6978440_C_T,0.081081,0,0,0,0,0.172414
18_6985187_C_T,0.143836,0,0.072289,0.135802,0.127907,0.097561
18_50961449_T_C,0.4,0,0,0,0,0.290909
18_51013099_G_C,0.096154,0,0,0,0,0
19_10227556_T_C,0.081967,0,0,0,0,0
19_15083563_G_A,0.309278,0.127907,0.224138,0.256757,0.185714,0.342105
19_36297461_G_A,0.368421,0.453333,0.320988,0.308511,0.225564,0.371134
19_36369003_T_C,0.05814,0,0,0,0,0
19_44131388_G_A,0.374046,0.144928,0.24359,0.233645,0.219048,0.309524
19_51261841_C_T,0.253521,0.096386,0.3,0.271429,0.2625,0.35
19_52089808_T_A,0.089286,0,0,0,0,0
19_58123817_C_A,0.098039,0,0,0,0,0
19_58790557_C_G,0.295181,0.101449,0.327273,0.306306,0.191919,0.305085
20_4163020_G_C,0.326087,0.223464,0.293785,0.278146,0.187919,0.326316
20_17474561_A_C,0.216867,0.338983,0,0.20339,0,0.310345
20_34242173_C_T,0.152448,0.096838,0.11236,0.111554,0.141002,0.10582
20_42747160_C_A,0.100719,0,0.061856,0,0,0
20_57287687_T_C,0.078014,0.158192,0,0.111111,0,0
22_21328741_C_T,0.670455,0,0,0,0,0
22_32914275_G_A,0.236364,0,0.153846,0.164179,0.173913,0.213115
22_45133117_G_A,0.208,0.114583,0.163043,0.173469,0.171717,0.22093
X_18807209_G_A,0.808081,0.820513,0.689655,0.691176,0.716667,0.823529
X_54835752_G_A,0.060241,0,0,0,0,0
GL000241.1_20351_T_A,0.12807,0.102178,0.08365,0.088421,0.065868,0.090573
GL000220.1_137542_G_A,0.05,0,0,0,0,0
GL000192.1_183080_G_T,0.208955,0,0.137405,0.169355,0.164062,0.25
1_44086077_C_A,0,0.060976,0,0,0,0
1_53322831_C_A,0,0.055556,0,0,0,0
1_169701947_A_G,0,0.064171,0,0,0,0
2_1312323_G_A,0,0.103261,0,0,0,0
2_108626719_G_A,0,0.137405,0,0,0,0
2_215878330_G_T,0,0.063291,0,0,0,0
2_237997203_T_G,0,0.090909,0,0,0,0
3_5216199_C_T,0,0.059524,0,0,0,0
3_33441758_G_A,0,0.107527,0,0,0,0
3_52255387_C_A,0,0.067568,0,0,0,0
4_6969177_A_G,0,0.083333,0.155738,0,0,0
5_29849032_G_A,0,0.061728,0,0,0,0
5_37120474_C_G,0,0.089286,0,0,0,0
5_43277344_G_A,0,0.147368,0,0,0,0
5_109219589_G_A,0,0.166667,0,0,0,0
5_140221696_C_A,0,0.057143,0,0,0,0
6_53152674_G_A,0,0.074627,0,0,0,0
6_131186573_C_A,0,0.064103,0,0,0,0
7_143854975_G_A,0,0.115942,0,0,0,0
8_48729928_C_A,0,0.083333,0,0,0,0
9_114305136_G_A,0,0.130435,0,0,0,0
10_96022396_C_A,0,0.059524,0,0,0,0
10_124739987_C_T,0,0.098039,0,0,0,0
11_56216795_C_A,0,0.190789,0,0,0,0
11_58170528_C_T,0,0.052632,0,0,0,0
12_66698811_G_A,0,0.104762,0,0,0,0
13_19466345_C_T,0,0.072289,0,0,0,0
13_50279631_C_A,0,0.085714,0,0,0,0
15_68624646_A_G,0,0.125,0,0,0,0
15_72454254_C_A,0,0.078125,0,0,0,0
16_784432_G_A,0,0.09434,0,0,0,0
16_7647465_C_A,0,0.087719,0,0,0,0
16_23366834_C_A,0,0.069444,0,0,0,0
16_31072652_G_A,0,0.090909,0,0,0,0
17_10428308_A_G,0,0.195652,0,0,0,0
17_27614110_C_T,0,0.146497,0,0,0,0
17_40990683_C_G,0,0.174603,0,0,0,0
19_41025973_C_T,0,0.2,0,0,0,0
20_1447409_C_A,0,0.060606,0,0,0,0
20_17389959_C_T,0,0.071006,0,0,0,0
20_35152763_C_A,0,0.087719,0,0,0,0
22_17687968_C_A,0,0.058252,0,0,0,0
22_42191421_C_T,0,0.125,0.050505,0,0,0
22_50691866_C_T,0,0.084746,0,0,0,0
22_50943280_C_T,0,0.114286,0,0,0,0
X_18582459_C_T,0,0.068493,0,0,0,0
X_123780537_C_G,0,0.078431,0,0,0,0
1_19181288_G_A,0,0,0.106557,0,0.170732,0
1_34090862_G_T,0,0,0.078125,0,0,0
1_99753516_C_A,0,0,0.05814,0,0,0
1_115144862_T_C,0,0,0.127907,0,0.12987,0
1_145497428_G_T,0,0,0.084746,0,0,0
1_223286299_G_T,0,0,0.064935,0,0,0
2_3750113_C_A,0,0,0.09434,0,0,0
2_98274446_G_A,0,0,0.088435,0,0,0
2_110303154_C_A,0,0,0.117647,0,0,0
2_127808111_C_T,0,0,0.054945,0,0,0
2_142004919_T_G,0,0,0.0625,0,0,0
2_211459414_G_A,0,0,0.065217,0,0,0
3_194373397_C_A,0,0,0.078125,0,0,0
5_36608612_C_A,0,0,0.058824,0,0,0
5_140741841_G_A,0,0,0.053191,0,0,0
5_141244811_C_A,0,0,0.051546,0,0,0
6_80777034_C_A,0,0,0.054945,0,0,0
7_21629017_C_A,0,0,0.098039,0,0,0
7_100075101_C_A,0,0,0.059524,0,0,0
7_111422963_C_T,0,0,0.070539,0,0.078571,0
7_128696077_C_T,0,0,0.054348,0,0,0
8_74464179_A_G,0,0,0.066667,0,0,0
9_115806246_C_A,0,0,0.054545,0,0,0
10_101190286_C_A,0,0,0.072464,0,0,0
11_46723008_C_A,0,0,0.071429,0,0,0
11_124440293_C_A,0,0,0.058824,0,0,0
12_2877214_G_T,0,0,0.074627,0,0,0
12_98931489_A_G,0,0,0.1,0,0,0
13_24433150_C_A,0,0,0.071429,0,0,0
14_22362879_C_A,0,0,0.064516,0,0,0
15_72990471_G_A,0,0,0.081818,0,0,0
16_8953122_C_T,0,0,0.1,0,0,0
16_71212754_C_T,0,0,0.116667,0,0,0
17_32688983_A_C,0,0,0.06383,0,0,0
17_41223258_G_T,0,0,0.069444,0,0,0
17_44833294_C_A,0,0,0.05814,0,0,0
17_59466095_G_A,0,0,0.058824,0,0,0
17_74772536_C_T,0,0,0.089286,0,0,0
19_4053979_G_A,0,0,0.086207,0,0,0
19_50510809_C_A,0,0,0.066667,0,0,0
19_57723301_G_T,0,0,0.065789,0,0,0
20_4771267_G_T,0,0,0.105263,0,0,0
20_31885322_C_T,0,0,0.084746,0,0,0
22_23476342_G_T,0,0,0.060241,0,0,0
X_9621697_T_C,0,0,0.111111,0,0,0
X_150911763_C_A,0,0,0.072464,0,0,0
1_144014099_G_A,0,0,0,0.090909,0,0
1_169080006_A_T,0,0,0,0.15942,0,0
1_169080010_T_C,0,0,0,0.177419,0,0
2_11590261_C_T,0,0,0,0.054945,0,0
2_74040636_G_A,0,0,0,0.081967,0,0
2_192746730_G_A,0,0,0,0.197183,0,0
4_106647998_A_T,0,0,0,0.294118,0,0
4_152498526_G_T,0,0,0,0.109091,0,0
6_27878953_C_A,0,0,0,0.087719,0,0
6_30554475_G_A,0,0,0,0.071429,0,0
8_114449055_C_T,0,0,0,0.090909,0,0
8_142445546_C_T,0,0,0,0.068493,0,0
11_6292225_C_A,0,0,0,0.053191,0,0
12_66638864_C_A,0,0,0,0.084746,0,0
12_66638950_C_A,0,0,0,0.068493,0,0
12_120580428_G_A,0,0,0,0.053763,0,0
14_23374872_A_C,0,0,0,0.07483,0.109489,0
16_30569590_C_A,0,0,0,0.090909,0,0
19_55870123_C_T,0,0,0,0.051282,0,0
1_43886890_C_A,0,0,0,0,0.060241,0
1_95657194_C_T,0,0,0,0,0.065789,0
1_110257842_G_T,0,0,0,0,0.091954,0
1_185270235_G_C,0,0,0,0,0.201878,0
1_210415577_T_C,0,0,0,0,0.086758,0
1_229625702_C_A,0,0,0,0,0.05814,0
1_231131679_C_A,0,0,0,0,0.071429,0
2_55252801_C_A,0,0,0,0,0.205479,0
2_101607266_G_A,0,0,0,0,0.078125,0
2_186661613_C_G,0,0,0,0,0.0553,0
2_202514862_C_T,0,0,0,0,0.085366,0
3_16264252_G_T,0,0,0,0,0.086207,0
3_49060264_G_T,0,0,0,0,0.0625,0
3_52553433_C_T,0,0,0,0,0.071429,0
3_53839080_C_A,0,0,0,0,0.051546,0
3_142261518_C_T,0,0,0,0,0.064935,0
3_169820187_C_A,0,0,0,0,0.057471,0
4_128690023_G_T,0,0,0,0,0.089286,0
4_154512319_C_A,0,0,0,0,0.070423,0
4_186068069_G_A,0,0,0,0,0.086207,0
5_41018577_T_A,0,0,0,0,0.084507,0
5_140590801_C_T,0,0,0,0,0.192308,0
5_140754451_C_T,0,0,0,0,0.081395,0
5_160061417_T_A,0,0,0,0,0.096154,0
6_22297331_G_C,0,0,0,0,0.122807,0
6_31584288_G_A,0,0,0,0,0.092486,0
6_31617200_C_T,0,0,0,0,0.081081,0
6_31656227_G_A,0,0,0,0,0.125,0
6_44982553_C_A,0,0,0,0,0.072464,0
6_46632664_C_A,0,0,0,0,0.05,0
6_48036139_G_A,0,0,0,0,0.116505,0
6_56338736_C_A,0,0,0,0,0.054945,0
6_142399906_C_T,0,0,0,0,0.10101,0
7_100887364_C_T,0,0,0,0,0.075269,0
7_138440715_G_T,0,0,0,0,0.071429,0
8_33230322_C_T,0,0,0,0,0.077922,0
8_77764939_A_C,0,0,0,0,0.051793,0
8_87570756_C_A,0,0,0,0,0.092593,0
8_93074920_G_T,0,0,0,0,0.089286,0
8_104932956_G_A,0,0,0,0,0.122807,0
9_109687351_T_C,0,0,0,0,0.079096,0
9_129940055_A_G,0,0,0,0,0.114754,0
10_38475701_C_T,0,0,0,0,0.083333,0
10_74098073_G_T,0,0,0,0,0.059524,0
10_103988175_A_G,0,0,0,0,0.185714,0
10_106074456_C_A,0,0,0,0,0.063291,0
11_6559911_C_A,0,0,0,0,0.076923,0
11_8661988_G_A,0,0,0,0,0.086207,0
11_46070940_C_T,0,0,0,0,0.060976,0
11_58920846_C_A,0,0,0,0,0.065789,0
11_65810151_C_T,0,0,0,0,0.169811,0
11_78277295_C_A,0,0,0,0,0.080645,0
12_5849059_T_C,0,0,0,0,0.065574,0
12_8211475_G_A,0,0,0,0,0.058824,0
12_21472253_C_T,0,0,0,0,0.106796,0
12_69127442_C_A,0,0,0,0,0.09434,0
13_109518598_C_A,0,0,0,0,0.098039,0
14_68246899_C_T,0,0,0,0,0.052632,0
14_103338230_G_T,0,0,0,0,0.075676,0
15_42696388_G_T,0,0,0,0,0.084746,0
15_43423777_C_A,0,0,0,0,0.057471,0
15_75042607_G_T,0,0,0,0,0.072581,0
16_29810077_C_A,0,0,0,0,0.081967,0
17_8193988_C_A,0,0,0,0,0.050505,0
17_38130156_G_A,0,0,0,0,0.11236,0
17_61916024_C_A,0,0,0,0,0.05618,0
18_47390579_C_A,0,0,0,0,0.078947,0
19_13988082_G_T,0,0,0,0,0.072464,0
19_36250633_C_A,0,0,0,0,0.061728,0
19_38377823_T_A,0,0,0,0,0.108225,0
19_52364199_C_A,0,0,0,0,0.086207,0
19_55014144_C_A,0,0,0,0,0.057471,0
21_47965947_C_A,0,0,0,0,0.055556,0
22_42607733_C_T,0,0,0,0,0.055556,0
22_46684477_C_T,0,0,0,0,0.077586,0
X_108925922_C_A,0,0,0,0,0.052083,0
X_153595913_C_A,0,0,0,0,0.053191,0
MT_16449_C_T,0,0,0,0,0.431034,0
1_65844995_C_A,0,0,0,0,0,0.083333
1_169952600_C_A,0,0,0,0,0,0.069767
1_227221098_C_A,0,0,0,0,0,0.060976
2_60938627_C_T,0,0,0,0,0,0.075758
2_102459183_G_T,0,0,0,0,0,0.081967
2_166243255_G_T,0,0,0,0,0,0.065789
2_202146537_C_A,0,0,0,0,0,0.058824
2_231407492_C_A,0,0,0,0,0,0.084746
3_43122502_C_T,0,0,0,0,0,0.05102
3_109634980_G_A,0,0,0,0,0,0.054945
3_142218392_G_T,0,0,0,0,0,0.083333
3_194168618_C_A,0,0,0,0,0,0.052083
4_46060605_C_A,0,0,0,0,0,0.086022
4_110897316_G_T,0,0,0,0,0,0.075758
5_1294051_C_A,0,0,0,0,0,0.052632
5_137894255_C_A,0,0,0,0,0,0.052632
5_175306852_A_T,0,0,0,0,0,0.064103
7_5778917_C_A,0,0,0,0,0,0.092593
7_6624590_C_T,0,0,0,0,0,0.083333
7_123329248_C_A,0,0,0,0,0,0.081967
8_2967840_C_T,0,0,0,0,0,0.097222
9_19305365_C_A,0,0,0,0,0,0.054945
10_88703952_C_T,0,0,0,0,0,0.13964
13_110815800_C_T,0,0,0,0,0,0.211111
14_94845974_G_T,0,0,0,0,0,0.0625
16_18851063_C_A,0,0,0,0,0,0.054348
16_19556434_G_T,0,0,0,0,0,0.083333
16_30977662_C_A,0,0,0,0,0,0.060241
16_53922791_C_A,0,0,0,0,0,0.057692
16_55532365_G_T,0,0,0,0,0,0.055556
16_87870138_C_A,0,0,0,0,0,0.051282
18_77096762_G_T,0,0,0,0,0,0.066667
19_39087818_A_G,0,0,0,0,0,0.255639
20_2442419_G_A,0,0,0,0,0,0.052083
21_27945267_G_A,0,0,0,0,0,0.102564
22_17586490_C_A,0,0,0,0,0,0.063291
MT_16366_C_T,0,0,0,0,0,0.093426
1_43424712_T_-,0.818181818,0,0,0,0,0
2_15857935_-_C,0.666666667,0,0,0,0,0
2_91659277_-_AGG,0.3125,0,0,0,0,0
2_95963241_-_G,0.304347826,0,0,0.307692308,0,0
2_118764090_AAAC_-,0.538461538,0,0,0,0,0.5
2_184569802_C_-,0.6,0,0,0,0,0
3_195517657_-_T,0.472131148,0,0.445714286,0.385869565,0,0.41011236
4_144643304_-_AGAGAG,0.357142857,0,0,0,0,0
5_161263142_AGAAGAAGAAGAAGAAGAAGAAGAAGAAGAAGAAGG_-,0.545454545,0,0,0,0,0
5_164681781_-_TTCC,0.384615385,0,0,0,0,0
6_136359108_A_-,0.3875,0,0.326086957,0.35,0.350649351,0.428571429
6_166476101_A_-,0.384615385,0,0,0,0,0
7_142132038_-_C,0.466666667,0,0,0,0,0
8_89339977_GCGCGCGCGC_-,0.5,0,0,0,0,0
9_68418947_-_ACAG,0.5,0,0,0,0,0
9_68421912_-_C,0.4375,0,0.333333333,0,0,0
9_101804326_G_-,0.380952381,0,0,0.377777778,0.395833333,0.314814815
9_107582484_-_A,0.5,0,0,0,0,0
9_138594013_A_-,0.347826087,0,0,0,0,0
10_133981361_-_CTCTCGG,0.352941176,0,0,0,0,0.375
11_26574783_G_-,0.4,0.5,0.6875,0.384615385,0,0
11_79133292_-_ACACAC,0.454545455,0,0,0,0,0
11_109668505_A_-,0.5,0,0,0,0,0
12_6823893_-_ATGTTCG,0.428571429,0,0,0,0,0
13_27151860_A_-,0.44,0,0.45,0,0,0
14_85404392_AGA_-,0.583333333,0,0,0,0,0
16_35274938_-_A,0.416666667,0,0,0,0,0
17_1584378_T_-,0.454545455,0,0,0,0,0
17_37094716_T_-,0.724137931,0.55,0.642857143,0.642857143,0,0.606060606
18_18518451_G_-,0.318181818,0,0,0,0,0.416666667
19_33281723_-_T,0.615384615,0,0,0,0,0
21_10797303_-_TGGGA,0.5,0.454545455,0,0,0,0
22_26710061_-_AGAG,0.3,0,0,0.583333333,0,0
X_442562_AGGAGACGG_-,0.454545455,0,0,0,0,0
X_936490_-_TG,0.7,0,0,0,0,0
X_41056765_-_A,0.833333333,0.818181818,0,0.761904762,0.772727273,0.793103448
X_111090300_A_-,0.5,0,0,0,0,0
GL000208.1_142_T_-,0.333333333,0,0,0,0,0
GL000199.1_24154_T_-,0.333333333,0,0,0,0,0
GL000225.1_127348_T_-,0.428571429,0,0,0,0,0
5_149416931_T_-,0,0.384615385,0,0,0,0
6_167268930_GAAGAAGAG_-,0,0.375,0,0,0,0
7_24612916_-_GGA,0,0.473684211,0,0.3125,0.6,0
7_81358758_-_AATCAA,0,0.315789474,0,0,0,0
10_79397495_-_GCTGCC,0,0.538461538,0,0,0.5,0
10_99804216_-_CAG,0,0.454545455,0,0,0,0
12_89894479_A_-,0,0.454545455,0,0,0,0
13_32659027_AC_-,0,0.6,0,0,0,0
16_33949138_-_TTC,0,0.7,0,0,0,0
19_21239293_-_A,0,0.5,0,0,0,0
21_10809161_AATGGAATGGACTCT_-,0,0.368421053,0,0,0,0
21_44038203_-_ACCCAACACTGATGTTAAA,0,0.666666667,0,0,0,0
X_70149334_C_-,0,0.375,0,0,0,0
Y_13449590_-_C,0,0.4,0,0,0,0
Y_59026043_C_-,0,0.5,0,0,0,0
GL000234.1_11657_T_-,0,0.5,0,0,0,0
GL000232.1_400_C_-,0,0.411764706,0,0,0,0
GL000220.1_104212_-_A,0,0.307692308,0,0,0,0.357142857
GL000216.1_1560_GTTGA_-,0,0.4375,0,0,0,0
GL000193.1_95027_GAGAGAAT_-,0,0.533333333,0,0,0,0
1_120624248_G_-,0,0,0.642857143,0,0,0.6
1_157067894_T_-,0,0,0.454545455,0,0,0
2_197004584_A_-,0,0,0.32,0,0,0
5_134015495_-_A,0,0,0.333333333,0,0,0
10_42386138_A_-,0,0,0.5,0,0,0
11_94405960_C_-,0,0,0.454545455,0,0,0
20_60140118_-_TGGTGG,0,0,0.3125,0,0,0
21_46760357_CCATCCATCCAT_-,0,0,0.4,0,0,0
GL000219.1_79637_AAAGC_-,0,0,0.368421053,0,0,0
GL000225.1_58143_-_GGGACA,0,0,0.304347826,0,0,0
GL000225.1_58182_G_-,0,0,0.411764706,0,0,0
1_28863306_GG_-,0,0,0,0.344827586,0,0
1_32631638_AA_-,0,0,0,0.5625,0.421052632,0
6_133072135_GT_-,0,0,0,0.388888889,0,0
6_136878752_T_-,0,0,0,0.416666667,0,0
6_153133251_-_C,0,0,0,0.545454545,0,0
9_79507838_A_-,0,0,0,0.428571429,0,0
12_56962622_TTT_-,0,0,0,0.333333333,0,0
17_21561699_-_A,0,0,0,0.5,0,0
Y_9909109_CT_-,0,0,0,0.428571429,0,0
GL000232.1_33195_CT_-,0,0,0,0.6,0,0
2_37527459_-_A,0,0,0,0,0.375,0
5_8765864_AC_-,0,0,0,0,0.6,0
8_43093294_CT_-,0,0,0,0,0.304347826,0
12_46052112_A_-,0,0,0,0,0.315789474,0
16_33840973_-_GGAA,0,0,0,0,0.7,0
16_33955935_G_-,0,0,0,0,0.4375,0
17_6463950_GTA_-,0,0,0,0,0.333333333,0
17_25264193_-_T,0,0,0,0,0.384615385,0
19_7660764_GCG_-,0,0,0,0,0.5,0
X_85236824_-_A,0,0,0,0,0.428571429,0
Y_58982261_-_CCACC,0,0,0,0,0.416666667,0
GL000219.1_63094_-_TTCT,0,0,0,0,0.3125,0
GL000219.1_63111_-_TCCCTCC,0,0,0,0,0.357142857,0
GL000193.1_95055_-_ATACAG,0,0,0,0,0.5,0
1_145039301_AG_-,0,0,0,0,0,0.3125
2_107314099_AG_-,0,0,0,0,0,0.727272727
2_233395975_GGACCCTCTAGGACCGGTGCCCCAAGGTCACAGCT_-,0,0,0,0,0,0.352941176
3_122865013_CA_-,0,0,0,0,0,0.336
5_10981699_AC_-,0,0,0,0,0,0.3
5_16474778_-_T,0,0,0,0,0,0.333333333
6_34857302_-_GGCGGC,0,0,0,0,0,0.32
6_144744868_-_T,0,0,0,0,0,0.333333333
7_65079360_TTCTTT_-,0,0,0,0,0,0.5
9_68426280_A_-,0,0,0,0,0,0.3125
10_42391014_G_-,0,0,0,0,0,0.416666667
12_88548183_-_T,0,0,0,0,0,0.416666667
16_33899903_-_GTTAG,0,0,0,0,0,0.416666667
17_25279524_AAAGG_-,0,0,0,0,0,0.388888889
18_33058318_-_A,0,0,0,0,0,0.5
21_11085940_CAC_-,0,0,0,0,0,0.318181818
Y_13488480_G_-,0,0,0,0,0,0.5
Y_58980379_-_CATTC,0,0,0,0,0,0.5
GL000234.1_13854_AG_-,0,0,0,0,0,0.5
GL000234.1_37327_-_C,0,0,0,0,0,0.5
GL000219.1_50987_CA_-,0,0,0,0,0,0.555555556
1_70881586_C_A,0.590062,0.292135,0.508772,0.392857,0.544304,0.375
1_84815478_C_T,0.322581,0,0,0,0,0
2_179647564_G_A,0.28125,0,0,0,0,0.44
2_242141719_C_T,0.22619,0.09434,0,0,0,0.283019
3_42784570_C_T,0.328125,0.275,0.315217,0.314607,0.28,0.318681
3_151165584_G_A,0.572519,0.4,0.407895,0.588235,0.405063,0.460674
5_37815925_G_A,0.22963,0.084871,0.198276,0.161943,0.069767,0.194539
5_156667078_C_A,0.216216,0.191083,0.144737,0.131034,0.15493,0.197183
6_29455126_C_T,0.427386,0.356164,0.344371,0.347826,0.350649,0.421053
6_86253397_T_C,0.166667,0.172414,0.214286,0,0.225806,0.132075
7_5568027_C_T,0.162304,0.076923,0.117021,0.115044,0.12963,0.089431
7_51258757_C_T,0.115702,0.125,0.096154,0.194805,0,0.1875
7_100173865_C_T,0.138462,0,0,0,0,0
10_98155614_G_A,0.196721,0.403846,0,0,0,0
11_92714792_G_A,0.288809,0.13369,0.217647,0.244318,0.20362,0.222772
12_28459796_C_T,0.242857,0,0,0,0,0
13_38162097_G_A,0.305732,0.197802,0.354037,0.234375,0.240566,0.257282
16_46403630_C_G,0.090909,0,0,0,0,0
17_37235397_C_T,0.208791,0.091503,0.227848,0.276923,0.193103,0.168103
18_10532793_G_A,0.245902,0,0,0.27451,0,0
20_43042422_G_A,0.095847,0,0.099476,0.052632,0.066964,0.06746
21_28210385_G_A,0.178082,0,0.204301,0.103448,0.117021,0.192308
21_43808612_C_T,0.443243,0.408163,0.313131,0.361905,0.361905,0.342593
22_32587105_C_T,0.226415,0.053957,0.217557,0.210526,0.156584,0.192691
12_4777617_C_T,0,0.164948,0,0,0,0
12_80730245_C_T,0,0.137255,0,0,0,0
14_63174978_G_A,0,0.086957,0,0,0,0
22_37968063_C_T,0,0.11236,0,0,0,0
1_169580778_G_A,0,0,0.1125,0,0.109375,0
10_24820822_C_T,0,0,0.087719,0,0,0
6_160921913_G_A,0,0,0,0.057325,0,0
2_216240042_G_A,0,0,0,0,0.169014,0
3_9146411_C_T,0,0,0,0,0.087912,0
7_122635026_C_T,0,0,0,0,0.131356,0
8_36768673_C_T,0,0,0,0,0.126984,0
11_63668173_C_T,0,0,0,0,0.092308,0
14_100123403_C_T,0,0,0,0,0.114754,0
6_44376224_C_T,0,0,0,0,0,0.084507
7_86569364_G_A,0,0,0,0,0,0.076471
15_27765304_G_A,0,0,0,0,0,0.1
1_3643465_-_GATGGATGGGTG,0.526315789,0.666666667,0,0,0,0
1_203004930_-_AGC,0.35,0,0,0,0,0
2_9630245_T_-,0.428571429,0.703703704,0.368421053,0.5,0.5625,0.5
2_61009939_T_-,0.357142857,0,0,0,0.315789474,0
2_89472135_GTGTGTGT_-,0.416666667,0,0,0,0,0
2_96622392_T_-,0.333333333,0,0,0,0,0
2_100266375_G_-,0.461538462,0,0,0,0,0
2_109017010_T_-,0.636363636,0,0,0,0,0
2_152447845_-_C,0.473684211,0,0.611111111,0,0,0
3_30522943_-_TGCC,0.608695652,0.615384615,0,0,0.842105263,0.590909091
3_58351660_-_T,0.454545455,0,0,0,0,0
3_131756139_-_AT,0.461538462,0,0.454545455,0,0,0.6
5_8037667_-_AC,0.533333333,0,0,0,0,0
5_57913885_ATT_-,0.5,0.666666667,0,0,0,0
5_121153436_TC_-,0.461538462,0,0,0,0,0
6_134495291_-_C,0.541666667,0,0.461538462,0.615384615,0.5,0.5
7_8446800_-_TCTG,0.576923077,0.523809524,0.454545455,0,0,0
7_37887565_GAGGAGGAA_-,0.5,0,0,0,0,0
7_44961244_-_C,0.785714286,0.666666667,0,0.769230769,0.714285714,0
7_63895115_TTTG_-,0.35,0,0,0,0,0
7_77378214_GTCT_-,0.518518519,0,0,0,0,0
8_17137996_-_A,0.32,0,0.315789474,0,0.3125,0.533333333
8_20527854_-_GT,0.526315789,0,0,0,0,0
8_42015332_GTT_-,0.4,0.5,0,0.583333333,0.666666667,0.428571429
8_74042251_-_C,0.409090909,0,0,0,0,0.428571429
8_95523231_-_T,0.529411765,0,0.461538462,0,0,0
8_113214466_CCTTA_-,0.692307692,0,0,0,0,0
9_68421236_T_-,0.416666667,0.666666667,0,0,0,0
10_1356638_-_TCC,0.615384615,0,0.571428571,0,0.428571429,0
10_3209469_GAGAG_-,0.583333333,0,0,0,0,0
10_82007525_CCGCCGCCG_-,0.615384615,0,0,0.461538462,0,0
11_2435910_-_C,0.666666667,0,0,0,0,0
11_8132729_A_-,0.409090909,0.461538462,0,0.5,0.357142857,0
11_17498869_-_GTG,0.6,0.454545455,0,0,0.611111111,0.375
11_34634455_CT_-,0.545454545,0,0,0,0,0
11_48388150_-_AC,0.5,0,0,0,0.666666667,0.416666667
12_99117398_T_-,0.538461538,0,0,0,0,0.583333333
13_19864894_-_T,0.310344828,0,0,0,0.347826087,0
13_26269962_A_-,0.444444444,0,0,0,0.384615385,0
13_42766723_-_TTCCTC,0.5,0,0,0,0,0
14_21240934_-_A,0.666666667,0.35,0.5,0,0.533333333,0
14_40230589_-_GAACA,0.375,0,0,0,0,0
15_72864579_T_-,0.333333333,0,0,0,0,0
15_91549512_GGGGCCCACAGCCTGGTATAAGCAG_-,0.347826087,0.384615385,0,0,0,0.4
17_32499271_-_G,0.545454545,0.5,0,0,0.3,0.421052632
17_37600062_-_AAAGGAAGA,0.518518519,0.486486486,0.405405405,0.466666667,0.512195122,0.575342466
19_16513358_T_-,0.647058824,0,0,0,0,0
19_52469534_-_T,0.5,0,0,0,0,0
19_55888537_G_-,0.333333333,0,0,0.666666667,0,0
20_18464341_-_T,0.465116279,0,0.454545455,0,0,0.444444444
20_26129865_C_-,0.7,0,0,0,0,0
20_37621248_TG_-,0.5,0.6875,0,0,0,0.6
20_57246480_-_TTA,0.571428571,0.421052632,0.4,0.6,0.6,0.433333333
22_38097205_-_AA,0.66,0.538461538,0.625,0.8,0.692307692,0.592592593
22_48566601_-_CCAT,0.7,0.666666667,0,0,0,0
2_91769732_-_AATC,0,0.6,0,0,0,0
2_195817069_-_CATC,0,0.352941176,0,0.476190476,0,0
3_128433327_T_-,0,0.6,0,0,0,0
4_111585275_TG_-,0,0.7,0,0,0,0
5_149624902_CCTCCTCCTCCTCCTCCTCCT_-,0,0.6,0,0.533333333,0,0
6_103482852_GA_-,0,0.65,0,0,0,0
7_91699713_TTGTTGTTTTGTTTTGTT_-,0,0.428571429,0,0,0,0
7_129775023_-_AAAAAAC,0,0.466666667,0,0,0,0
7_158055056_-_CA,0,0.6,0,0,0,0
10_25755733_ACAT_-,0,0.384615385,0,0,0.7,0
10_135105615_-_T,0,0.35,0,0,0,0.357142857
11_3789983_AAAAAGAAAAA_-,0,0.357142857,0,0,0.4375,0
11_62987639_A_-,0,0.454545455,0,0,0,0.428571429
11_74085317_-_GGGG,0,0.5,0,0,0,0
15_70826772_AAGGAAGGAAGGAAGG_-,0,0.583333333,0,0,0,0
16_74443789_-_G,0,0.454545455,0,0,0,0
17_34981781_TCTTCTTCTTCCTCTTCC_-,0,0.6,0,0,0,0
19_10108909_CA_-,0,0.333333333,0,0,0,0
20_43922909_-_GT,0,0.466666667,0,0,0,0
20_47041493_TTCCTTCC_-,0,0.375,0,0,0.333333333,0
20_57246478_-_T,0,0.35,0,0,0,0
20_57549087_GAA_-,0,0.545454545,0.428571429,0,0.363636364,0
21_10764189_C_-,0,0.6,0,0,0,0
Y_59009515_C_-,0,0.538461538,0,0,0,0
1_154409893_-_T,0,0,0.357142857,0.388888889,0,0
2_25656889_-_T,0,0,0.304347826,0,0,0
2_88926730_CAG_-,0,0,0.444444444,0.333333333,0,0
2_91805598_-_GGA,0,0,0.545454545,0,0,0
2_228252603_-_CCACCACAG,0,0,0.666666667,0,0,0
2_242837974_C_-,0,0,0.5,0,0.636363636,0
11_133010658_-_GAA,0,0,0.333333333,0,0,0
12_9549635_G_-,0,0,0.352941176,0,0,0.35
12_132412187_-_G,0,0,0.7,0,0,0
14_102096063_AAGTC_-,0,0,0.8,0,0,0
15_74099516_GA_-,0,0,0.333333333,0,0,0
17_77086851_-_T,0,0,0.571428571,0,0,0
20_43343902_GAGC_-,0,0,0.470588235,0,0,0
X_114871128_T_-,0,0,0.333333333,0,0,0
1_8258767_TCTCC_-,0,0,0,0.315789474,0,0
1_111148777_-_AG,0,0,0,0.909090909,0.75,0
2_131801287_GGCTGGGATGGGGTGGCTCTCTGCAGGT_-,0,0,0,0.6,0,0
2_232337656_GAA_-,0,0,0,0.352941176,0,0
10_42399508_A_-,0,0,0,0.416666667,0,0
11_128805407_-_TGTTTGTT,0,0,0,0.545454545,0,0
12_42717961_G_-,0,0,0,0.545454545,0,0
15_20420408_CATGAA_-,0,0,0,0.384615385,0,0
18_31463174_-_A,0,0,0,0.416666667,0,0
20_44597959_G_-,0,0,0,0.428571429,0,0
Y_58980768_TCCATTCCATTTCAC_-,0,0,0,0.6,0,0
Y_58980829_C_-,0,0,0,0.407407407,0,0.375
1_202736223_T_-,0,0,0,0,0.315789474,0
2_215821550_A_-,0,0,0,0,0.333333333,0
2_231345739_-_TGG,0,0,0,0,0.384615385,0
4_61022133_AAAC_-,0,0,0,0,0.375,0
5_180024727_A_-,0,0,0,0,1,0
6_57555216_AT_-,0,0,0,0,0.615384615,0
9_68416444_TA_-,0,0,0,0,0.7,0
20_17607408_-_CT,0,0,0,0,0.7,0.9
22_29742783_-_G,0,0,0,0,1,0
1_7807967_T_-,0,0,0,0,0,0.5
1_37967708_TTGACAGAGAAGATACATG_-,0,0,0,0,0,0.318181818
1_158067061_G_-,0,0,0,0,0,0.5
2_66225062_-_TT,0,0,0,0,0,0.6
4_3520097_-_CAGGCGAGA,0,0,0,0,0,0.3125
4_190631951_A_-,0,0,0,0,0,0.583333333
5_151167423_-_GTTTTCAATACTG,0,0,0,0,0,0.3
5_180583072_TTTG_-,0,0,0,0,0,0.3125
6_32557378_-_TGC,0,0,0,0,0,0.352941176
6_148768847_CTCCTCCTCCTCATC_-,0,0,0,0,0,0.7
9_66455251_AC_-,0,0,0,0,0,0.333333333
11_118415932_T_-,0,0,0,0,0,0.333333333
12_123069591_T_-,0,0,0,0,0,0.357142857
14_20766768_T_-,0,0,0,0,0,0.625
14_78221502_-_AA,0,0,0,0,0,0.461538462
16_2088223_AG_-,0,0,0,0,0,0.5
