mut_id,01,02,03,04,05,06,07,08,09,10,11,12,13
chr1_2385021_T_A,0.357,0.437,0.346,0.375,0.353,0.32,0.36,0.333,0.435,0.444,0.318,0.4,0.476
chr1_16048155_C_T,0.44,0.299,0.387,0.366,0.323,0.42,0.25,0.58,0.362,0.557,0.437,0.417,0.39
chr1_26162072_C_G,0.434,0.384,0.543,0.412,0.5,0.509,0.467,0.475,0.245,0.525,0.368,0.528,0.518
chr1_31662506_C_A,0.366,0.335,0.351,0.586,0.558,0.566,0.518,0.548,0.434,0.466,0.391,0.447,0.5
chr1_36178369_G_C,0.579,0.473,0.281,0.549,0.419,0.5,0.418,0.449,0.444,0.465,0.383,0.438,0.579
chr1_54731616_A_G,0.481,0.47,0.445,0.392,0.482,0.456,0.445,0.481,0.484,0.408,0.469,0.432,0.48
chr1_71592770_G_T,0.451,0.4,0.401,0.331,0.42,0.451,0.452,0.327,0,0.436,0.378,0.435,0.444
chr1_78936353_A_G,0.233,0.267,0.5,0,0.444,0,0.473,0,0.417,0.3,0.55,0.294,0.444
chr1_100888785_C_A,0.181,0,0,0,0,0,0,0,0,0,0,0,0
chr1_107481041_C_T,0.416,0.389,0.505,0.259,0.409,0.588,0.471,0.526,0.307,0.353,0.538,0.222,0.271
chr1_113829975_T_A,0.37,0.456,0.409,0.418,0.472,0.396,0.471,0.437,0.4,0.408,0.512,0.36,0.379
chr1_116128245_G_A,0.408,0.406,0.413,0.356,0.372,0.376,0.394,0.38,0.413,0.417,0.416,0.389,0.381
chr1_119837322_C_T,0.467,0.378,0,0.375,0.286,0.333,0,0.291,0.357,0,0.262,0.532,0.381
chr1_145974894_G_A,0.412,0.25,0.417,0.462,0.474,0.333,0.615,0.5,0.357,0.4,0.583,0.333,0.444
chr1_155785258_C_T,0.417,0,0.583,0.583,0.417,0.429,0,0,0.625,0.471,0.369,0.393,0
chr1_170989956_C_A,0.397,0.331,0.377,0.301,0.346,0.375,0.356,0.328,0.337,0.389,0.46,0.421,0.357
chr1_179110353_T_A,0.542,0.382,0.345,0.402,0.426,0.477,0.429,0.367,0.461,0.467,0.386,0.506,0.388
chr1_226309888_C_A,0.017,0,0,0,0,0,0,0,0,0,0,0,0
chr1_230710831_T_C,0.409,0.446,0.43,0.439,0.4,0.425,0.368,0.475,0.407,0.398,0.398,0.446,0.378
chr1_236739733_G_T,0.469,0.409,0.357,0.412,0.379,0.488,0.449,0.407,0.436,0.487,0.457,0.454,0.342
chr2_24038534_G_T,0.394,0.384,0.265,0.346,0.353,0.345,0.433,0.31,0.39,0.447,0.434,0.355,0.387
chr2_32758528_A_G,0.046,0,0,0,0,0,0,0,0,0,0,0,0
chr2_67403509_A_T,0.259,0.5,0.619,0.344,0.269,0.353,0.278,0.478,0.5,0.4,0.393,0.647,0.481
chr2_91714672_T_A,0.333,0.348,0.562,0.346,0.52,0.519,0.321,0.539,0.35,0.5,0.303,0.403,0.272
chr2_120990268_C_A,0.566,0.43,0.422,0.405,0.469,0.483,0.419,0.417,0.443,0.463,0.478,0.374,0.426
chr2_195900403_G_T,0.344,0.513,0.5,0.327,0.536,0.345,0.394,0.481,0.351,0.409,0.36,0.467,0.44
chr2_213007627_C_A,0.458,0.426,0.403,0.341,0.365,0.342,0.467,0.404,0.447,0.478,0.451,0.433,0.419
chr2_227257556_T_C,0.348,0.411,0.434,0.487,0.333,0.501,0.38,0.42,0.543,0.547,0.473,0.431,0.38
chr2_233672771_G_A,0.442,0.414,0.294,0.428,0.301,0.419,0.375,0.353,0.4,0.469,0.46,0.41,0.418
chr2_236368272_G_C,0.324,0.5,0.4,0.333,0.333,0.438,0.513,0.309,0.542,0.364,0.364,0.432,0.425
chr3_4702827_C_T,0.091,0,0,0,0,0,0,0,0,0,0,0,0
chr3_16200572_G_T,0.413,0.478,0.422,0.459,0.42,0.39,0.456,0.379,0.408,0.345,0.466,0.489,0.463
chr3_19933285_C_A,0.38,0.261,0.364,0.392,0.368,0.378,0.4,0.335,0.5,0.291,0.311,0.424,0.434
chr3_33214182_G_T,0.523,0.386,0.432,0.529,0.436,0.513,0.351,0.458,0.483,0.459,0.487,0.469,0.548
chr3_39185885_C_A,0.434,0.423,0.365,0.455,0.435,0.383,0.365,0.342,0.453,0.444,0.4,0.348,0.492
chr3_41224613_G_A,0.421,0.467,0.333,0.453,0.453,0.43,0.467,0.432,0.494,0.416,0.453,0.431,0.366
chr3_45959650_G_T,0.395,0.34,0.512,0.375,0.463,0.4,0.467,0.5,0.56,0.525,0.474,0.5,0.501
chr3_52125173_G_A,0.046,0,0,0,0,0,0,0,0,0,0,0,0
chr3_111884232_A_G,0.373,0.43,0.317,0.334,0.342,0.5,0.388,0.369,0.486,0.403,0.486,0.397,0.487
chr3_132507338_T_C,0.448,0.276,0.3,0.345,0.281,0.357,0.375,0.368,0.442,0.406,0.449,0.34,0.451
chr3_138632948_G_T,0.344,0.402,0.329,0.332,0.322,0.352,0.364,0.311,0.449,0.378,0.455,0.385,0.248
chr4_55980242_A_T,0.308,0,0.273,0.471,0,0,0,0.348,0,0.5,0.52,0.545,0.32
chr4_56650674_C_A,0.059,0,0,0,0,0,0,0,0,0,0,0,0
chr4_91598834_A_C,0.387,0,0.05,0.282,0.148,0.053,0.395,0.384,0.376,0.434,0.369,0.392,0.364
chr4_121334428_T_C,0.201,0,0,0,0,0,0,0,0,0,0,0,0
chr4_140669150_C_G,0.28,0,0,0.277,0.481,0,0.538,0.354,0.433,0.461,0.463,0.38,0.291
chr5_172920_G_A,0.361,0.474,0.386,0.341,0.431,0.427,0.42,0.443,0.362,0.437,0.474,0.383,0.407
chr5_376794_C_T,0.515,0.517,0.388,0.377,0.407,0.343,0.494,0.458,0.447,0.361,0.434,0.494,0.471
chr5_33881361_C_A,0.419,0.397,0.331,0.358,0.355,0.367,0.389,0.336,0.503,0.443,0.389,0.427,0.471
chr5_88673303_C_T,0.41,0.397,0.382,0.389,0.465,0.351,0.414,0.257,0.365,0.41,0.408,0.509,0.398
chr5_104707678_G_A,0.6,0.23,0.232,0.263,0.524,0.473,0.398,0.407,0.518,0.303,0.423,0.388,0.536
chr5_112160865_C_T,0.074,0,0,0,0,0,0,0,0,0,0,0,0
chr5_141375586_G_A,0.455,0.412,0.437,0.35,0.396,0.441,0.475,0.399,0.467,0.447,0.496,0.484,0.397
chr5_147591688_T_C,0.375,0.405,0.576,0.414,0.404,0.409,0.365,0.467,0.404,0.461,0.442,0.49,0.362
chr5_150129980_G_A,0.564,0.39,0.499,0.287,0.374,0.386,0.411,0.382,0.378,0.428,0.393,0.395,0.27
chr5_161331021_A_G,0.37,0.428,0.316,0.38,0.373,0.351,0.466,0.433,0.509,0.451,0.374,0.397,0.435
chr6_42691031_G_T,0.231,0.252,0.5,0.533,0.45,0.368,0.419,0.613,0.533,0.438,0,0.572,0.475
chr6_47029161_A_T,0.4,0,0.666,0.5,0.455,0.615,0.5,0,0.4,0.385,0.841,0,0.625
chr6_72252780_T_C,0.344,0.333,0.469,0.293,0.476,0.457,0.335,0.348,0.338,0.258,0.568,0.609,0.503
chr6_108176679_G_A,0.068,0,0,0,0,0,0,0,0,0,0,0,0
chr6_157901997_G_A,0.462,0.459,0.362,0.476,0.518,0.384,0.415,0.462,0.403,0.459,0.443,0.375,0.365
chr7_1745930_G_T,0.494,0.536,0.448,0.454,0.506,0.551,0.444,0.361,0.391,0.451,0.444,0.439,0.373
chr7_27246002_C_A,0.25,0.333,0.4,0.512,0.389,0.302,0.451,0.408,0.382,0.25,0.448,0.344,0.345
chr7_117652860_G_T,0.462,0,0.333,0,0,0.238,0.529,0.248,0.333,0.4,0.286,0.467,0.399
chr7_128837988_C_G,0.525,0.105,0.375,0.351,0,0.256,0.392,0.445,0.45,0.495,0.358,0.342,0.336
chr7_143351725_G_A,0.323,0.609,0.405,0.395,0.522,0.516,0.407,0.386,0.423,0.411,0.423,0.392,0.412
chr8_51499571_G_A,0.403,0.404,0.457,0.489,0.333,0.31,0.387,0.75,0.5,0.369,0.552,0.364,0.28
chr8_68231382_G_C,0.5,0.572,0.286,0.185,0.474,0.333,0.583,0.293,0,0.55,0.541,0.643,0.333
chr8_127738292_G_A,0.348,0.379,0.453,0.644,0.372,0.442,0.37,0.663,0.489,0.42,0.279,0.396,0.383
chr8_132888075_C_T,0.42,0.441,0.308,0.686,0.435,0.418,0.387,0.656,0.426,0.476,0.45,0.381,0.447
chr8_144500771_C_T,0.024,0,0,0,0,0,0,0,0,0,0,0,0
chr9_18928981_T_A,0.401,0.371,0.411,0.316,0.389,0.414,0.42,0.439,0.455,0.477,0.46,0.398,0.484
chr9_20360792_G_T,0.387,0.378,0.367,0.345,0.367,0.386,0.32,0.386,0.367,0.42,0.377,0.334,0.364
chr9_72245070_A_T,0.375,0.375,0.5,0.369,0.5,0.467,0.207,0.308,0.444,0.526,0.41,0.375,0.35
chr9_101362751_G_T,0.456,0.422,0.413,0.378,0.41,0.4,0.526,0.479,0.381,0.429,0.45,0.397,0.466
chr9_101546907_G_A,0.441,0.364,0.431,0.352,0.448,0.382,0.497,0.473,0.456,0.418,0.457,0.448,0.427
chr9_110458521_G_A,0.529,0.434,0.5,0.231,0.412,0.389,0,0.222,0,0.308,0.444,0.235,0
chr9_136807758_G_A,0.394,0.471,0.332,0.444,0.452,0.297,0.667,0.625,0.417,0,0.488,0.621,0.489
chr9_137430701_C_T,0.2,0,0,0,0,0,0,0,0,0,0,0,0
chr9_137430708_C_T,0.177,0,0,0,0,0,0,0,0,0,0,0,0
chr10_21735298_G_A,0.388,0.397,0.525,0.328,0.364,0.293,0.394,0.379,0.355,0.275,0.381,0.339,0.406
chr10_88309419_C_T,0.49,0.667,0.385,0.4,0,0.5,0.333,0.5,0,0,0.412,0.4,0.5
chr10_96982281_G_T,0.451,0.397,0.373,0.428,0.422,0.437,0.312,0.477,0.365,0.415,0.418,0.448,0.384
chr10_100298858_A_G,0.07,0,0,0,0,0,0,0,0,0,0,0,0
chr10_113598101_T_C,0.4,0.562,0.476,0.418,0.415,0.47,0.411,0.503,0.486,0.433,0.384,0.398,0.371
chr10_119059388_C_T,0.482,0.423,0.437,0.345,0.336,0.338,0.441,0.389,0.417,0.5,0.444,0.414,0.407
chr11_6611250_T_G,0.432,0.59,0.649,0.331,0.353,0.456,0.261,0.429,0.319,0.406,0.488,0.424,0.365
chr11_7669095_G_C,0.458,0.467,0.555,0.287,0.369,0.243,0.435,0.347,0.468,0.38,0.401,0.308,0.44
chr11_7704661_C_T,0.425,0.25,0,0.186,0.316,0.256,0.357,0.384,0.4,0.404,0.5,0.528,0.462
chr11_49031707_G_T,0.409,0.502,0.492,0.315,0.338,0.538,0.479,0.359,0.35,0.437,0.434,0.409,0.385
chr11_58180130_C_T,0.414,0.406,0.533,0.331,0.339,0.396,0.525,0.442,0.39,0.434,0.4,0.394,0.412
chr11_64889184_G_C,0.495,0.317,0.437,0.574,0.317,0.487,0.444,0.49,0.42,0.296,0.313,0.5,0.404
chr11_111786223_T_C,0.456,0.433,0.413,0.42,0.344,0.476,0.417,0.523,0.486,0.461,0.36,0.451,0.376
chr11_120317530_G_T,0.645,0.5,0,0.667,0.364,0.356,0.312,0.522,0.529,0.687,0.458,0.294,0.333
chr11_121586328_C_T,0.028,0,0,0,0,0,0,0,0,0,0,0,0
chr12_14790726_G_C,0.241,0.279,0.271,0.421,0.268,0.333,0.323,0.293,0.285,0.306,0.444,0.307,0
chr12_26124259_C_A,0.5,0,0,0,0,0,0,0,0,0,0,0,0
chr12_40490155_A_G,0.301,0.444,0.45,0.423,0.406,0.396,0.439,0.386,0.511,0.451,0.468,0.461,0.408
chr12_101796234_G_A,0.333,0.429,0.291,0.199,0.368,0.286,0.36,0.444,0.286,0.588,0.4,0.667,0.452
chr12_122187722_G_T,0.219,0.372,0.364,0.5,0.49,0.489,0.492,0.49,0.487,0.415,0.408,0.397,0.442
chr13_34678802_A_G,0.647,0.667,0.72,0.345,0.85,0.682,0.541,0.715,0.364,0.733,0.79,0.846,0.626
chr13_53050552_G_A,0.861,0.726,0.714,0.603,0.695,0.696,0.653,0.794,0.526,0.829,0.765,0.745,0.763
chr14_19876657_G_A,0.437,0.346,0.42,0.289,0.425,0.37,0.384,0.385,0.379,0.412,0.403,0.38,0.385
chr14_73569582_C_T,0.647,0.825,0.664,0.697,0.733,0.801,0.739,0.816,0.765,0.852,0.739,0.777,0.759
chr15_23687333_G_A,0.721,0.739,0.648,0.644,0.609,0.765,0.842,0.875,0.765,0.838,0.884,0.737,0.75
chr15_30942988_T_C,0.143,0,0,0,0,0,0,0,0,0,0,0,0
chr15_43526805_G_C,0.813,0.733,0.636,0.706,0.681,0.768,0.791,0.803,0.749,0.846,0.803,0.754,0.755
chr15_45113449_T_A,0.132,0,0,0,0,0,0,0,0,0,0,0,0
chr15_49155754_C_T,0.85,0.708,0.816,0.698,0.833,0.647,0.883,0.799,0.888,0.698,0.824,0.683,0.75
chr15_52061392_C_T,0.068,0,0,0,0,0,0,0,0,0,0,0,0
chr15_66532410_A_T,0.808,0.703,0.75,0.762,0.697,0.773,0.69,0.75,0.821,0.737,0.793,0.821,0.622
chr15_90348907_G_A,0.771,0.799,0.676,0.816,0.757,0.69,0.785,0.828,0.785,0.844,0.797,0.725,0.767
chr16_1474876_C_G,0.5,0.519,0.525,0.27,0.335,0.4,0.395,0.315,0.419,0.514,0.333,0.462,0.424
chr16_2223550_G_C,0.484,0.56,0.406,0.315,0.364,0.343,0.36,0.449,0.545,0.474,0.5,0.5,0.375
chr16_15635876_C_A,0.463,0.434,0.425,0.447,0.463,0.404,0.488,0.419,0.342,0.438,0.406,0.42,0.374
chr16_22432802_G_A,0.331,0,0,0,0,0,0,0,0,0,0,0,0
chr16_27235333_C_A,0.419,0.483,0.321,0.356,0.281,0.337,0.447,0.386,0.367,0.409,0.429,0.416,0.309
chr16_54240396_G_A,0.396,0.53,0.471,0.359,0.35,0.394,0.471,0.398,0.45,0.435,0.459,0.365,0.439
chr16_70679407_T_A,0.489,0.412,0.277,0.461,0.485,0.442,0.469,0.544,0.397,0.469,0.454,0.355,0.432
chr16_77322267_T_C,0.367,0.52,0.393,0.432,0.271,0.429,0.542,0.516,0.414,0.47,0.492,0.426,0.429
chr16_88429381_A_T,0.513,0.591,0.481,0.324,0.45,0.523,0.409,0.523,0.553,0.472,0.474,0.406,0.507
chr17_3005384_C_T,0.078,0,0,0,0,0,0,0,0,0,0,0,0
chr17_7674262_T_C,0.858,0.775,0.699,0.865,0.727,0.718,0.76,0.743,0.697,0.852,0.828,0.824,0.762
chr17_29618184_T_C,0.546,0.634,0.572,0.55,0.574,0.545,0.548,0.706,0.575,0.569,0.58,0.568,0.622
chr17_35479311_G_A,0.564,0.585,0.541,0.508,0.505,0.504,0.578,0.583,0.63,0.648,0.607,0.589,0.523
chr17_42810970_G_A,0.256,0.244,0.323,0.335,0.262,0.257,0.326,0.287,0.297,0.291,0.275,0.352,0.372
chr17_46171459_C_G,0.312,0.266,0.315,0.243,0.306,0.24,0.274,0.242,0.3,0.272,0.317,0.33,0.245
chr17_47818431_T_A,0.288,0.276,0.337,0.338,0.213,0.269,0.365,0.34,0.31,0.275,0.293,0.25,0.3
chr17_51263306_A_G,0.604,0.699,0.586,0.61,0.644,0.639,0.665,0.554,0.592,0.661,0.605,0.574,0.577
chr17_66229368_T_C,0.393,0.25,0.25,0.293,0.348,0.45,0.333,0.364,0.307,0.432,0.333,0.29,0.419
chr17_72121566_G_A,0.527,0.606,0.556,0.629,0.625,0.593,0.62,0.53,0.563,0.702,0.452,0.675,0.544
chr17_74360311_G_A,0.235,0.308,0.287,0.394,0.33,0.308,0.277,0.325,0.33,0.372,0.318,0.273,0.216
chr17_74879480_G_A,0.063,0,0,0,0,0,0,0,0,0,0,0,0
chr17_80291608_C_T,0.701,0.456,0.524,0.602,0.536,0.615,0.568,0.591,0.453,0.605,0.625,0.547,0.566
chr18_3742450_C_T,0.479,0.418,0.456,0.378,0.401,0.481,0.461,0.47,0.51,0.497,0.421,0.44,0.431
chr18_25227580_C_T,0.385,0.4,0.408,0.364,0.413,0.39,0.368,0.455,0.417,0.405,0.38,0.483,0.489
chr18_46542867_A_G,0.464,0.454,0.463,0.5,0.355,0.378,0.5,0.418,0.368,0.436,0.286,0.314,0.42
chr18_50895952_A_G,0.25,0,0.405,0.238,0,0.417,0.556,0.5,0.313,0.4,0.372,0,0.357
chr18_80160082_C_T,0.477,0.474,0.458,0.479,0.422,0.363,0.465,0.443,0.418,0.45,0.487,0.47,0.429
chr19_3492298_C_T,0.418,0.452,0.527,0.41,0.483,0.417,0.404,0.38,0.392,0.412,0.365,0.488,0.366
chr19_10292865_A_G,0.487,0.458,0.445,0.433,0.422,0.43,0.463,0.473,0.437,0.457,0.446,0.428,0.426
chr19_10554189_C_A,0.029,0,0,0,0,0,0,0,0,0,0,0,0
chr19_15180703_G_T,0.59,0.461,0.274,0.355,0.394,0.373,0.425,0.349,0.409,0.259,0.484,0.432,0.411
chr19_19146494_C_A,0.497,0.335,0.379,0.447,0.444,0.415,0.45,0.386,0.495,0.465,0.439,0.421,0.43
chr19_34679977_A_T,0.522,0.444,0.5,0.343,0.468,0.413,0.281,0.458,0.408,0.529,0.432,0.453,0.354
chr19_35722719_G_A,0.505,0.476,0.451,0.382,0.407,0.384,0.569,0.305,0.483,0.467,0.411,0.391,0.487
chr19_50714243_G_A,0.334,0.333,0.435,0.382,0.544,0.492,0.41,0.43,0.453,0.448,0.418,0.488,0.317
chr20_57365485_C_G,0.383,0.426,0.509,0.458,0.29,0.345,0.407,0.512,0.371,0.495,0.383,0.46,0.468
chr21_30396179_C_A,0.425,0.349,0.352,0.332,0.384,0.293,0.441,0.373,0.406,0.425,0.43,0.484,0.381
chrX_41134907_G_A,0.081,0,0,0,0,0,0,0,0,0,0,0,0
chrX_41134916_G_C,0.081,0,0,0,0,0,0,0,0,0,0,0,0
chrX_80716079_A_G,0.167,0,0,0,0,0,0,0,0,0,0,0,0
chrX_80716088_T_C,0.167,0,0,0,0,0,0,0,0,0,0,0,0
chrX_105822874_G_A,0.853,0.734,0.901,0.693,0.862,0.839,0.704,0.8,0.772,0.852,0.826,0.882,0.929
chrX_107167652_A_G,0.719,0,0,0.755,0,0,0,0.834,0,0,0,0,0
chrX_108150129_T_C,0.873,0.839,0.831,0.8,0.854,0.797,0.8,0.845,0.816,0.845,0.886,0.917,0.753
chrX_110176010_G_T,0.875,0.879,0.803,0.81,0.795,0.797,0.843,0.85,0.903,0.88,0.851,0.881,0.797
chr1_25562927_C_A,0,0.323,0,0,0.261,0.221,0,0,0,0,0,0,0
chr1_236825372_G_A,0,0.038,0,0,0,0,0,0,0,0,0,0,0
chr2_240568745_G_T,0,0.182,0,0,0,0,0,0,0,0,0,0,0
chr2_240568750_G_A,0,0.182,0,0,0,0,0,0,0,0,0,0,0
chr3_112499373_A_G,0,0.05,0,0,0,0,0,0,0,0,0,0,0
chr4_61996220_A_G,0,0.6,0,0,0.394,0.331,0,0,0,0,0,0,0
chr5_55467927_C_A,0,0.411,0.548,0,0.461,0.363,0,0,0,0,0,0,0
chr5_146230846_A_G,0,0.034,0,0,0,0,0,0,0,0,0,0,0
chr6_36902254_G_A,0,0.333,0,0,0,0,0,0,0,0,0,0,0
chr7_66092079_G_A,0,0.09,0,0,0,0,0,0,0,0,0,0,0
chr8_31147108_G_A,0,0.065,0,0,0,0,0,0,0,0,0,0,0
chr8_124486360_A_G,0,0.113,0.332,0,0,0.157,0,0,0,0,0,0,0
chr8_135291193_C_T,0,0.044,0.031,0,0,0.026,0,0,0,0,0,0,0
chr9_136438663_C_T,0,0.047,0,0,0,0,0,0,0,0,0,0,0
chr11_45212751_G_A,0,0.158,0.523,0,0,0.256,0,0,0,0,0,0,0
chr12_56207669_T_A,0,0.525,0.463,0,0.385,0.429,0,0,0,0,0,0,0
chr14_55390935_T_A,0,0.6,0.5,0,0.667,0.714,0,0,0,0,0,0,0
chr16_74899757_G_T,0,0.054,0,0,0,0,0,0,0,0,0,0,0
chr18_13105080_G_A,0,0.473,0.519,0,0.394,0.465,0,0,0,0,0,0,0
chr19_5144203_C_T,0,0.416,0.463,0,0.425,0.51,0,0,0,0,0,0,0
chr19_14518230_G_A,0,0.041,0,0,0,0,0,0,0,0,0,0,0
chr19_37893456_C_T,0,0.188,0.565,0,0,0.208,0,0,0,0,0,0,0
chr19_48320292_G_T,0,0.2,0,0,0,0,0,0,0,0,0,0,0
chr20_18497159_A_C,0,0.172,0.286,0,0,0.204,0,0,0,0,0,0,0
chr22_21666173_C_T,0,0.075,0,0,0,0,0,0,0,0,0,0,0
chr22_38566780_C_T,0,0.318,0,0,0,0,0,0,0,0,0,0,0
chrX_101616587_C_T,0,0.231,0,0,0,0,0,0,0,0,0,0,0
chr1_21874700_G_A,0,0,0.109,0,0,0,0,0,0,0,0,0,0
chr1_175947187_T_C,0,0,0.133,0,0,0,0,0,0,0,0,0,0
chr1_200408355_T_C,0,0,0.136,0,0,0,0,0,0,0,0,0,0
chr2_6866118_C_T,0,0,0.055,0,0,0,0,0,0,0,0,0,0
chr2_197487897_A_G,0,0,0.375,0,0,0,0,0.3,0.727,0.5,0.571,0,0
chr7_152108113_G_A,0,0,0.036,0,0,0,0,0,0,0,0,0,0
chr8_109974142_C_A,0,0,0.028,0,0,0,0,0,0,0,0,0,0
chr11_111760852_C_T,0,0,0.17,0,0,0,0,0,0,0,0,0,0
chr12_12875760_C_T,0,0,0.053,0,0,0,0,0,0,0,0,0,0
chr12_101685713_C_A,0,0,0.142,0,0,0,0,0,0,0,0,0,0
chr16_67326679_C_T,0,0,0.04,0,0,0,0,0,0,0,0,0,0
chr17_21214277_G_A,0,0,0.108,0,0,0,0,0,0,0,0,0,0
chr19_19187002_G_A,0,0,0.088,0,0,0,0,0,0,0,0,0,0
chr19_38911703_T_G,0,0,0.263,0,0,0,0,0,0,0,0,0,0
chrX_34131695_G_A,0,0,0.062,0,0,0,0,0,0,0,0,0,0
chr1_152313494_A_G,0,0,0,0.073,0,0,0,0.157,0,0,0,0,0
chr1_156946989_G_A,0,0,0,0.046,0,0,0,0,0,0,0,0,0
chr1_204140114_G_A,0,0,0,0.215,0,0,0,0,0,0,0,0,0
chr2_74575402_G_A,0,0,0,0.035,0,0,0,0,0,0,0,0,0
chr3_15413973_C_T,0,0,0,0.125,0,0,0,0.221,0,0,0,0,0
chr3_126353071_C_T,0,0,0,0.25,0,0,0,0,0,0,0,0,0
chr3_126353077_T_C,0,0,0,0.25,0,0,0,0,0,0,0,0,0
chr3_138064527_A_C,0,0,0,0.266,0,0,0,0.375,0,0,0,0,0
chr4_142429199_T_C,0,0,0,0.428,0,0,0,0,0,0,0,0,0
chr8_79665624_G_A,0,0,0,0.03,0,0,0,0,0,0,0,0,0
chr11_64789658_G_C,0,0,0,0.115,0,0,0,0,0,0,0,0,0
chr12_56094412_C_T,0,0,0,0.48,0,0,0,0.318,0,0,0,0,0
chr15_91889253_G_A,0,0,0,0.166,0,0,0,0,0,0,0,0,0
chr16_24556083_G_C,0,0,0,0.19,0,0,0,0,0,0,0,0,0
chr19_4216856_G_A,0,0,0,0.106,0,0,0,0,0,0,0,0,0
chr20_49270671_C_T,0,0,0,0.077,0,0,0,0,0,0,0,0,0
chr1_231201474_G_A,0,0,0,0,0.029,0,0,0,0,0,0,0,0
chr5_141192563_G_A,0,0,0,0,0.054,0,0,0,0,0,0,0,0
chr9_85642828_T_C,0,0,0,0,0.429,0.667,0,0,0.375,0.857,0.637,0,0.556
chr11_1248372_C_T,0,0,0,0,0.155,0,0,0,0,0,0,0,0
chr13_85796325_G_A,0,0,0,0,0.057,0,0,0,0,0,0,0,0
chr15_92937591_A_T,0,0,0,0,0.125,0,0,0,0,0,0,0,0
chr16_20952511_T_C,0,0,0,0,0.187,0,0,0,0,0,0,0,0
chr16_50784434_T_G,0,0,0,0,0.071,0,0,0,0,0,0,0,0
chr19_54735261_A_G,0,0,0,0,0.075,0,0,0,0,0,0,0,0
chr20_8765181_C_T,0,0,0,0,0.143,0,0,0,0,0,0,0,0
chr21_41395613_G_A,0,0,0,0,0.058,0,0,0,0,0,0,0,0
chr4_3343109_C_A,0,0,0,0,0,0.147,0.441,0,0,0.49,0.44,0.471,0.484
chr4_69485278_T_C,0,0,0,0,0,0.077,0,0,0,0,0,0,0
chr11_113368184_C_T,0,0,0,0,0,0.111,0,0,0,0,0,0,0
chr17_27605780_G_A,0,0,0,0,0,0.032,0,0,0,0,0,0,0
chr19_39100685_A_T,0,0,0,0,0,0.051,0,0,0,0,0,0,0
chr22_43839780_G_A,0,0,0,0,0,0.089,0,0,0,0,0,0,0
chr1_172665516_G_A,0,0,0,0,0,0,0.444,0,0.233,0.267,0.454,0.472,0.464
chr2_25928991_G_A,0,0,0,0,0,0,0.069,0,0,0,0,0,0
chr2_97209762_G_C,0,0,0,0,0,0,0.333,0,0,0,0,0,0
chr4_82875712_T_C,0,0,0,0,0,0,0.1,0,0,0,0,0,0
chr10_91152679_G_A,0,0,0,0,0,0,0.057,0,0,0,0,0,0
chr11_67304722_C_G,0,0,0,0,0,0,0.085,0,0,0,0,0,0
chr12_121843748_C_T,0,0,0,0,0,0,0.108,0,0,0,0,0,0
chr13_24321255_A_G,0,0,0,0,0,0,0.181,0,0,0,0,0,0
chr16_71669430_T_A,0,0,0,0,0,0,0.394,0,0.444,0.489,0.349,0.443,0.541
chr17_4584673_C_T,0,0,0,0,0,0,0.5,0,0,0,0,0,0
chr17_29534087_T_C,0,0,0,0,0,0,0.287,0,0.271,0.286,0.334,0.221,0.341
chr18_267867_T_G,0,0,0,0,0,0,0.469,0,0.286,0.45,0.455,0.385,0.499
chr20_64076948_T_C,0,0,0,0,0,0,0.229,0,0,0,0,0,0
chr22_18883370_C_T,0,0,0,0,0,0,0.5,0,0,0,0,0,0.429
chrX_27461621_C_T,0,0,0,0,0,0,0.8,0,0.114,0,0.339,0,0
chrX_49251441_G_A,0,0,0,0,0,0,0.051,0,0,0,0,0,0
chr1_117988155_T_G,0,0,0,0,0,0,0,0.138,0,0,0,0,0
chr2_84838273_T_G,0,0,0,0,0,0,0,0.214,0,0,0,0,0
chr5_176090339_C_A,0,0,0,0,0,0,0,0.286,0,0,0,0,0
chr11_119195074_T_C,0,0,0,0,0,0,0,0.143,0,0,0,0,0
chr12_3679074_T_C,0,0,0,0,0,0,0,0.168,0,0,0,0,0
chr12_100323755_A_G,0,0,0,0,0,0,0,0.221,0,0,0,0,0
chr12_104318994_G_A,0,0,0,0,0,0,0,0.041,0,0,0,0,0
chr13_51369362_C_T,0,0,0,0,0,0,0,0.2,0,0,0,0,0
chr14_34608211_C_T,0,0,0,0,0,0,0,0.333,0,0,0,0,0
chr16_4382597_C_T,0,0,0,0,0,0,0,0.112,0,0,0,0,0
chr19_5832120_C_T,0,0,0,0,0,0,0,0.031,0,0,0,0,0
chrX_152728193_T_A,0,0,0,0,0,0,0,0.076,0,0,0,0,0
chrX_153456546_C_T,0,0,0,0,0,0,0,0.176,0,0,0,0,0
chr2_157321690_C_T,0,0,0,0,0,0,0,0,0.094,0,0,0,0
chr4_77819074_A_G,0,0,0,0,0,0,0,0,0.2,0,0,0,0
chr9_34371121_G_T,0,0,0,0,0,0,0,0,0.041,0,0,0,0
chr9_128185719_G_A,0,0,0,0,0,0,0,0,0.229,0.152,0,0,0
chr12_51888790_A_G,0,0,0,0,0,0,0,0,0.063,0,0,0,0
chr12_82896292_A_G,0,0,0,0,0,0,0,0,0.087,0,0,0,0
chr12_117253757_G_A,0,0,0,0,0,0,0,0,0.02,0,0,0,0
chr21_39196527_G_T,0,0,0,0,0,0,0,0,0.031,0,0,0,0
chr3_3152447_T_C,0,0,0,0,0,0,0,0,0,0.058,0,0,0
chr3_100816824_T_C,0,0,0,0,0,0,0,0,0,0.14,0,0,0
chr6_36302189_C_G,0,0,0,0,0,0,0,0,0,0.045,0,0,0
chr11_22341824_C_T,0,0,0,0,0,0,0,0,0,0.04,0,0,0
chr15_101757206_G_A,0,0,0,0,0,0,0,0,0,0.572,0,0,0
chr17_29090121_G_A,0,0,0,0,0,0,0,0,0,0.034,0,0,0
chr17_38558335_G_T,0,0,0,0,0,0,0,0,0,0.055,0,0,0
chr17_76023537_G_T,0,0,0,0,0,0,0,0,0,0.056,0,0,0
chr1_52980508_T_C,0,0,0,0,0,0,0,0,0,0,0.135,0,0
chr4_146182969_C_T,0,0,0,0,0,0,0,0,0,0,0.097,0,0
chr8_140909156_C_G,0,0,0,0,0,0,0,0,0,0,0.333,0,0
chr8_140909159_C_T,0,0,0,0,0,0,0,0,0,0,0.333,0,0
chr10_49132059_G_T,0,0,0,0,0,0,0,0,0,0,0.035,0,0
chr11_2384754_C_T,0,0,0,0,0,0,0,0,0,0,0.047,0,0
chr12_56600389_C_T,0,0,0,0,0,0,0,0,0,0,0.04,0,0
chr17_63918874_G_A,0,0,0,0,0,0,0,0,0,0,0.159,0,0.064
chr18_21798101_C_T,0,0,0,0,0,0,0,0,0,0,0.043,0,0
chr19_18433660_C_T,0,0,0,0,0,0,0,0,0,0,0.333,0,0
chr19_40577609_G_A,0,0,0,0,0,0,0,0,0,0,0.043,0,0
chr19_44809261_G_C,0,0,0,0,0,0,0,0,0,0,0.106,0,0
chrX_24575129_C_T,0,0,0,0,0,0,0,0,0,0,0.429,0,0
chr1_158649957_G_T,0,0,0,0,0,0,0,0,0,0,0,0.164,0
chr1_158649959_A_G,0,0,0,0,0,0,0,0,0,0,0,0.164,0
chr2_96289971_G_A,0,0,0,0,0,0,0,0,0,0,0,0.065,0
chr5_64800218_C_T,0,0,0,0,0,0,0,0,0,0,0,0.067,0
chr6_152416792_C_T,0,0,0,0,0,0,0,0,0,0,0,0.054,0
chr7_34085751_T_C,0,0,0,0,0,0,0,0,0,0,0,0.171,0.171
chr7_83155784_G_T,0,0,0,0,0,0,0,0,0,0,0,0.198,0.208
chr7_117780435_A_G,0,0,0,0,0,0,0,0,0,0,0,0.222,0
chr7_117780444_G_T,0,0,0,0,0,0,0,0,0,0,0,0.2,0
chr8_133212806_T_C,0,0,0,0,0,0,0,0,0,0,0,0.101,0
chr9_39809563_C_A,0,0,0,0,0,0,0,0,0,0,0,0.2,0
chr12_56247379_A_G,0,0,0,0,0,0,0,0,0,0,0,0.4,0
chr14_56178551_T_C,0,0,0,0,0,0,0,0,0,0,0,0.253,0
chr17_7906612_C_A,0,0,0,0,0,0,0,0,0,0,0,0.1,0
chr19_47480775_G_A,0,0,0,0,0,0,0,0,0,0,0,0.297,0
chr20_46029408_T_C,0,0,0,0,0,0,0,0,0,0,0,0.111,0
chr20_46029412_G_T,0,0,0,0,0,0,0,0,0,0,0,0.111,0
chr20_62894853_G_A,0,0,0,0,0,0,0,0,0,0,0,0.055,0
chr21_36239850_T_C,0,0,0,0,0,0,0,0,0,0,0,0.333,0
chr6_36302323_G_T,0,0,0,0,0,0,0,0,0,0,0,0,0.062
chr12_53073249_C_A,0,0,0,0,0,0,0,0,0,0,0,0,0.33
chr17_45243946_G_A,0,0,0,0,0,0,0,0,0,0,0,0,0.019
chr19_49525210_G_A,0,0,0,0,0,0,0,0,0,0,0,0,0.042
