mut_id,02,03,04,05,06,07,08,10,11
chr1_18335019_A_G,0.05,0,0,0.037,0,0.076,0,0,0.038
chr1_70433888_T_C,0.093,0.049,0,0,0,0.085,0,0,0.073
chr1_248522347_G_A,0.068,0,0,0,0,0,0,0,0
chr2_32463187_A_T,0.068,0.072,0,0,0,0,0,0,0.05
chr2_187363328_C_G,0.118,0,0,0,0,0.092,0,0,0.185
chr3_122728379_C_G,0.049,0,0,0,0,0,0,0,0
chr5_21483092_A_T,0.1,0,0,0,0,0,0.062,0.089,0.066
chr7_55191822_T_G,0.065,0.042,0.035,0,0,0.139,0,0,0.103
chr8_142665692_T_C,0.044,0,0,0.036,0,0.093,0,0,0.066
chr12_6748931_C_A,0.142,0,0,0,0,0,0,0,0
chr14_39122527_G_A,0.053,0,0,0,0,0,0,0,0
chr16_1729234_G_T,0.068,0,0,0.038,0,0.074,0,0,0.074
chr16_67174305_G_T,0.063,0,0,0.057,0,0.088,0,0,0.091
chr17_82740858_T_G,0.129,0,0,0,0,0,0,0,0
chr19_22685913_T_A,0.119,0,0,0.08,0,0.102,0.105,0,0
chr19_22685915_G_C,0.119,0,0,0.079,0,0.102,0.105,0,0
chr19_35269623_T_G,0.193,0,0,0,0,0,0,0,0
chr20_35699043_G_A,0.105,0,0,0.081,0,0.084,0,0,0
chrX_125320888_G_A,0.047,0.038,0,0.048,0,0.055,0,0,0.071
chr1_114693504_G_T,0,0.122,0,0,0,0,0,0,0
chr2_65072804_G_A,0,0.16,0,0,0,0,0,0,0
chr2_88860619_T_G,0,0.111,0,0,0,0,0,0,0
chr2_88860758_T_A,0,0.212,0,0,0,0,0,0,0
chr2_88860778_T_C,0,0.177,0,0,0,0,0,0,0
chr2_88860866_C_T,0,0.19,0,0,0,0,0,0,0
chr2_88861018_T_C,0,0.258,0,0,0,0,0,0,0
chr2_154409027_G_T,0,0.206,0,0,0,0,0,0,0
chr2_165679150_C_T,0,0.225,0,0,0,0,0,0,0
chr2_186761904_C_T,0,0.084,0,0,0,0,0,0,0.076
chr2_219473949_A_G,0,0.2,0,0,0,0,0,0,0
chr3_49642498_G_A,0,0.053,0,0,0,0,0,0,0
chr3_180708825_T_G,0,0.171,0,0,0,0,0,0,0
chr3_183762250_G_T,0,0.038,0,0,0,0,0,0,0
chr6_97064780_C_T,0,0.1,0,0,0,0,0,0,0
chr6_157206904_C_T,0,0.119,0,0,0,0,0,0,0
chr7_12389304_T_C,0,0.162,0,0,0,0,0,0,0
chr7_80802657_G_A,0,0.096,0,0,0,0,0,0,0
chr7_142166314_C_T,0,0.214,0,0,0,0,0,0,0
chr9_42894598_G_A,0,0.148,0,0,0,0,0,0,0
chr10_18518588_C_T,0,0.181,0,0,0,0,0,0,0
chr10_104055049_A_C,0,0.167,0,0,0,0,0,0,0
chr11_2422315_G_A,0,0.058,0,0,0,0,0,0,0
chr11_8730920_C_A,0,0.135,0,0,0,0,0,0,0
chr11_9501202_C_T,0,0.182,0,0,0,0,0,0,0
chr11_72651017_C_T,0,0.143,0,0,0,0,0,0,0
chr11_76795653_G_A,0,0.139,0,0,0,0,0,0,0
chr11_89710499_T_A,0,0.138,0,0,0,0,0,0,0
chr11_94544646_C_T,0,0.226,0,0,0,0,0,0,0
chr12_10073359_C_T,0,0.145,0,0,0,0,0,0,0
chr13_29100911_C_T,0,0.112,0,0,0,0,0,0,0
chr13_36329455_G_A,0,0.135,0,0,0,0,0,0,0
chr13_94465696_G_A,0,0.11,0,0,0,0,0,0,0
chr13_113326004_G_T,0,0.129,0,0,0,0,0,0,0
chr14_78966410_A_C,0,0.151,0,0,0,0,0,0,0
chr14_101032090_T_C,0,0.153,0,0,0,0,0,0,0
chr14_106770936_T_G,0,0.083,0,0,0,0,0,0,0
chr15_26642595_T_A,0,0.205,0,0,0,0,0,0,0
chr15_48421753_G_T,0,0.259,0,0,0,0,0,0,0
chr15_56734062_T_G,0,0.14,0,0,0,0,0,0,0
chr16_3057453_C_A,0,0.17,0,0,0,0,0,0,0
chr16_27213630_A_G,0,0.119,0,0,0,0,0,0,0
chr16_29364735_T_A,0,0.067,0,0,0,0,0,0,0
chr16_33978781_C_T,0,0.054,0,0.081,0,0.049,0.039,0,0
chr16_54933712_C_G,0,0.127,0,0,0,0,0,0,0
chr16_84179024_C_A,0,0.161,0,0,0,0,0,0,0
chr16_88881327_G_A,0,0.174,0,0,0,0,0,0,0
chr17_41818189_G_A,0,0.129,0,0,0,0,0,0,0
chr18_7038886_T_G,0,0.14,0,0,0,0,0,0,0
chr19_51341781_C_A,0,0.154,0,0,0,0,0,0,0
chr19_54575294_C_G,0,0.045,0,0,0,0,0,0,0.059
chr20_10650292_T_C,0,0.045,0,0,0,0,0,0,0
chr20_38724928_G_A,0,0.217,0,0,0,0,0,0,0
chr21_39779207_C_T,0,0.232,0,0,0,0,0,0,0
chr22_19233600_G_A,0,0.209,0,0,0,0,0,0,0
chr22_22888277_C_T,0,0.416,0,0,0,0,0,0,0
chrX_2943160_T_C,0,0.147,0,0,0,0,0,0,0
chrX_49186291_C_T,0,0.171,0,0,0,0,0,0,0
chrX_68511977_C_T,0,0.154,0,0,0,0,0,0,0
chrX_130025174_C_T,0,0.149,0,0,0,0,0,0,0
chr2_88860508_A_G,0,0,0.101,0,0,0,0,0,0
chr3_75741327_G_T,0,0,0.117,0,0,0,0,0,0
chr22_22687133_T_G,0,0,0.023,0,0,0,0,0,0
chr4_37446534_C_T,0,0,0,0.039,0,0.045,0.028,0,0.042
chr13_19177474_G_A,0,0,0,0.065,0,0,0,0,0
chr15_90910621_C_T,0,0,0,0.035,0,0,0,0,0
chr16_71629414_G_A,0,0,0,0.074,0,0.086,0,0,0.157
chr17_5500616_A_C,0,0,0,0.055,0,0,0,0,0.082
chr15_55833020_C_A,0,0,0,0,0.094,0,0,0,0
chr1_12665954_G_A,0,0,0,0,0,0.074,0,0,0.106
chr1_37033939_T_C,0,0,0,0,0,0.095,0,0,0
chr1_147908477_G_A,0,0,0,0,0,0.053,0,0,0
chr1_183905059_A_G,0,0,0,0,0,0.065,0,0,0
chr1_211978360_G_A,0,0,0,0,0,0.065,0,0,0.043
chr1_220059742_G_A,0,0,0,0,0,0.172,0,0,0.097
chr1_237755066_T_A,0,0,0,0,0,0.064,0,0,0
chr2_162310890_T_C,0,0,0,0,0,0.145,0,0,0.349
chr2_168976628_T_A,0,0,0,0,0,0.124,0.051,0,0.135
chr2_241755260_T_G,0,0,0,0,0,0.162,0,0,0
chr3_12936845_G_C,0,0,0,0,0,0.055,0,0,0.073
chr3_114131038_C_T,0,0,0,0,0,0.106,0,0,0
chr3_114295734_G_A,0,0,0,0,0,0.057,0,0,0.072
chr6_32519556_T_C,0,0,0,0,0,0.154,0,0,0
chr7_45610516_C_T,0,0,0,0,0,0.055,0,0,0
chr7_75561987_A_C,0,0,0,0,0,0.058,0,0,0
chr7_100556582_C_G,0,0,0,0,0,0.111,0,0,0
chr7_100819794_C_T,0,0,0,0,0,0.081,0,0,0
chr10_92593365_C_T,0,0,0,0,0,0.055,0,0,0
chr11_5046928_G_A,0,0,0,0,0,0.048,0,0,0
chr12_441767_C_A,0,0,0,0,0,0.048,0,0,0
chr15_52264205_C_T,0,0,0,0,0,0.071,0,0,0
chr16_19472183_T_C,0,0,0,0,0,0.033,0,0,0
chr16_51140426_T_G,0,0,0,0,0,0.088,0,0,0
chr16_67201695_A_T,0,0,0,0,0,0.086,0.057,0,0.108
chr16_71850207_C_T,0,0,0,0,0,0.069,0,0,0
chr16_76309998_A_T,0,0,0,0,0,0.067,0,0,0.123
chr17_18144063_T_C,0,0,0,0,0,0.019,0,0,0
chr21_18281174_A_T,0,0,0,0,0,0.053,0,0,0
chrX_141003461_C_A,0,0,0,0,0,0.042,0,0,0.057
chr1_110176697_G_T,0,0,0,0,0,0,0.035,0,0
chr5_16685700_T_A,0,0,0,0,0,0,0.114,0,0
chr5_110738132_C_T,0,0,0,0,0,0,0.056,0,0
chr5_141384134_G_A,0,0,0,0,0,0,0.04,0,0
chr5_144206765_C_T,0,0,0,0,0,0,0.063,0,0
chr8_144058549_C_T,0,0,0,0,0,0,0.024,0,0
chr9_127325044_T_C,0,0,0,0,0,0,0.085,0,0
chr10_30848953_G_T,0,0,0,0,0,0,0.042,0,0
chr11_71482885_A_G,0,0,0,0,0,0,0.036,0,0
chr11_121145638_G_A,0,0,0,0,0,0,0.033,0,0
chr12_52809604_G_A,0,0,0,0,0,0,0.172,0,0
chr12_121180323_A_G,0,0,0,0,0,0,0.051,0,0
chr12_128696062_C_T,0,0,0,0,0,0,0.043,0,0
chr15_99800188_T_G,0,0,0,0,0,0,0.063,0,0
chr16_5030403_C_T,0,0,0,0,0,0,0.101,0,0
chr16_67649166_G_A,0,0,0,0,0,0,0.041,0,0
chr19_7611720_C_T,0,0,0,0,0,0,0.075,0,0
chr19_42926411_G_A,0,0,0,0,0,0,0.063,0,0
chr22_32232884_G_A,0,0,0,0,0,0,0.038,0,0
chrX_54951949_C_A,0,0,0,0,0,0,0.021,0,0
chrX_100957470_C_A,0,0,0,0,0,0,0.036,0,0
chr12_1856139_A_C,0,0,0,0,0,0,0,0.071,0
chr1_13513312_C_T,0,0,0,0,0,0,0,0,0.062
chr1_162381868_C_T,0,0,0,0,0,0,0,0,0.065
chr2_27333751_T_C,0,0,0,0,0,0,0,0,0.059
chr2_38989098_G_A,0,0,0,0,0,0,0,0,0.093
chr3_114351406_G_A,0,0,0,0,0,0,0,0,0.036
chr4_176792244_C_A,0,0,0,0,0,0,0,0,0.122
chr5_57482157_C_A,0,0,0,0,0,0,0,0,0.053
chr6_6206626_T_A,0,0,0,0,0,0,0,0,0.176
chr6_32581794_G_T,0,0,0,0,0,0,0,0,0.024
chr7_73225749_G_A,0,0,0,0,0,0,0,0,0.086
chr7_101613367_C_T,0,0,0,0,0,0,0,0,0.077
chr7_103700991_C_T,0,0,0,0,0,0,0,0,0.095
chr10_129867689_T_C,0,0,0,0,0,0,0,0,0.063
chr11_15077422_C_T,0,0,0,0,0,0,0,0,0.047
chr11_58228383_C_T,0,0,0,0,0,0,0,0,0.096
chr15_48411216_G_T,0,0,0,0,0,0,0,0,0.151
chr16_88658560_G_T,0,0,0,0,0,0,0,0,0.059
chr17_12896505_G_A,0,0,0,0,0,0,0,0,0.05
chr17_19742823_C_T,0,0,0,0,0,0,0,0,0.039
chr19_7645266_G_A,0,0,0,0,0,0,0,0,0.072
chr19_14597147_C_T,0,0,0,0,0,0,0,0,0.043
chr20_44904081_A_G,0,0,0,0,0,0,0,0,0.143
chr20_50750088_G_A,0,0,0,0,0,0,0,0,0.043
chr22_19456461_C_T,0,0,0,0,0,0,0,0,0.104
