mut_id,1,2,3,4,5,6,7-1,7-2,8,9,10,11,12,13,14,15,16,17,18,19,22,29
1_38338769_C>T_-,0.498929,0.499148,0.496788,0.438757,0.509615,0.492723,0.287263,0.356998,0.530067,0.442353,0.5,0.462585,0.365702,0.485194,0.453901,0.393075,0.451872,0.431772,0.460905,0.409611,0.488518,0.402985
1_89519108_C>G_-,0.428571,0.508772,0.5,0.459016,0.349206,0.477273,0.169811,0.23913,0.625,0.291667,0.472727,0.532258,0.343284,0.484848,0.275,0.324675,0.478261,0.181818,0.529412,0.3,0.4,0.346154
1_154108289_C>T_-,0.066474,0.083135,0,0.088578,0,0,0.057508,0,0,0,0,0,0,0,0,0,0,0,0,0,0,0
1_247587373_G>A_+,0.523256,0.440771,0.451613,0.44098,0.459459,0.441718,0.220472,0.307471,0.390449,0.406877,0.42378,0.476064,0.44964,0.484561,0.504918,0.39782,0.43956,0.258687,0.430851,0.353116,0.428169,0.412463
2_86389188_C>G_-,0.097826,0.224,0.243902,0.165354,0.293651,0.277311,0,0,0.125,0.128713,0.375,0,0,0,0.099099,0,0,0,0,0,0.308642,0
2_167266731_A>G_-,0.489247,0.461538,0.461988,0.494444,0.494382,0.458333,0.260163,0.363636,0.483871,0.448485,0.439024,0.415094,0.527273,0.477987,0.482353,0.406091,0.38674,0.371212,0.497409,0.48,0.479798,0.397727
2_173292569_C>T_+,0.578947,0.505556,0.490099,0.506667,0.466912,0.440171,0.360743,0.436111,0.434629,0.494845,0.494845,0.471631,0.519435,0.50303,0.447653,0.426621,0.497797,0.346491,0.421603,0.3,0.489865,0.437107
2_213872647_G>C_-,0.064,0,0,0,0,0,0,0,0,0,0,0,0,0,0,0,0,0,0,0,0,0
3_185639835_G>-_-,0.495082,0.435045,0.456592,0.428082,0.457478,0.457143,0.240964,0.35,0.451411,0.503185,0.47561,0.433846,0.544304,0.480836,0.534351,0.413105,0.594675,0.506083,0.389892,0.371542,0.360606,0.437247
5_132535083_C>T_-,0.382075,0.447826,0.455696,0.484733,0.469925,0.509225,0.269737,0.334928,0.465812,0.397321,0.456853,0.516129,0.38565,0.46875,0.534759,0.44856,0.430894,0.378486,0.47561,0.285714,0.402542,0.362745
5_150905393_C>T_-,0.464286,0.519337,0.518692,0.52381,0.394872,0.409302,0.346939,0.333333,0.390374,0.442857,0.532995,0.422886,0.585859,0.408696,0.419811,0.41791,0.417178,0.429293,0.445498,0.418919,0.364312,0.425532
5_176308096_A>C_-,0.418919,0.529412,0.51087,0.378378,0.481013,0.561798,0.349206,0.366667,0.479592,0.322917,0.517241,0.422222,0.270588,0.521277,0.530303,0.484848,0.45,0.535714,0.448718,0.375,0.346154,0.543478
6_33643611_A>G_+,0.556818,0.451923,0.526316,0.321839,0.393939,0.4375,0.305556,0.352941,0.410526,0.438202,0.547945,0.387097,0.544554,0.438202,0.477612,0.465909,0.425287,0.385542,0.546512,0.328125,0.339286,0.469136
7_2108954_C>T_-,0.351351,0.515152,0.382979,0.575,0.486486,0.58,0,0.333333,0.424242,0.473684,0.608696,0,0.361702,0.564516,0.631579,0.416667,0.642857,0.527778,0.657895,0.333333,0.5,0.393939
9_99381543_G>A_-,0.325,0.55,0.463415,0.615385,0.557143,0.578947,0.242424,0.5125,0.54902,0.44186,0.454545,0.492537,0.5,0.375,0.483871,0.301887,0.382353,0.454545,0.48,0.454545,0.535211,0.483871
10_50957837_C>T_-,0.980769,0.854167,0.966102,0.947368,0.946667,1,0.625,0.516129,0.887097,0.95,0.982143,0.809524,0.57377,0.949153,0.970149,0.709091,0.977778,0.692308,0.881579,0.514286,0.717949,0.708861
11_18655783_T>C_-,0.164038,0.172185,0.31338,0.170918,0.21843,0.269129,0.111111,0,0.201923,0.124183,0.453074,0,0,0,0.135593,0,0.19,0,0.171196,0.125,0.454545,0
11_45246398_A>T_+,0.415301,0.440594,0.470588,0.495763,0.468421,0.471963,0.253333,0.328859,0.412371,0.465409,0.518135,0.459459,0.506757,0.422857,0.44385,0.448276,0.45509,0.421875,0.390374,0.403846,0.47619,0.352941
11_92088268_A>G_+,0.062802,0.174603,0,0.181818,0,0,0.107477,0,0,0,0,0,0,0,0,0,0,0,0,0,0,0
11_124310290_G>A_-,0.932584,0.931034,0.87931,0.881481,0.96875,0.885246,0.386555,0.583333,0.882353,0.883721,0.954545,0.784483,0.823009,0.934066,0.99,0.748092,0.860656,0.701613,0.751634,0.598214,0.793103,0.664
11_125301092_T>A_+,0.962366,0.871622,0.937107,0.92891,0.927273,0.928571,0.427835,0.542453,0.871921,0.84375,0.966667,0.818713,0.687117,0.892655,0.954839,0.776316,0.928058,0.657303,0.842391,0.695035,0.777778,0.790323
12_6697011_C>G_-,0.170435,0.166419,0.203077,0.197337,0.18541,0.190955,0.158683,0.182752,0.157068,0.199307,0.184725,0.201077,0.056872,0.178683,0.179191,0.204724,0.081181,0.067194,0.183784,0.136961,0.16548,0.151659
12_25398284_C>T_-,0.581498,0.529954,0.620536,0.577406,0.619926,0.674107,0.42069,0.43617,0.624413,0.553097,0.630252,0.597458,0.584416,0.470046,0.640394,0.616393,0.578313,0.515625,0.618644,0.491329,0.600791,0.564444
12_56335054_ACCCACCCACTTCTCGTCTTTG>-_+,0.160714,0.20197,0.21327,0.161404,0.182573,0.185185,0.06746,0.144068,0.204762,0.15311,0.196532,0.235808,0.261364,0.218009,0.212121,0.137363,0.236641,0.173077,0.212871,0.117949,0.217213,0.176166
13_38152994_T>C_-,0.987805,0.960526,0.986667,0,0.965517,0.978495,0.538462,0.72,0.947368,0.873418,1,0.922078,0.972222,0.953125,0,0.817204,0.987952,0.844828,0.928571,0.612245,0.888889,0.839286
13_48936983_C>T_+,0.981279,0.947735,0.971067,0.961409,0.975831,0.963793,0.533186,0.644211,0.943942,0.94061,0.97193,0.910859,0.963893,0.97148,0.989919,0.891185,0.95979,0.795761,0.923197,0.79405,0.91248,0.840555
15_48058194_G>A_+,0.137778,0.180851,0.206239,0.179372,0.206202,0.222034,0.064439,0,0.152542,0.107084,0.446655,0,0,0,0.0928,0,0.179545,0,0.098385,0.142212,0.406646,0
15_75631353_C>T_+,0.640777,0.493976,0.732558,0.5625,0.697674,0.597222,0.408602,0.5,0.510204,0.633663,0.701149,0.630631,0.721519,0.62406,0.607595,0.541667,0.792453,0.765432,0.669811,0.421875,0.507042,0.545455
16_81051405_C>T_+,0.455556,0.27027,0.258824,0.275862,0.263736,0.243902,0.227273,0.296,0.428571,0.380435,0.475248,0.455446,0.222222,0.54717,0.493976,0.363636,0.171429,0.260274,0.305556,0.170455,0,0.420455
17_7578479_G>T_-,0.986111,0.907692,0.9875,0.920455,0.921348,0.902778,0.422222,0.558333,0.882353,0.804878,0.966102,0.888889,0.909091,0.936709,0.935484,0.828571,0.923077,0.650485,0.873239,0.639535,0.828947,0.794118
17_9613316_T>G_+,0.236364,0.403509,0.603774,0.473684,0.644068,0.548387,0,0,0.37037,0.326531,0.880952,0,0,0,0.288462,0,0.387097,0,0.25,0.209677,0.78,0
17_18022622_C>T_+,1,0.958678,0.927419,0.943548,0.951923,0.969388,0.469027,0.578571,0.876106,0.85567,0.975904,0.843478,0.673913,0.961538,0.959184,0.817073,0.929412,0.784,0.926471,0.612903,0.821782,0.698113
17_29560049_A>G_+,0.12766,0,0,0,0,0,0,0,0,0,0,0,0.051724,0,0,0,0,0,0.28,0,0,0
17_41832799_C>G_-,0.160656,0.205788,0.239286,0.21021,0.245955,0.318182,0.107362,0.055,0.21978,0.109325,0.487421,0,0,0,0.140065,0,0.181818,0,0.16369,0.158209,0.397059,0
17_73723285_C>A_+,0.159722,0.163636,0.283088,0.253298,0.269896,0.278226,0.114155,0,0.190476,0.117949,0.477193,0,0,0,0.169173,0,0.145374,0.055738,0.145098,0.125,0.401338,0
19_1226620_C>T_+,0.846154,0.904762,0,0,0.923077,0.866667,0.619048,0.515152,1,0.952381,1,0.8,0,0,0.909091,0,0,0,0.611111,0.5,0.75,0.833333
19_34884851_G>T_+,0.470588,0.459016,0.425134,0.534884,0.501139,0.44665,0.369492,0.466819,0.46978,0.469274,0.458333,0.393862,0.423529,0.463054,0.48,0.523077,0.417526,0.391705,0.40874,0.406433,0.438679,0.446753
19_39294526_T>C_-,0.090323,0,0,0,0,0,0,0,0,0,0,0,0,0,0,0,0,0,0,0,0,0
20_2308835_T>G_+,0.221622,0.208889,0.321569,0.323843,0.299625,0.313559,0.115044,0.071429,0.314554,0.19883,0.435644,0,0.437309,0,0.177143,0,0.404844,0.365931,0.213974,0.220833,0.407975,0
22_38028460_T>A_+,0.437956,0.493088,0.481132,0.431746,0.493617,0.454545,0.291866,0.30897,0.493878,0.456349,0.50996,0.412969,0.530075,0.469595,0.44958,0.357447,0.486239,0.443983,0.414384,0.383886,0.39521,0.43083
22_51018834_TCTAG>-_-,0.38843,0.286957,0.25,0.362963,0.388889,0.395161,0.271028,0.222222,0.31405,0.369369,0.457364,0.367925,0.391304,0.357895,0.311828,0.377193,0.373333,0.254386,0.284553,0.244898,0.280992,0.32967
6_4047480_G>C_+,0,0.172727,0,0.098901,0,0,0,0,0,0,0,0,0,0,0,0,0,0,0,0,0,0
11_1651614_TACTGCTGCCAGTCCAGCTGCTGTAAGCCC>-_+,0,0.293103,0,0,0,0,0.280992,0,0,0,0,0,0,0,0,0,0,0,0,0,0,0
19_40399814_A>G_-,0,0.666667,0,0,0,0,0,0,0.666667,0,0,0,0,0,0,0,0,0,0,0,0.4,0
23_41333104_C>T_+,0,0.225806,0.393443,0,0,0.44,0.27381,0,0,0,0,0,0,0,0,0,0,0,0,0,0,0
18_19995973_G>C_-,0,0,0.431818,0,0,0.243902,0,0,0,0.352941,0,0,0,0,0,0,0,0,0,0,0,0
1_209956237_G>T_-,0,0,0,0.170213,0,0,0,0,0.153846,0,0,0,0,0,0,0,0,0,0,0,0,0
5_140207815_C>T_+,0,0,0,0.103448,0,0,0,0,0.157895,0,0,0,0,0,0,0,0,0,0,0,0,0
7_75651301_C>A_-,0,0,0,0.076389,0,0,0,0,0,0,0,0,0,0,0,0,0,0,0,0,0,0
10_76781926_A>T_+,0,0,0,0.285714,0,0,0,0,0,0,0.4,0,0,0,0,0,0.210526,0,0,0,0,0
22_46782483_C>G_-,0,0,0,0.1,0,0,0,0,0,0,0,0,0,0,0,0,0,0,0,0,0,0
8_103845377_C>T_-,0,0,0,0,0,0,0,0.111111,0,0,0.093373,0.129129,0,0,0.107362,0.284615,0,0,0,0,0,0
23_114425188_->GCTCGCCCAACGCCCACAGCGGAGGCC_+,0,0,0,0,0,0,0,0.331169,0,0,0,0,0,0,0,0,0,0,0,0,0,0
7_4900919_C>G_-,0,0,0,0,0,0.372881,0,0,0.181818,0.080692,0.345161,0,0,0,0,0,0,0,0.052632,0,0.396341,0
11_4968156_C>T_-,0,0,0,0,0,0,0,0,0.083596,0,0,0,0,0,0,0,0,0,0,0,0,0
15_23685941_->CTTCCGCATCTTCTCCTCCTG_-,0,0,0,0,0,0,0,0,0.109195,0,0,0,0,0,0,0,0,0,0,0,0,0
2_1437289_A>T_+,0,0,0,0,0,0,0,0,0,0.144772,0,0,0,0,0,0,0,0,0,0,0,0
15_55700983_G>C_+,0,0,0,0,0,0,0,0,0,0.145,0,0,0,0,0,0,0,0,0,0,0,0
19_30500121_A>G_+,0,0,0,0,0,0,0,0,0,0.064315,0,0,0,0,0,0,0,0,0,0,0,0
3_184922281_G>C_-,0,0,0,0,0,0,0,0,0,0,0.062222,0,0,0.104895,0,0,0,0,0,0,0,0
11_1619173_CCCCCACAGGAGCCACAGCCCCCCTTGGAG>-_-,0,0,0,0,0,0,0,0,0,0,0.123288,0,0,0,0,0,0,0,0,0,0,0
12_70915291_T>A_-,0,0,0,0,0,0,0,0,0,0,0.147059,0,0,0.228571,0,0,0,0,0,0.090909,0,0.304688
7_143792825_C>G_+,0,0,0,0,0,0,0,0,0,0,0,0.115385,0,0,0,0,0,0,0,0,0,0
11_55135831_C>G_+,0,0,0,0,0,0,0,0,0,0,0,0.133333,0,0,0,0.093023,0,0,0,0,0,0
2_74450051_TT>-_-,0,0,0,0,0,0,0,0,0,0,0,0,0.084034,0,0,0,0,0,0,0,0,0
2_95540588_C>A_+,0,0,0,0,0,0,0,0,0,0,0,0,0.102564,0,0,0,0,0,0,0,0,0
2_228168746_G>A_+,0,0,0,0,0,0,0,0,0,0,0,0,0.161049,0,0,0,0.103321,0.15814,0,0,0,0
4_47944099_G>C_-,0,0,0,0,0,0,0,0,0,0,0,0,0.169565,0,0,0,0.126984,0.112903,0,0,0,0
4_47944137_G>A_-,0,0,0,0,0,0,0,0,0,0,0,0,0.168285,0,0,0,0.133333,0.130769,0,0,0,0
6_132891750_G>T_+,0,0,0,0,0,0,0,0,0,0,0,0,0.104396,0,0,0,0,0,0,0,0,0
7_99720165_C>G_+,0,0,0,0,0,0,0,0,0,0,0,0,0.07907,0,0,0,0,0,0,0,0,0
12_274599_G>C_+,0,0,0,0,0,0,0,0,0,0,0,0,0.157068,0,0,0,0,0,0,0,0,0
12_100444984_G>C_-,0,0,0,0,0,0,0,0,0,0,0,0,0.126697,0,0,0,0,0,0,0,0,0
13_52364167_T>-_-,0,0,0,0,0,0,0,0,0,0,0,0,0.110465,0,0,0,0,0,0,0,0,0
13_103394483_G>C_-,0,0,0,0,0,0,0,0,0,0,0,0,0.105263,0,0,0,0,0,0,0,0,0
14_31374765_C>G_-,0,0,0,0,0,0,0,0,0,0,0,0,0.110236,0,0,0,0.080952,0.09375,0,0,0,0
16_27460579_C>A_+,0,0,0,0,0,0,0,0,0,0,0,0,0.15,0,0,0,0,0,0,0,0,0
19_4048200_C>G_-,0,0,0,0,0,0,0,0,0,0,0,0,0.180645,0,0,0,0,0,0,0,0,0
1_94343069_G>C_-,0,0,0,0,0,0,0,0,0,0,0,0,0,0,0.05483,0,0,0,0,0,0,0
23_32536140_T>A_-,0,0,0,0,0,0,0,0,0,0,0,0,0,0,0.121212,0.297521,0,0,0,0,0,0
1_7724214_A>G_+,0,0,0,0,0,0,0,0,0,0,0,0,0,0,0,0,0.086735,0,0,0.082397,0,0
4_123264564_G>C_+,0,0,0,0,0,0,0,0,0,0,0,0,0,0,0,0,0.181818,0,0,0,0,0
9_111753011_G>C_-,0,0,0,0,0,0,0,0,0,0,0,0,0,0,0,0,0.136364,0,0,0,0,0
2_96781468_C>T_-,0,0,0,0,0,0,0,0,0,0,0,0,0,0,0,0,0,0,0.06015,0,0,0
7_141478419_C>T_+,0,0,0,0,0,0,0,0,0,0,0,0,0,0,0,0,0,0,0.055172,0,0,0
12_43860494_C>A_-,0,0,0,0,0,0,0,0,0,0,0,0,0,0,0,0,0,0,0.160643,0,0,0
12_57648873_T>C_-,0,0,0,0,0,0,0,0,0,0,0,0,0,0,0,0,0,0,0.051643,0,0,0
14_20698350_C>A_+,0,0,0,0,0,0,0,0,0,0,0,0,0,0,0,0,0,0,0.058673,0,0,0
19_49472763_C>T_-,0,0,0,0,0,0,0,0,0,0,0,0,0,0,0,0,0,0,0.16,0,0,0
23_19398238_T>A_-,0,0,0,0,0,0,0,0,0,0,0,0,0,0,0,0,0,0,0.119658,0,0,0
2_24222540_A>G_+,0,0,0,0,0,0,0,0,0,0,0,0,0,0,0,0,0,0,0,0.087912,0,0
2_120020899_G>C_+,0,0,0,0,0,0,0,0,0,0,0,0,0,0,0,0,0,0,0,0.052632,0,0
7_116339643_C>G_+,0,0,0,0,0,0,0,0,0,0,0,0,0,0,0,0,0,0,0,0.061111,0,0
6_74229673_T>C_-,0,0,0,0,0,0.375,0,0,0,0,0,0,0,0,0,0,0,0,0,0,0,0
12_7286171_G>T_+,0,0,0,0,0,0.079137,0,0,0,0,0,0,0,0,0,0,0,0,0,0,0,0
19_18234133_A>T_+,0,0,0,0,0,0.717391,0,0,0,0,0.783333,0,0,0,0,0,0,0,0,0,0,0
19_41354552_C>G_-,0,0,0,0,0,0.166667,0,0,0,0,0,0,0,0,0,0,0,0,0,0,0,0
19_57286124_G>T_-,0,0,0,0,0,0.175439,0,0,0,0,0.417431,0,0,0,0,0,0,0,0,0,0,0
21_42845259_C>A_-,0,0,0,0,0,0.202899,0,0,0,0,0.32,0,0,0,0,0,0,0,0,0,0.258065,0
18_14105676_C>A_-,0,0,0,0,0,0,0,0,0.068884,0,0,0,0,0,0,0,0,0,0,0,0,0
18_14105677_C>G_-,0,0,0,0,0,0,0,0,0.070922,0,0,0,0,0,0,0,0,0,0,0,0,0
18_14752998_A>C_+,0,0,0,0,0,0,0,0,0.278027,0,0,0,0,0,0,0,0,0,0,0,0,0
18_72114396_G>T_-,0,0,0,0,0,0,0,0,0.075472,0,0,0,0,0,0,0,0,0,0,0,0,0
19_53057986_A>T_+,0,0,0,0,0,0,0,0,0.215976,0,0,0,0,0,0,0,0,0,0,0,0,0
2_18112777_C>T_+,0,0,0,0,0,0,0,0,0,0,0.210291,0,0,0,0,0,0,0,0,0,0,0
4_42122230_C>A_-,0,0,0,0,0,0,0,0,0,0,0.136691,0,0,0,0,0,0,0,0,0,0,0
5_26885874_A>-_-,0,0,0,0,0,0,0,0,0,0,0.11588,0,0,0,0,0,0,0,0,0,0,0
12_121176650_C>A_+,0,0,0,0,0,0,0,0,0,0,0.076923,0,0,0,0,0,0,0,0,0,0,0
22_42180662_G>C_+,0,0,0,0,0,0,0,0,0,0,0.052402,0,0,0,0,0,0,0,0,0,0,0
1_31347354_C>T_-,0,0,0,0,0,0,0,0,0,0,0,0,0,0,0,0,0,0,0,0,0.083333,0
5_150885568_A>G_-,0,0,0,0,0,0,0,0,0,0,0,0,0,0,0,0,0,0,0,0,0.249084,0
6_32489913_A>G_-,0,0,0,0,0,0,0,0,0,0,0,0,0,0,0,0,0,0,0,0,0.172414,0
18_3189056_G>A_-,0,0,0,0,0,0,0,0,0,0,0,0,0,0,0,0,0,0,0,0,0.393782,0
18_8379337_A>G_+,0,0,0,0,0,0,0,0,0,0,0,0,0,0,0,0,0,0,0,0,0.210145,0
19_52942536_G>A_+,0,0,0,0,0,0,0,0,0,0,0,0,0,0,0,0,0,0,0,0,0.198895,0
5_45262330_G>C_-,0,0,0,0,0,0,0,0,0,0,0,0,0,0,0,0,0,0,0,0,0,0.057269
11_110134770_A>G_-,0,0,0,0,0,0,0,0,0,0,0,0,0,0,0,0,0,0,0,0,0,0.363636
15_67528833_G>T_-,0,0,0,0,0,0,0,0,0,0,0,0,0,0,0,0,0,0,0,0,0,0.107209
