s_coef,death_rate,adv_rate,push_prop,mut_rate,sample_diameter,vaf_cutoff,seed,diameter,genetic_cluster,value_enn,value_lsi,chindex,sackin_value,sackin_p_value,mean_internal,mean_terminal,inter_terminal_ratio,genetic_class_num,sample_num,sackin_value_normalised,smallest_genetic_ratio,cat1,cat2,n_cross_edges,n_cat1,n_cat2,n_samples,silhouette_mean,whole_adv_freq
0.2,0.3,1.00E-06,1,0.6,16,0,33,200,2,0,1.38,4.412154534,143,NA,48,240.625,0.199480519,2,24,0.406416978,0.416666667,1,2,16,10,14,24,0.215680909,0
0.4,0.3,1.00E-06,1,0.6,16,0,193,200,2,0,1.35,2.711519327,77,NA,36.78571429,196.28125,0.187413287,2,16,0.051042014,0.3125,1,2,12,5,11,16,0.231020624,0.165169316
0.2,0.3,1.00E-06,1,0.6,16,0,92,200,2,0,1.38,3.55369212,130,NA,48.16666667,244.3653846,0.197109205,2,26,-0.708839432,0.423076923,1,2,17,15,11,26,0.159946812,0.013781513
0.4,0.3,1.00E-06,1,0.6,16,0,139,200,2,0.28,1.55,2.745339595,101,NA,37.75,220.85,0.170930496,2,20,-0.145479314,0.45,1,2,21,11,9,20,0.147590997,0.0353902
0.4,0.3,1.00E-06,1,0.6,16,0,194,200,3,0,1.42,3.956492859,142,NA,47.04,218.3518519,0.215432109,3,27,-0.523654247,0.296296296,1,2,8,8,10,18,0.245666758,0.025998143
0.4,0.3,1.00E-06,1,0.6,16,0,194,200,3,0,1.42,3.956492859,142,NA,47.04,218.3518519,0.215432109,3,27,-0.523654247,0.296296296,1,3,7,8,9,17,0.265803896,0.025998143
0.4,0.3,1.00E-06,1,0.6,16,0,194,200,3,0,1.42,3.956492859,142,NA,47.04,218.3518519,0.215432109,3,27,-0.523654247,0.296296296,2,3,7,10,9,19,0.222669891,0.025998143
0.2,0.3,1.00E-06,1,0.6,16,0,94,200,2,0,1.38,5.237078915,134,NA,43.43181818,234.8541667,0.18493101,2,24,0.031416978,0.416666667,1,2,18,14,10,24,0.263353069,0.071526823
0.6,0.3,1.00E-06,1,0.6,16,0,11,200,2,0,1.25,3.209374496,147,NA,40.85416667,237.0769231,0.172324519,2,26,-0.054993279,0.230769231,1,2,12,6,20,26,0.179506197,0
0.6,0.3,1.00E-06,1,0.6,16,0,86,200,2,0,1.25,3.421923333,69,NA,16.16666667,120.9791667,0.133631824,2,16,-0.448957986,0.1875,1,2,8,3,13,16,0.391164651,0.309971098
0.6,0.3,1.00E-06,1,0.6,16,0,189,200,2,0,1.38,3.209701329,132,NA,39.61111111,240.6282051,0.164615412,2,26,-0.631916356,0.423076923,1,2,14,11,15,26,0.146777726,0
0.6,0.3,1.00E-06,1,0.6,16,0,66,200,2,0,1.28,3.567386003,84,NA,34.53333333,155.9705882,0.221409265,2,17,0.062071425,0.235294118,1,2,10,4,13,17,0.329563644,0.333094556
0.4,0.3,1.00E-06,1,0.6,16,0,46,200,2,0,1.28,2.462615505,45,NA,28.56666667,150.5277778,0.189776712,2,12,-0.456421356,0.333333333,1,2,8,4,8,12,0.20051571,0.404480398
0.6,0.3,1.00E-06,1,0.6,16,0,194,200,2,0,1.25,3.848762603,68,NA,26.76923077,142.6666667,0.187634795,2,15,-0.103124653,0.2,1,2,8,3,12,15,0.41664272,0.370530878
0.4,0.3,1.00E-06,1,0.6,16,0,21,200,2,0,1.42,2.736639227,133,NA,42.14583333,235.0384615,0.179314624,2,26,-0.593454817,0.269230769,1,2,17,7,19,26,0.1382853,0
0.6,0.3,1.00E-06,1,0.6,16,0,61,200,2,0,1.29,3.399554913,164,NA,44.34027778,236.1858974,0.187734654,2,26,0.598852875,0.230769231,1,2,13,6,20,26,0.186202909,0
0.6,0.3,1.00E-06,1,0.6,16,0,83,200,2,0.19,1.4,2.683422218,98,NA,19.87254902,116.2192982,0.170991817,2,19,0.062415423,0.157894737,1,2,9,16,3,19,0.264591244,0.425185185
0.6,0.3,1.00E-06,1,0.6,16,0,120,200,2,0,1.41,3.051320997,137,NA,15.9122807,91.88888889,0.173168714,2,21,1.233092114,0.428571429,1,2,17,9,12,21,0.16281307,0.507213706
0.2,0.3,1.00E-06,1,0.6,16,0,93,200,2,0,1.33,3.869153484,126,NA,42.24242424,259.7777778,0.162609845,2,24,-0.301916356,0.375,1,2,15,9,15,24,0.197776073,0.027000329
0.4,0.3,1.00E-06,1,0.6,16,0,52,200,2,0,1.45,3.802058266,99,NA,23.38888889,121.9,0.191869474,2,20,-0.245479314,0.45,1,2,17,11,9,20,0.220132077,0.41550313
0.6,0.3,1.00E-06,1,0.6,16,0,127,200,2,0,1.22,3.84781169,72,NA,35,146.6875,0.238602471,2,16,-0.261457986,0.1875,1,2,8,3,13,16,0.411651355,0.286705202
0.6,0.3,1.00E-06,1,0.6,16,0,98,200,2,0,1.35,3.656915214,92,NA,20.18518519,99.68333333,0.20249308,2,20,-0.595479314,0.4,1,2,13,12,8,20,0.212276936,0.456796362
0.6,0.3,1.00E-06,1,0.6,16,0,155,200,2,0,1.33,3.556115471,131,NA,51.85416667,235.0192308,0.220637973,2,26,-0.670377894,0.423076923,1,2,15,11,15,26,0.171374712,0
0.6,0.3,1.00E-06,1,0.6,16,0,32,200,2,0,1.33,3.139511752,147,NA,47.16666667,236.8269231,0.199160915,2,26,-0.054993279,0.384615385,1,2,14,16,10,26,0.157693764,0
0.6,0.3,1.00E-06,1,0.6,16,0,140,200,2,0,1.38,3.071606618,143,NA,34.55072464,242.72,0.142348074,2,25,0.088083644,0.48,1,2,16,13,12,25,0.137430546,0
0.6,0.3,1.00E-06,1,0.6,16,0,197,200,2,0,1.29,2.832163051,139,NA,41.20454545,240.1458333,0.171581347,2,24,0.239750311,0.416666667,1,2,15,14,10,24,0.133278178,0
0.4,0.3,1.00E-06,1,0.6,16,0,37,200,2,0,1.38,3.853052904,130,NA,38.02083333,257.1153846,0.147874595,2,26,-0.708839432,0.461538462,1,2,16,12,14,26,0.178933471,0
0.4,0.3,1.00E-06,1,0.6,16,0,127,200,2,0,1.33,3.264499219,123,NA,43.90151515,239.7986111,0.183076603,2,24,-0.426916356,0.291666667,1,2,13,7,17,24,0.186190885,0.069478908
0.4,0.3,1.00E-06,1,0.6,16,0,34,200,2,0,1.35,3.474364774,89,NA,36.58823529,201.3157895,0.181745483,2,19,-0.411268788,0.421052632,1,2,15,11,8,19,0.22197612,0.134228188
0.2,0.3,1.00E-06,1,0.6,16,0,16,200,2,0,1.29,3.308506946,148,NA,45.91666667,233.3653846,0.196758687,2,26,-0.01653174,0.192307692,1,2,12,5,21,26,0.206012156,0
0.6,0.3,1.00E-06,1,0.6,16,0,150,200,2,0,1.31,4.109218328,56,NA,31.03030303,136.8205128,0.226795693,2,13,-0.052575203,0.230769231,1,2,8,3,10,13,0.429861127,0.363885089
0.4,0.3,1.00E-06,1,0.6,16,0,177,200,2,0,1.35,2.917777966,92,NA,23,140.3,0.163934426,2,20,-0.595479314,0.3,1,2,15,14,6,20,0.223069471,0.41066482
0.4,0.3,1.00E-06,1,0.6,16,0,134,200,2,0,1.35,3.550779313,106,NA,22.80555556,117.275,0.194462209,2,20,0.104520686,0.4,1,2,14,8,12,20,0.207805507,0.498090562
0.6,0.3,1.00E-06,1,0.6,16,0,25,200,2,0,1.4,4.840182882,120,NA,36.45098039,163.0175439,0.22360158,2,19,1.220310159,0.210526316,1,2,10,4,15,19,0.412028285,0.243744208
0.2,0.3,1.00E-06,1,0.6,16,0,23,200,2,0,1.25,3.845088788,130,NA,50.05555556,225.4102564,0.222064232,2,26,-0.708839432,0.461538462,1,2,16,12,14,26,0.176224015,0
0.2,0.3,1.00E-06,1,0.6,16,0,5,200,2,0,1.33,4.779253001,144,NA,50.89583333,239.6923077,0.212338201,2,26,-0.170377894,0.423076923,1,2,15,15,11,26,0.217274845,0
0.6,0.3,1.00E-06,1,0.6,16,0,46,200,2,0,1.35,6.83084064,57,NA,36.90277778,107.25,0.344081844,2,14,-0.431696082,0.428571429,1,2,10,8,6,14,0.455908236,0.445981555
0.4,0.3,1.00E-06,1,0.6,16,0,3,200,2,0,1.4,3.237512771,104,NA,43.88235294,226.0526316,0.194124495,2,19,0.378204896,0.473684211,1,2,14,9,10,19,0.185853777,0.03760948
0.4,0.3,1.00E-06,1,0.6,16,0,93,200,2,0,1.32,4.347472406,108,NA,40.57894737,237.1904762,0.171081689,2,21,-0.147860267,0.380952381,1,2,14,13,8,21,0.254943595,0.08492201
0.2,0.3,1.00E-06,1,0.6,16,0,61,200,2,0,1.38,3.542712177,164,NA,44.625,235.9230769,0.189150636,2,26,0.598852875,0.269230769,1,2,17,7,19,26,0.178028357,0
0.6,0.3,1.00E-06,1,0.6,16,0,121,200,2,0,1.38,3.43269617,140,NA,43,257.3333333,0.167098446,2,24,0.281416978,0.333333333,1,2,16,8,16,24,0.172194378,0
0.4,0.3,1.00E-06,1,0.6,16,0,25,200,2,0,1.36,3.236872008,116,NA,44.6,229.3181818,0.194489594,2,22,-0.108899228,0.409090909,1,2,14,13,9,22,0.182597588,0.049479167
0.4,0.3,1.00E-06,1,0.6,16,0,123,200,2,0,1.46,2.556194989,155,NA,38.88636364,246.9166667,0.157487804,2,24,0.906416978,0.416666667,1,2,17,10,14,24,0.111003191,0
0.4,0.3,1.00E-06,1,0.6,16,0,149,200,2,0,1.35,4.952928763,114,NA,40.97222222,162.675,0.251865512,2,20,0.504520686,0.25,1,2,10,5,15,20,0.348666925,0.287428023
0.2,0.3,1.00E-06,1,0.6,16,0,35,200,3,0.12,1.96,2.469043791,120,NA,36.13636364,232.5833333,0.155369532,3,24,-0.551916356,0.25,1,2,17,7,11,18,0.120067026,0
0.2,0.3,1.00E-06,1,0.6,16,0,35,200,3,0.12,1.96,2.469043791,120,NA,36.13636364,232.5833333,0.155369532,3,24,-0.551916356,0.25,1,3,6,7,6,13,0.192017761,0
0.2,0.3,1.00E-06,1,0.6,16,0,35,200,3,0.12,1.96,2.469043791,120,NA,36.13636364,232.5833333,0.155369532,3,24,-0.551916356,0.25,2,3,7,11,6,17,0.162018865,0
0.6,0.3,1.00E-06,1,0.6,16,0,117,200,2,0,1.42,3.254196463,134,NA,38.31818182,231.9583333,0.165194245,2,24,0.031416978,0.291666667,1,2,15,7,17,24,0.172866408,0
0.2,0.3,1.00E-06,1,0.6,16,0,97,200,2,0,1.33,4.519297742,131,NA,43.37681159,236.9733333,0.183045117,2,25,-0.391916356,0.36,1,2,15,9,16,25,0.219318499,0
0.2,0.3,1.00E-06,1,0.6,16,0,71,200,2,0,1.29,3.573991632,122,NA,44.68181818,228.0416667,0.19593708,2,24,-0.468583022,0.333333333,1,2,14,16,8,24,0.196681859,0
0.6,0.3,1.00E-06,1,0.6,16,0,24,200,2,0,1.42,3.420456212,142,NA,46.52272727,238.3541667,0.195183193,2,24,0.364750311,0.208333333,1,2,14,5,19,24,0.200371376,0
0.2,0.3,1.00E-06,1,0.6,16,0,34,200,2,0,1.38,3.304824559,148,NA,47.625,223.3076923,0.213270754,2,26,-0.01653174,0.461538462,1,2,15,14,12,26,0.145387823,0
0.6,0.3,1.00E-06,1,0.6,16,0,138,200,2,0,1.4,2.453838247,54,NA,19.16666667,98.32051282,0.19494067,2,13,-0.206421356,0.307692308,1,2,9,4,9,13,0.216319358,0.465937763
0.6,0.3,1.00E-06,1,0.6,16,0,193,200,2,0,1.35,2.163082884,97,NA,15.67708333,102.3148148,0.153223982,2,18,0.398672732,0.277777778,1,2,11,13,5,18,0.135605791,0.473096447
0.6,0.3,1.00E-06,1,0.6,16,0,2,200,2,0,1.35,4.371220492,115,NA,24.44444444,101.1,0.241784812,2,20,0.554520686,0.45,1,2,12,11,9,20,0.24773951,0.489335771
0.4,0.3,1.00E-06,1,0.6,16,0,180,200,2,0,1.38,2.764818849,135,NA,41.62878788,246.9236111,0.168589742,2,24,0.073083644,0.458333333,1,2,15,11,13,24,0.126554626,0
0.4,0.3,1.00E-06,1,0.6,16,0,182,200,2,0,1.45,3.105498368,77,NA,41.0625,212.2777778,0.193437582,2,18,-0.712438379,0.5,1,2,18,9,9,18,0.188343406,0.123442136
0.6,0.3,1.00E-06,1,0.6,16,0,199,200,2,0,1.38,4.110821402,168,NA,49.52083333,247.8846154,0.199773726,2,26,0.752699029,0.423076923,1,2,17,15,11,26,0.189008719,0.003389831
0.6,0.3,1.00E-06,1,0.6,16,0,84,200,2,0,1.36,3.045939901,160,NA,13.5,85.5952381,0.157719054,2,21,2.32833021,0.380952381,1,2,14,8,13,21,0.166399331,0.501962495
0.4,0.3,1.00E-06,1,0.6,16,0,31,200,2,0,1.4,3.208295917,89,NA,44.5,210.35,0.211552175,2,20,-0.745479314,0.5,1,2,14,10,10,20,0.181495092,0.155154091
0.6,0.3,1.00E-06,1,0.6,16,0,4,200,2,0,1.28,3.738045181,66,NA,43.70833333,163.8571429,0.266746585,2,14,0.211161061,0.357142857,1,2,9,5,9,14,0.299414501,0.272522523
0.4,0.3,1.00E-06,1,0.6,16,0,166,200,2,0,1.33,4.682384198,137,NA,46.64583333,250.6923077,0.186068068,2,26,-0.439608663,0.423076923,1,2,14,15,11,26,0.218983561,0
0.4,0.3,1.00E-06,1,0.6,16,0,65,200,2,0,1.35,2.797617538,105,NA,19.94444444,117.55,0.169667754,2,20,0.054520686,0.4,1,2,13,8,12,20,0.148588285,0.478651685
0.2,0.3,1.00E-06,1,0.6,16,0,69,200,2,0,1.38,3.801378391,129,NA,41.36363636,240.4375,0.17203488,2,24,-0.176916356,0.333333333,1,2,16,8,16,24,0.189410408,0.01797235
0.6,0.3,1.00E-06,1,0.6,16,0,44,200,3,0,1.58,2.688200891,124,NA,40.13636364,231.7708333,0.173172625,3,24,-0.385249689,0.291666667,1,2,7,8,7,15,0.17999254,0
0.6,0.3,1.00E-06,1,0.6,16,0,44,200,3,0,1.58,2.688200891,124,NA,40.13636364,231.7708333,0.173172625,3,24,-0.385249689,0.291666667,1,3,7,8,9,17,0.162250704,0
0.6,0.3,1.00E-06,1,0.6,16,0,44,200,3,0,1.58,2.688200891,124,NA,40.13636364,231.7708333,0.173172625,3,24,-0.385249689,0.291666667,2,3,7,7,9,16,0.172182103,0
0.4,0.3,1.00E-06,1,0.6,16,0,12,200,2,0,1.3,4.365141183,82,NA,40.43333333,178.3823529,0.226666667,2,17,-0.055575634,0.294117647,1,2,9,5,12,17,0.358099477,0.281804359
0.4,0.3,1.00E-06,1,0.6,16,0,199,200,2,0,1.33,3.599386226,135,NA,46.84090909,239.75,0.195373969,2,24,0.073083644,0.25,1,2,13,6,18,24,0.21049605,0.001472754
0.2,0.3,1.00E-06,1,0.6,16,0,17,200,2,0,1.38,3.22060316,130,NA,44.52083333,244.5,0.182089298,2,26,-0.708839432,0.384615385,1,2,16,10,16,26,0.147631811,0
0.4,0.3,1.00E-06,1,0.6,16,0,168,200,2,0,1.38,3.391830437,130,NA,20.04545455,111.2916667,0.180116402,2,24,-0.135249689,0.375,1,2,15,9,15,24,0.173615327,0.490687951
0.4,0.3,1.00E-06,1,0.6,16,0,98,200,2,0,1.35,3.219966084,124,NA,19.46875,103.6388889,0.187851782,2,18,1.898672732,0.388888889,1,2,11,11,7,18,0.203518007,0.469121813
0.2,0.3,1.00E-06,1,0.6,16,0,32,200,2,0,1.33,2.97214279,147,NA,47.20833333,236.8846154,0.199288304,2,26,-0.054993279,0.384615385,1,2,14,16,10,26,0.147397742,0
0.4,0.3,1.00E-06,1,0.6,16,0,106,200,3,0,1.54,3.023318422,135,NA,37.74305556,227.75,0.165721429,3,26,-0.51653174,0.307692308,1,2,8,8,10,18,0.16407484,0
0.4,0.3,1.00E-06,1,0.6,16,0,106,200,3,0,1.54,3.023318422,135,NA,37.74305556,227.75,0.165721429,3,26,-0.51653174,0.307692308,1,3,6,8,8,16,0.208788727,0
0.4,0.3,1.00E-06,1,0.6,16,0,106,200,3,0,1.54,3.023318422,135,NA,37.74305556,227.75,0.165721429,3,26,-0.51653174,0.307692308,2,3,10,10,8,18,0.183271649,0
0.6,0.3,1.00E-06,1,0.6,16,0,183,200,2,0,1.39,4.465824205,61,NA,43.61538462,158.2333333,0.275639675,2,15,-0.56979132,0.333333333,1,2,12,5,10,15,0.385139784,0.298342541
0.4,0.3,1.00E-06,1,0.6,16,0,5,200,2,0,1.38,4.507318179,132,NA,48.47222222,246.275641,0.196821017,2,26,-0.631916356,0.5,1,2,14,13,13,26,0.211852367,0
0.2,0.3,1.00E-06,1,0.6,16,0,63,200,2,0,1.33,4.190792379,134,NA,46.08695652,250.66,0.183862429,2,25,-0.271916356,0.44,1,2,13,11,14,25,0.198372259,0
0.2,0.3,1.00E-06,1,0.6,16,0,22,200,2,0,1.38,3.237955863,113,NA,35.52272727,228.6875,0.155333052,2,24,-0.843583022,0.458333333,1,2,14,11,13,24,0.157045104,0
0.6,0.3,1.00E-06,1,0.6,16,0,31,200,2,0,1.3,7.171840482,107,NA,37.62745098,141,0.266861354,2,19,0.536099633,0.210526316,1,2,11,4,15,19,0.520038807,0.339754816
0.6,0.3,1.00E-06,1,0.6,16,0,179,200,2,0,1.35,2.33324338,103,NA,19.29411765,103.3684211,0.186653888,2,19,0.325573317,0.315789474,1,2,12,6,13,19,0.124243869,0.455223881
0.4,0.3,1.00E-06,1,0.6,16,0,8,200,2,0,1.4,3.915035693,84,NA,24.6875,114.4444444,0.215716019,2,18,-0.32354949,0.388888889,1,2,13,11,7,18,0.245978847,0.467168999
0.2,0.3,1.00E-06,1,0.6,16,0,25,200,2,0,1.33,2.970148033,139,NA,49.18181818,241.2083333,0.203897674,2,24,0.239750311,0.375,1,2,15,9,15,24,0.144104276,0
0.6,0.3,1.00E-06,1,0.6,16,0,19,200,2,0,1.42,3.826772596,125,NA,48.08333333,226.5486111,0.212242896,2,24,-0.343583022,0.375,1,2,14,9,15,24,0.193576133,0
0.2,0.3,1.00E-06,1,0.6,16,0,62,200,2,0,1.29,4.932214272,140,NA,49.77083333,246.5576923,0.201862829,2,26,-0.324224048,0.384615385,1,2,15,10,16,26,0.236107088,0
0.6,0.3,1.00E-06,1,0.6,16,0,75,200,2,0,1.4,2.477518724,92,NA,20.87254902,105.6666667,0.19753201,2,19,-0.253374051,0.421052632,1,2,13,8,11,19,0.135668649,0.469361702
0.4,0.3,1.00E-06,1,0.6,16,0,61,200,2,0,1.29,3.306073866,164,NA,44.75,235.9615385,0.189649552,2,26,0.598852875,0.230769231,1,2,13,6,20,26,0.179628111,0
0.4,0.3,1.00E-06,1,0.6,16,0,196,200,2,0,1.3,3.329539978,95,NA,37.64814815,214.0666667,0.175871137,2,20,-0.445479314,0.4,1,2,12,12,8,20,0.191553086,0.096173733
0.6,0.3,1.00E-06,1,0.6,16,0,158,200,2,0,1.29,4.112474146,136,NA,53.5,233.9615385,0.228670064,2,26,-0.478070202,0.346153846,1,2,15,17,9,26,0.205973907,0
0.2,0.3,1.00E-06,1,0.6,16,0,65,200,2,0,1.33,4.215069581,123,NA,52.64393939,235.5763889,0.223468658,2,24,-0.426916356,0.333333333,1,2,14,16,8,24,0.23519228,0.055237316
0.2,0.3,1.00E-06,1,0.6,16,0,76,200,2,0,1.33,6.586445648,148,NA,52.20833333,238.3461538,0.219044161,2,26,-0.01653174,0.384615385,1,2,15,10,16,26,0.298492902,0.00092908
0.4,0.3,1.00E-06,1,0.6,16,0,67,200,2,0,1.33,3.211928181,135,NA,42.23913043,237.06,0.17817907,2,25,-0.231916356,0.32,1,2,15,17,8,25,0.16447758,0
0.6,0.3,1.00E-06,1,0.6,16,0,130,200,2,0,1.3,6.482141568,92,NA,27.78431373,101,0.275092215,2,19,-0.253374051,0.210526316,1,2,11,15,4,19,0.460958394,0.436445444
0.4,0.3,1.00E-06,1,0.6,16,0,152,200,2,0.21,1.35,2.384588341,59,NA,24.875,125.9642857,0.197476609,2,14,-0.288838939,0.142857143,1,2,6,2,12,14,0.30894569,0.449056604
0.4,0.3,1.00E-06,1,0.6,16,0,30,200,3,0,1.55,3.332495947,81,NA,48.28125,219.7777778,0.219682128,3,18,-0.490216156,0.277777778,1,2,7,8,5,13,0.276822384,0.063323202
0.4,0.3,1.00E-06,1,0.6,16,0,30,200,3,0,1.55,3.332495947,81,NA,48.28125,219.7777778,0.219682128,3,18,-0.490216156,0.277777778,1,3,5,8,5,13,0.256993179,0.063323202
0.4,0.3,1.00E-06,1,0.6,16,0,30,200,3,0,1.55,3.332495947,81,NA,48.28125,219.7777778,0.219682128,3,18,-0.490216156,0.277777778,2,3,5,5,5,10,0.321564215,0.063323202
0.2,0.3,1.00E-06,1,0.6,16,0,28,200,2,0,1.38,3.717543654,117,NA,43.06818182,233.9375,0.184101231,2,24,-0.676916356,0.5,1,2,14,12,12,24,0.182893327,0
0.6,0.3,1.00E-06,1,0.6,16,0,196,200,2,0,1.4,3.459626781,102,NA,29.18888889,133.1568627,0.219206793,2,17,1.120894955,0.294117647,1,2,9,12,5,17,0.306861061,0.363274588
0.2,0.3,1.00E-06,1,0.6,16,0,64,200,2,0,1.33,3.900550147,115,NA,44.45454545,247.7916667,0.179402908,2,24,-0.760249689,0.416666667,1,2,13,14,10,24,0.200537752,0.027593819
0.6,0.3,1.00E-06,1,0.6,16,0,37,200,2,0,1.4,3.102171206,99,NA,20.30555556,101.125,0.200796594,2,20,-0.245479314,0.5,1,2,14,10,10,20,0.170798416,0.479445727
0.6,0.3,1.00E-06,1,0.6,16,0,191,200,2,0.21,1.44,3.544631659,65,NA,40.34848485,176.7051282,0.228337939,2,13,0.63973249,0.230769231,1,2,8,10,3,13,0.376128303,0.269585253
0.4,0.3,1.00E-06,1,0.6,16,0,86,200,2,0,1.33,4.252381432,157,NA,43.66,219.6481481,0.198772448,2,27,0.031901308,0.407407407,1,2,15,11,16,27,0.196522952,0.037310806
0.6,0.3,1.00E-06,1,0.6,16,0,147,200,2,0,1.32,4.092615894,107,NA,18.56140351,101.3968254,0.183057048,2,21,-0.195479314,0.476190476,1,2,13,10,11,21,0.22163891,0.47799511
0.4,0.3,1.00E-06,1,0.6,16,0,111,200,2,0,1.29,3.21127031,131,NA,38.54545455,239.0833333,0.161221838,2,24,-0.093583022,0.333333333,1,2,15,8,16,24,0.153342228,0
0.2,0.3,1.00E-06,1,0.6,16,0,21,200,2,0,1.42,2.737630829,133,NA,42.14583333,235.0384615,0.179314624,2,26,-0.593454817,0.269230769,1,2,17,7,19,26,0.137630159,0
0.4,0.3,1.00E-06,1,0.6,16,0,47,200,2,0,1.29,3.661781291,135,NA,43.875,245.7692308,0.178521127,2,26,-0.51653174,0.192307692,1,2,11,5,21,26,0.229137294,0
0.6,0.3,1.00E-06,1,0.6,16,0,110,200,2,0,1.33,3.09041054,116,NA,47.88636364,256.5208333,0.186676314,2,24,-0.718583022,0.375,1,2,15,9,15,24,0.155247617,0
0.6,0.3,1.00E-06,1,0.6,16,0,144,200,2,0,1.28,4.393852745,67,NA,33.98717949,129.4444444,0.262561902,2,15,-0.16979132,0.333333333,1,2,10,5,10,15,0.356590064,0.27503223
0.2,0.3,1.00E-06,1,0.6,16,0,60,200,2,0,1.38,3.405598044,131,NA,53.93181818,246.125,0.21912369,2,24,-0.093583022,0.416666667,1,2,15,10,14,24,0.172563677,0
0.6,0.3,1.00E-06,1,0.6,16,0,133,200,2,0,1.25,3.344102387,105,NA,22.86111111,128.625,0.177734586,2,20,0.054520686,0.1,1,2,6,18,2,20,0.429080586,0.40349947
0.6,0.3,1.00E-06,1,0.6,16,0,68,200,2,0,1.33,4.937635463,150,NA,45.15972222,235.775641,0.191536844,2,26,0.060391337,0.423076923,1,2,14,15,11,26,0.229755293,0
0.4,0.3,1.00E-06,1,0.6,16,0,90,200,2,0,1.33,4.087503354,138,NA,39.70833333,227.8653846,0.174262244,2,26,-0.401147125,0.5,1,2,16,13,13,26,0.189132285,0
0.4,0.3,1.00E-06,1,0.6,16,0,198,200,2,0,1.38,3.251837912,143,NA,41.27083333,234.1538462,0.176255201,2,26,-0.208839432,0.461538462,1,2,18,12,14,26,0.14481614,0
0.4,0.3,1.00E-06,1,0.6,16,0,92,200,2,0,1.28,5.288646539,83,NA,51.78205128,170.7,0.303351208,2,15,0.896875347,0.2,1,2,8,12,3,15,0.481590889,0.35245283
0.2,0.3,1.00E-06,1,0.6,16,0,43,200,2,0,1.5,3.015072282,149,NA,37.82638889,232.6410256,0.162595522,2,26,0.021929798,0.423076923,1,2,20,11,15,26,0.138544323,0
0.2,0.3,1.00E-06,1,0.6,16,0,26,200,2,0,1.38,3.936909285,121,NA,48.15909091,223.4166667,0.215557289,2,24,-0.510249689,0.375,1,2,15,9,15,24,0.197718243,0
0.6,0.3,1.00E-06,1,0.6,16,0,88,200,2,0,1.28,3.407638874,67,NA,32.41666667,148.7857143,0.21787486,2,14,0.282589633,0.214285714,1,2,8,11,3,14,0.373773307,0.238837704
0.4,0.3,1.00E-06,1,0.6,16,0,148,200,2,0,1.42,4.347272023,148,NA,21.42424242,102.1111111,0.209813038,2,24,0.614750311,0.291666667,1,2,14,7,17,24,0.245878342,0.47972973
0.4,0.3,1.00E-06,1,0.6,16,0,175,200,2,0,1.33,3.515992833,66,NA,34.19230769,154.8333333,0.220832988,2,15,-0.236457986,0.2,1,2,8,3,12,15,0.357314791,0.293067948
0.4,0.3,1.00E-06,1,0.6,16,0,48,200,2,0,1.3,2.955068392,89,NA,47.14705882,223.2368421,0.211197481,2,19,-0.411268788,0.421052632,1,2,15,8,11,19,0.15894271,0.041587902
0.4,0.3,1.00E-06,1,0.6,16,0,133,200,2,0,1.35,3.735761369,96,NA,29.52777778,126.525,0.233375047,2,20,-0.395479314,0.4,1,2,15,8,12,20,0.232165047,0.402572654
0.6,0.3,1.00E-06,1,0.6,16,0,170,200,2,0,1.35,2.701413482,108,NA,16.27777778,91.45,0.177996477,2,20,0.204520686,0.5,1,2,14,10,10,20,0.144133097,0.48997955
0.6,0.3,1.00E-06,1,0.6,16,0,12,200,2,0,1.45,3.365086927,96,NA,17.5,104.8333333,0.166931638,2,18,0.343117177,0.444444444,1,2,14,8,10,18,0.201790303,0.436703483
0.4,0.3,1.00E-06,1,0.6,16,0,63,200,2,0,1.45,2.707802091,98,NA,25.71568627,163.8333333,0.15696248,2,19,0.062415423,0.368421053,1,2,18,7,12,19,0.136659246,0.342017368
0.4,0.3,1.00E-06,1,0.6,16,0,29,200,2,0,1.4,2.865681577,106,NA,17.01851852,108.4333333,0.156949141,2,20,0.104520686,0.4,1,2,12,12,8,20,0.158532693,0.465851905
0.4,0.3,1.00E-06,1,0.6,16,0,156,200,2,0,1.29,3.827074095,163,NA,45.16666667,242.5384615,0.186224759,2,26,0.560391337,0.346153846,1,2,15,17,9,26,0.197760782,0
0.6,0.3,1.00E-06,1,0.6,16,0,27,200,2,0,1.33,3.101834051,142,NA,48.375,237.3461538,0.203816237,2,26,-0.247300971,0.269230769,1,2,16,7,19,26,0.170217146,0
0.6,0.3,1.00E-06,1,0.6,16,0,78,200,3,0,1.5,3.449295011,129,NA,47.88636364,235.7291667,0.203141445,3,24,-0.176916356,0.25,1,2,6,12,6,18,0.235156862,0
0.6,0.3,1.00E-06,1,0.6,16,0,78,200,3,0,1.5,3.449295011,129,NA,47.88636364,235.7291667,0.203141445,3,24,-0.176916356,0.25,1,3,9,12,6,18,0.219157148,0
0.6,0.3,1.00E-06,1,0.6,16,0,78,200,3,0,1.5,3.449295011,129,NA,47.88636364,235.7291667,0.203141445,3,24,-0.176916356,0.25,2,3,6,6,6,12,0.279661383,0
0.4,0.3,1.00E-06,1,0.6,16,0,162,200,3,0,1.54,3.628131996,124,NA,46.81818182,241.4166667,0.193931026,3,24,-0.385249689,0.291666667,1,2,7,9,7,16,0.226928816,0
0.4,0.3,1.00E-06,1,0.6,16,0,162,200,3,0,1.54,3.628131996,124,NA,46.81818182,241.4166667,0.193931026,3,24,-0.385249689,0.291666667,1,3,8,9,8,17,0.273546627,0
0.4,0.3,1.00E-06,1,0.6,16,0,162,200,3,0,1.54,3.628131996,124,NA,46.81818182,241.4166667,0.193931026,3,24,-0.385249689,0.291666667,2,3,8,7,8,15,0.226248214,0
0.4,0.3,1.00E-06,1,0.6,16,0,178,200,2,0,1.3,2.607812965,92,NA,19.70588235,122.6315789,0.160691745,2,19,-0.253374051,0.210526316,1,2,11,15,4,19,0.217360037,0.419642857
0.4,0.3,1.00E-06,1,0.6,16,0,94,200,2,0,1.3,2.988031915,97,NA,24.73809524,140.6979167,0.175824176,2,16,1.301042014,0.1875,1,2,7,13,3,16,0.344284266,0.403391884
0.6,0.3,1.00E-06,1,0.6,16,0,137,200,2,0,1.28,4.163864207,93,NA,26.9,139.1764706,0.193279797,2,17,0.59148319,0.176470588,1,2,8,3,14,17,0.443203573,0.344183243
0.2,0.3,1.00E-06,1,0.6,16,0,29,200,3,0,1.5,3.095689602,137,NA,38.18181818,213.4583333,0.178872465,3,24,0.156416978,0.166666667,1,2,3,5,4,9,0.364952541,0
0.2,0.3,1.00E-06,1,0.6,16,0,29,200,3,0,1.5,3.095689602,137,NA,38.18181818,213.4583333,0.178872465,3,24,0.156416978,0.166666667,1,3,8,5,15,20,0.217566488,0
0.2,0.3,1.00E-06,1,0.6,16,0,29,200,3,0,1.5,3.095689602,137,NA,38.18181818,213.4583333,0.178872465,3,24,0.156416978,0.166666667,2,3,10,4,15,19,0.215645944,0
0.2,0.3,1.00E-06,1,0.6,16,0,95,200,2,0,1.38,3.346138075,130,NA,40.97916667,234.5192308,0.174736914,2,26,-0.708839432,0.384615385,1,2,16,16,10,26,0.153454556,0
0.6,0.3,1.00E-06,1,0.6,16,0,119,200,2,0,1.35,2.586972381,130,NA,17.41666667,82.025,0.212333638,2,20,1.304520686,0.4,1,2,13,8,12,20,0.149063551,0.509387352
0.4,0.3,1.00E-06,1,0.6,16,0,7,200,2,0,1.35,3.469280405,77,NA,20.9375,112.3611111,0.186341162,2,18,-0.712438379,0.388888889,1,2,11,11,7,18,0.221543685,0.475180723
0.6,0.3,1.00E-06,1,0.6,16,0,13,200,2,0,1.4,2.553609975,68,NA,42.46153846,222.4333333,0.190895572,2,15,-0.103124653,0.4,1,2,14,6,9,15,0.165832576,0.042012161
0.6,0.3,1.00E-06,1,0.6,16,0,195,200,2,0,1.33,3.895244995,140,NA,39.54166667,253.8076923,0.155793807,2,26,-0.324224048,0.346153846,1,2,16,9,17,26,0.188916584,0
0.6,0.3,1.00E-06,1,0.6,16,0,116,200,2,0,1.45,3.897567882,94,NA,29.97222222,124.225,0.241273675,2,20,-0.495479314,0.3,1,2,15,14,6,20,0.307249425,0.384362681
0.4,0.3,1.00E-06,1,0.6,16,0,104,200,2,0,1.29,2.903223501,124,NA,34.78787879,231.9444444,0.149983669,2,24,-0.385249689,0.25,1,2,12,18,6,24,0.156632803,0
0.6,0.3,1.00E-06,1,0.6,16,0,60,200,2,0,1.38,3.343893606,131,NA,52.21212121,247.3472222,0.211088367,2,24,-0.093583022,0.416666667,1,2,15,10,14,24,0.168806407,0
0.4,0.3,1.00E-06,1,0.6,16,0,124,200,2,0,1.42,6.482881082,155,NA,47.83333333,234.1346154,0.204298426,2,26,0.252699029,0.346153846,1,2,14,9,17,26,0.30921054,0
0.4,0.3,1.00E-06,1,0.6,16,0,126,200,2,0,1.38,4.476283032,150,NA,43.625,240.3461538,0.181509041,2,26,0.060391337,0.384615385,1,2,18,10,16,26,0.207331901,0
0.2,0.3,1.00E-06,1,0.6,16,0,87,200,2,0,1.38,3.221336221,132,NA,42.57638889,237.4294872,0.179322246,2,26,-0.631916356,0.461538462,1,2,16,12,14,26,0.142732893,0
0.6,0.3,1.00E-06,1,0.6,16,0,171,200,2,0,1.38,2.677736383,54,NA,18.72727273,122.8461538,0.152444925,2,13,-0.206421356,0.307692308,1,2,10,9,4,13,0.261905728,0.378238342
0.2,0.3,1.00E-06,1,0.6,16,0,96,200,2,0,1.3,3.504875926,88,NA,46.61764706,210.3684211,0.221600024,2,19,-0.463900367,0.263157895,1,2,11,14,5,19,0.272477841,0.178005592
0.4,0.3,1.00E-06,1,0.6,16,0,87,200,2,0,1.6,2.631538952,102,NA,16.05555556,113.475,0.141489804,2,20,-0.095479314,0.45,1,2,18,9,11,20,0.142158371,0.490988531
0.4,0.3,1.00E-06,1,0.6,16,0,190,200,2,0,1.42,3.642892384,134,NA,46.9375,229.2115385,0.204778085,2,26,-0.554993279,0.230769231,1,2,13,6,20,26,0.200509177,0
0.4,0.3,1.00E-06,1,0.6,16,0,186,200,3,0.13,1.67,3.36010578,138,NA,53.99242424,235.1111111,0.229646417,3,24,0.198083644,0.208333333,1,2,3,5,6,11,0.396533134,0.019465822
0.4,0.3,1.00E-06,1,0.6,16,0,186,200,3,0.13,1.67,3.36010578,138,NA,53.99242424,235.1111111,0.229646417,3,24,0.198083644,0.208333333,1,3,10,5,13,18,0.208978357,0.019465822
0.4,0.3,1.00E-06,1,0.6,16,0,186,200,3,0.13,1.67,3.36010578,138,NA,53.99242424,235.1111111,0.229646417,3,24,0.198083644,0.208333333,2,3,17,6,13,19,0.156482584,0.019465822
0.4,0.3,1.00E-06,1,0.6,16,0,70,200,2,0,1.33,4.191531337,125,NA,46.56818182,239.3333333,0.194574576,2,24,-0.343583022,0.416666667,1,2,13,10,14,24,0.204679119,0
0.6,0.3,1.00E-06,1,0.6,16,0,57,200,2,0,1.4,2.229146977,97,NA,16.33333333,90.80701754,0.179868624,2,19,0.009783844,0.210526316,1,2,14,4,15,19,0.144808853,0.470878578
0.6,0.3,1.00E-06,1,0.6,16,0,123,200,2,0,1.46,2.457731408,155,NA,38.86363636,246.9166667,0.15739576,2,24,0.906416978,0.416666667,1,2,17,10,14,24,0.104898189,0
0.4,0.3,1.00E-06,1,0.6,16,0,101,200,2,0,1.38,3.169095053,130,NA,38.09090909,235,0.162088975,2,24,-0.135249689,0.291666667,1,2,15,7,17,24,0.155736311,0
0.4,0.3,1.00E-06,1,0.6,16,0,66,200,2,0,1.33,3.593098013,120,NA,49.23484848,230.6041667,0.213503725,2,24,-0.551916356,0.416666667,1,2,13,14,10,24,0.180294462,0
0.6,0.3,1.00E-06,1,0.6,16,0,146,200,2,0,1.3,3.483209471,97,NA,20.21568627,107.8333333,0.187471588,2,19,0.009783844,0.315789474,1,2,11,6,13,19,0.218992453,0.460794297
0.6,0.3,1.00E-06,1,0.6,16,0,152,200,2,0,1.5,2.788434986,86,NA,19.70588235,89.21052632,0.220891897,2,19,-0.569163525,0.421052632,1,2,16,11,8,19,0.159267576,0.485108119
0.6,0.3,1.00E-06,1,0.6,16,0,87,200,2,0,1.23,3.320171328,100,NA,17.76315789,94.19047619,0.188587622,2,21,-0.528812648,0.476190476,1,2,13,10,11,21,0.176684132,0.48522829
0.4,0.3,1.00E-06,1,0.6,16,0,75,200,2,0.19,1.45,2.684937655,105,NA,21.13888889,114.45,0.184699772,2,20,0.054520686,0.25,1,2,16,15,5,20,0.210597236,0.423302598
0.6,0.3,1.00E-06,1,0.6,16,0,21,200,2,0,1.42,2.790174235,133,NA,42.22916667,235.0384615,0.179669176,2,26,-0.593454817,0.269230769,1,2,17,7,19,26,0.142163113,0
0.6,0.3,1.00E-06,1,0.6,16,0,52,200,2,0,1.35,2.609381318,114,NA,17.08333333,107.1,0.159508248,2,20,0.504520686,0.5,1,2,13,10,10,20,0.136928096,0.466569767
0.4,0.3,1.00E-06,1,0.6,16,0,10,200,2,0,1.38,4.370619996,153,NA,47.29545455,244.4791667,0.193453926,2,24,0.823083644,0.416666667,1,2,18,10,14,24,0.216800219,0
0.4,0.3,1.00E-06,1,0.6,16,0,60,200,2,0,1.38,3.337646148,131,NA,52.42424242,247.1527778,0.212112698,2,24,-0.093583022,0.416666667,1,2,15,10,14,24,0.168668331,0
0.4,0.3,1.00E-06,1,0.6,16,0,151,200,2,0,1.33,4.01003167,130,NA,45.15217391,236.66,0.190789208,2,25,-0.431916356,0.4,1,2,13,15,10,25,0.195399767,0
0.6,0.3,1.00E-06,1,0.6,16,0,167,200,2,0,1.33,3.340855565,147,NA,39.31944444,228.9358974,0.171748707,2,26,-0.054993279,0.423076923,1,2,14,11,15,26,0.152838504,0
0.2,0.3,1.00E-06,1,0.6,16,0,13,200,2,0,1.5,4.487938028,132,NA,40.38636364,227.0208333,0.177897169,2,24,-0.051916356,0.416666667,1,2,18,10,14,24,0.216567596,0
0.4,0.3,1.00E-06,1,0.6,16,0,171,200,2,0.21,1.35,2.018017009,67,NA,28.30769231,196.5,0.144059503,2,15,-0.16979132,0.133333333,1,2,6,13,2,15,0.2435385,0.191011236
0.4,0.3,1.00E-06,1,0.6,16,0,143,200,3,0,1.45,2.977249593,72,NA,35.26666667,185.2647059,0.190358258,3,17,-0.643810928,0.176470588,1,2,7,3,10,13,0.321611,0.169826224
0.4,0.3,1.00E-06,1,0.6,16,0,143,200,3,0,1.45,2.977249593,72,NA,35.26666667,185.2647059,0.190358258,3,17,-0.643810928,0.176470588,1,3,2,3,4,7,0.262756288,0.169826224
0.4,0.3,1.00E-06,1,0.6,16,0,143,200,3,0,1.45,2.977249593,72,NA,35.26666667,185.2647059,0.190358258,3,17,-0.643810928,0.176470588,2,3,7,10,4,14,0.307019779,0.169826224
0.4,0.3,1.00E-06,1,0.6,16,0,77,200,2,0,1.33,5.395787973,139,NA,57.72916667,246.9615385,0.233757722,2,26,-0.362685586,0.384615385,1,2,15,16,10,26,0.25313297,0
0.6,0.3,1.00E-06,1,0.6,16,0,101,200,2,0,1.38,3.094605681,130,NA,38.27272727,235.0833333,0.162804937,2,24,-0.135249689,0.291666667,1,2,15,7,17,24,0.153549791,0
0.4,0.3,1.00E-06,1,0.6,16,0,44,200,2,0,1.29,2.698044451,145,NA,37.56944444,233.6666667,0.160782216,2,26,-0.131916356,0.307692308,1,2,14,8,18,26,0.129182974,0
0.2,0.3,1.00E-06,1,0.6,16,0,88,200,4,0,1.71,3.175042659,129,NA,47.45454545,223.9583333,0.211890063,4,24,-0.176916356,0.208333333,1,2,1,6,8,14,0.227905168,0.001461988
0.2,0.3,1.00E-06,1,0.6,16,0,88,200,4,0,1.71,3.175042659,129,NA,47.45454545,223.9583333,0.211890063,4,24,-0.176916356,0.208333333,1,3,6,6,5,11,0.24316335,0.001461988
0.2,0.3,1.00E-06,1,0.6,16,0,88,200,4,0,1.71,3.175042659,129,NA,47.45454545,223.9583333,0.211890063,4,24,-0.176916356,0.208333333,1,4,6,6,5,11,0.263247658,0.001461988
0.2,0.3,1.00E-06,1,0.6,16,0,88,200,4,0,1.71,3.175042659,129,NA,47.45454545,223.9583333,0.211890063,4,24,-0.176916356,0.208333333,2,3,7,8,5,13,0.227974342,0.001461988
0.2,0.3,1.00E-06,1,0.6,16,0,88,200,4,0,1.71,3.175042659,129,NA,47.45454545,223.9583333,0.211890063,4,24,-0.176916356,0.208333333,2,4,7,8,5,13,0.30435152,0.001461988
0.2,0.3,1.00E-06,1,0.6,16,0,88,200,4,0,1.71,3.175042659,129,NA,47.45454545,223.9583333,0.211890063,4,24,-0.176916356,0.208333333,3,4,1,5,5,10,0.315112195,0.001461988
0.2,0.3,1.00E-06,1,0.6,16,0,19,200,2,0,1.33,3.932313784,114,NA,52.84090909,226.9583333,0.232822071,2,24,-0.801916356,0.416666667,1,2,13,14,10,24,0.197898067,0
0.6,0.3,1.00E-06,1,0.6,16,0,122,200,2,0,1.35,2.573643306,69,NA,17.76923077,102.3333333,0.173640692,2,15,-0.036457986,0.4,1,2,11,9,6,15,0.190160411,0.443465492
0.6,0.3,1.00E-06,1,0.6,16,0,67,200,2,0,1.33,3.724081832,135,NA,42.32608696,237.02,0.178576014,2,25,-0.231916356,0.32,1,2,15,17,8,25,0.196543131,0
0.2,0.3,1.00E-06,1,0.6,16,0,56,200,2,0,1.27,3.827791449,122,NA,42.3,218.9090909,0.193230897,2,22,0.163828045,0.363636364,1,2,13,8,14,22,0.18917394,0.06022897
0.6,0.3,1.00E-06,1,0.6,16,0,131,200,2,0,1.38,3.137933579,144,NA,39.64583333,243.1923077,0.163022563,2,26,-0.170377894,0.461538462,1,2,17,14,12,26,0.1363112,0
0.2,0.3,1.00E-06,1,0.6,16,0,85,200,3,0,1.46,4.114716661,138,NA,49.7173913,245.18,0.202779147,3,25,-0.111916356,0.28,1,2,8,10,8,18,0.256061237,0
0.2,0.3,1.00E-06,1,0.6,16,0,85,200,3,0,1.46,4.114716661,138,NA,49.7173913,245.18,0.202779147,3,25,-0.111916356,0.28,1,3,7,10,7,17,0.269101595,0
0.2,0.3,1.00E-06,1,0.6,16,0,85,200,3,0,1.46,4.114716661,138,NA,49.7173913,245.18,0.202779147,3,25,-0.111916356,0.28,2,3,7,8,7,15,0.2700808,0
0.2,0.3,1.00E-06,1,0.6,16,0,31,200,3,0,1.5,3.374071097,118,NA,43.18181818,242.1666667,0.178314459,3,24,-0.635249689,0.333333333,1,2,7,8,8,16,0.20072913,0
0.2,0.3,1.00E-06,1,0.6,16,0,31,200,3,0,1.5,3.374071097,118,NA,43.18181818,242.1666667,0.178314459,3,24,-0.635249689,0.333333333,1,3,7,8,8,16,0.22353155,0
0.2,0.3,1.00E-06,1,0.6,16,0,31,200,3,0,1.5,3.374071097,118,NA,43.18181818,242.1666667,0.178314459,3,24,-0.635249689,0.333333333,2,3,7,8,8,16,0.259257711,0
0.4,0.3,1.00E-06,1,0.6,16,0,40,200,2,0,1.38,3.925692683,137,NA,41.26086957,230.9,0.17869584,2,25,-0.151916356,0.48,1,2,14,13,12,25,0.184245687,0
0.6,0.3,1.00E-06,1,0.6,16,0,102,200,2,0,1.29,3.841758086,135,NA,18.83333333,86.92424242,0.216663762,2,22,0.754737136,0.227272727,1,2,11,5,17,22,0.235763583,0.488269296
0.4,0.3,1.00E-06,1,0.6,16,0,179,200,3,0,1.5,3.369446287,142,NA,51.7173913,231.3,0.223594428,3,25,0.048083644,0.16,1,2,3,4,8,12,0.345310475,0
0.4,0.3,1.00E-06,1,0.6,16,0,179,200,3,0,1.5,3.369446287,142,NA,51.7173913,231.3,0.223594428,3,25,0.048083644,0.16,1,3,7,4,13,17,0.263046635,0
0.4,0.3,1.00E-06,1,0.6,16,0,179,200,3,0,1.5,3.369446287,142,NA,51.7173913,231.3,0.223594428,3,25,0.048083644,0.16,2,3,11,8,13,21,0.170403485,0
0.4,0.3,1.00E-06,1,0.6,16,0,99,200,2,0,1.38,4.116195596,134,NA,53.83333333,255.1923077,0.210952022,2,26,-0.554993279,0.346153846,1,2,15,9,17,26,0.202575387,0
0.2,0.3,1.00E-06,1,0.6,16,0,30,200,2,0,1.33,3.326028377,150,NA,49.53623188,226.7466667,0.218465094,2,25,0.368083644,0.32,1,2,13,17,8,25,0.172734729,0
0.2,0.3,1.00E-06,1,0.6,16,0,57,200,2,0,1.33,3.609134678,130,NA,46.95833333,240.3269231,0.195393561,2,26,-0.708839432,0.423076923,1,2,15,15,11,26,0.168507283,0
0.4,0.3,1.00E-06,1,0.6,16,0,28,200,2,0,1.3,3.114540964,80,NA,51.53125,233.2222222,0.22095343,2,18,-0.545771712,0.222222222,1,2,10,4,14,18,0.233662567,0.017717561
0.2,0.3,1.00E-06,1,0.6,16,0,74,200,2,0,1.4,3.394733337,93,NA,36.82352941,210.5789474,0.174868048,2,19,-0.200742472,0.421052632,1,2,14,11,8,19,0.206265813,0.113844871
0.4,0.3,1.00E-06,1,0.6,16,0,54,200,3,0,1.5,3.012668363,100,NA,21.72222222,119.5,0.181775918,3,20,-0.195479314,0.2,1,2,2,5,4,9,0.314374575,0.499366286
0.4,0.3,1.00E-06,1,0.6,16,0,54,200,3,0,1.5,3.012668363,100,NA,21.72222222,119.5,0.181775918,3,20,-0.195479314,0.2,1,3,8,5,11,16,0.22662697,0.499366286
0.4,0.3,1.00E-06,1,0.6,16,0,54,200,3,0,1.5,3.012668363,100,NA,21.72222222,119.5,0.181775918,3,20,-0.195479314,0.2,2,3,7,4,11,15,0.246027255,0.499366286
0.2,0.3,1.00E-06,1,0.6,16,0,7,200,2,0,1.42,3.365589417,136,NA,49.25,232.4038462,0.211915598,2,26,-0.478070202,0.384615385,1,2,17,10,16,26,0.154904703,0
0.4,0.3,1.00E-06,1,0.6,16,0,154,200,2,0,1.3,3.131610266,98,NA,24.99019608,154.0614035,0.162209324,2,19,0.062415423,0.157894737,1,2,8,3,16,19,0.335852535,0.393406593
0.6,0.3,1.00E-06,1,0.6,16,0,47,200,2,0,1.29,3.653862595,135,NA,44,245.6538462,0.179113825,2,26,-0.51653174,0.192307692,1,2,11,5,21,26,0.230584146,0
0.2,0.3,1.00E-06,1,0.6,16,0,100,200,2,0,1.38,3.704451693,138,NA,41.75,228.8846154,0.182406318,2,26,-0.401147125,0.461538462,1,2,14,14,12,26,0.168313368,0
0.4,0.3,1.00E-06,1,0.6,16,0,102,200,2,0,1.4,3.742230529,91,NA,22.80208333,128.9259259,0.176861893,2,18,0.065339399,0.277777778,1,2,13,13,5,18,0.303151186,0.414432177
0.4,0.3,1.00E-06,1,0.6,16,0,41,200,2,0,1.35,3.092352173,91,NA,20.55555556,117.775,0.174532418,2,20,-0.645479314,0.45,1,2,12,9,11,20,0.168985419,0.454981993
0.6,0.3,1.00E-06,1,0.6,16,0,139,200,2,0,1.3,3.126109247,85,NA,17.72916667,104.1851852,0.170169748,2,18,-0.267993934,0.166666667,1,2,8,15,3,18,0.328034678,0.461346633
0.4,0.3,1.00E-06,1,0.6,16,0,105,200,2,0,1.42,4.617245961,160,NA,47.4375,244.25,0.194216991,2,26,0.445006721,0.423076923,1,2,17,11,15,26,0.212798989,0
0.6,0.3,1.00E-06,1,0.6,16,0,181,200,3,0,1.62,3.283960708,119,NA,21.4047619,97.19565217,0.220223451,3,23,-0.294669979,0.217391304,1,2,7,6,5,11,0.355344482,0.483304042
0.6,0.3,1.00E-06,1,0.6,16,0,181,200,3,0,1.62,3.283960708,119,NA,21.4047619,97.19565217,0.220223451,3,23,-0.294669979,0.217391304,1,3,4,6,12,18,0.197486715,0.483304042
0.6,0.3,1.00E-06,1,0.6,16,0,181,200,3,0,1.62,3.283960708,119,NA,21.4047619,97.19565217,0.220223451,3,23,-0.294669979,0.217391304,2,3,13,5,12,17,0.203441538,0.483304042
0.4,0.3,1.00E-06,1,0.6,16,0,1,200,3,0,1.6,2.843265377,85,NA,41.05208333,213.3981481,0.192373194,3,18,-0.267993934,0.166666667,1,2,7,9,3,12,0.312616702,0.045454545
0.4,0.3,1.00E-06,1,0.6,16,0,1,200,3,0,1.6,2.843265377,85,NA,41.05208333,213.3981481,0.192373194,3,18,-0.267993934,0.166666667,1,3,8,9,6,15,0.213400965,0.045454545
0.4,0.3,1.00E-06,1,0.6,16,0,1,200,3,0,1.6,2.843265377,85,NA,41.05208333,213.3981481,0.192373194,3,18,-0.267993934,0.166666667,2,3,4,3,6,9,0.274954002,0.045454545
0.6,0.3,1.00E-06,1,0.6,16,0,20,200,2,0,1.35,3.580515521,117,NA,17.91176471,97.94736842,0.182871322,2,19,1.062415423,0.210526316,1,2,10,4,15,19,0.270264169,0.469457014
0.6,0.3,1.00E-06,1,0.6,16,0,33,200,2,0,1.38,3.130216616,160,NA,44.43181818,242.1458333,0.183491979,2,24,1.114750311,0.25,1,2,15,6,18,24,0.169784924,0
0.4,0.3,1.00E-06,1,0.6,16,0,49,200,2,0,1.38,3.159683371,154,NA,46.19444444,238.4230769,0.193749888,2,26,0.214237491,0.5,1,2,16,13,13,26,0.139616302,0
0.4,0.3,1.00E-06,1,0.6,16,0,189,200,2,0,1.38,3.176255,132,NA,40.375,239.8076923,0.168364074,2,26,-0.631916356,0.423076923,1,2,14,11,15,26,0.145256505,0
0.4,0.3,1.00E-06,1,0.6,16,0,43,200,2,0,1.5,2.990433772,149,NA,39.15972222,231.775641,0.168955297,2,26,0.021929798,0.423076923,1,2,20,11,15,26,0.136488126,0
0.4,0.3,1.00E-06,1,0.6,16,0,91,200,3,0,1.44,1.850196835,42,NA,23.16666667,131.2272727,0.176538506,3,11,-0.221572872,0.181818182,1,2,7,5,4,9,0.154242849,0.398167724
0.4,0.3,1.00E-06,1,0.6,16,0,91,200,3,0,1.44,1.850196835,42,NA,23.16666667,131.2272727,0.176538506,3,11,-0.221572872,0.181818182,1,3,4,5,2,7,0.244070882,0.398167724
0.4,0.3,1.00E-06,1,0.6,16,0,91,200,3,0,1.44,1.850196835,42,NA,23.16666667,131.2272727,0.176538506,3,11,-0.221572872,0.181818182,2,3,1,4,2,6,0.210499522,0.398167724
0.4,0.3,1.00E-06,1,0.6,16,0,33,200,2,0,1.33,4.455283812,120,NA,47.27272727,242.375,0.195039617,2,24,-0.551916356,0.375,1,2,15,15,9,24,0.221844821,0
0.6,0.3,1.00E-06,1,0.6,16,0,18,200,2,0,1.38,3.873015209,146,NA,39.58333333,241.4230769,0.163958367,2,26,-0.093454817,0.346153846,1,2,16,9,17,26,0.179216828,0
0.2,0.3,1.00E-06,1,0.6,16,0,41,200,2,0,1.4,4.329343584,104,NA,38.36111111,199.4,0.192382704,2,20,0.004520686,0.3,1,2,15,6,14,20,0.297677448,0.106506424
0.6,0.3,1.00E-06,1,0.6,16,0,6,200,2,0,1.35,2.625994055,93,NA,20.9375,104.25,0.200839329,2,18,0.17645051,0.333333333,1,2,12,12,6,18,0.166807152,0.450859107
0.6,0.3,1.00E-06,1,0.6,16,0,56,200,2,0,1.35,3.013813646,85,NA,16.61764706,99.84210526,0.166439269,2,19,-0.621795104,0.421052632,1,2,11,8,11,19,0.17503755,0.493888889
0.4,0.3,1.00E-06,1,0.6,16,0,20,200,3,0,1.5,2.979670827,121,NA,49.86363636,243.25,0.204989255,3,24,-0.510249689,0.208333333,1,2,5,5,7,12,0.245601803,0.00617284
0.4,0.3,1.00E-06,1,0.6,16,0,20,200,3,0,1.5,2.979670827,121,NA,49.86363636,243.25,0.204989255,3,24,-0.510249689,0.208333333,1,3,6,5,12,17,0.209293151,0.00617284
0.4,0.3,1.00E-06,1,0.6,16,0,20,200,3,0,1.5,2.979670827,121,NA,49.86363636,243.25,0.204989255,3,24,-0.510249689,0.208333333,2,3,10,7,12,19,0.185999932,0.00617284
0.6,0.3,1.00E-06,1,0.6,16,0,136,200,2,0,1.25,3.383810616,84,NA,22.52941176,114.3157895,0.19708049,2,19,-0.674426683,0.157894737,1,2,9,3,16,19,0.34147943,0.445711679
0.6,0.3,1.00E-06,1,0.6,16,0,17,200,2,0,1.4,3.188153837,96,NA,16.70588235,96.44736842,0.173212423,2,19,-0.042847735,0.473684211,1,2,12,10,9,19,0.18517823,0.49009247
0.6,0.3,1.00E-06,1,0.6,16,0,176,200,2,0,1.25,3.421497857,125,NA,15.9469697,90.67361111,0.175872225,2,24,-0.343583022,0.25,1,2,12,6,18,24,0.220427439,0.489415323
0.6,0.3,1.00E-06,1,0.6,16,0,135,200,2,0,1.42,4.3304733,121,NA,20.65909091,93.47916667,0.221002087,2,24,-0.510249689,0.416666667,1,2,16,14,10,24,0.212290986,0.502477291
0.4,0.3,1.00E-06,1,0.6,16,0,116,200,2,0,1.3,3.282827241,109,NA,27.94444444,158.95,0.175806508,2,20,0.254520686,0.15,1,2,9,3,17,20,0.328880831,0.278598565
0.4,0.3,1.00E-06,1,0.6,16,0,64,200,2,0,1.4,3.834711029,81,NA,45.0625,196.9444444,0.228808181,2,18,-0.490216156,0.5,1,2,14,9,9,18,0.238225989,0.191972077
0.4,0.3,1.00E-06,1,0.6,16,0,120,200,2,0,1.29,5.291555492,156,NA,46.4375,252.9423077,0.183589295,2,26,0.291160568,0.423076923,1,2,17,11,15,26,0.24520773,0
0.6,0.3,1.00E-06,1,0.6,16,0,159,200,2,0,1.4,2.803297791,114,NA,19.90740741,110.1833333,0.180675305,2,20,0.504520686,0.35,1,2,15,13,7,20,0.194144886,0.403648803
0.6,0.3,1.00E-06,1,0.6,16,0,104,200,2,0,1.29,2.88065113,124,NA,36.31818182,230.5416667,0.157534134,2,24,-0.385249689,0.25,1,2,12,18,6,24,0.153751792,0
0.4,0.3,1.00E-06,1,0.6,16,0,80,200,2,0,1.35,4.063847431,120,NA,32.7254902,132.4035088,0.247164826,2,19,1.220310159,0.421052632,1,2,12,11,8,19,0.24906938,0.41138115
0.4,0.3,1.00E-06,1,0.6,16,0,195,200,2,0,1.33,3.896009009,140,NA,39.625,253.8076923,0.15612214,2,26,-0.324224048,0.346153846,1,2,16,9,17,26,0.188979122,0
0.4,0.3,1.00E-06,1,0.6,16,0,82,200,2,0,1.45,3.998015712,94,NA,33.41176471,159.2105263,0.209859018,2,19,-0.148110893,0.315789474,1,2,15,13,6,19,0.302201986,0.321568627
0.2,0.3,1.00E-06,1,0.6,16,0,89,200,2,0,1.38,4.227540193,133,NA,41.91304348,232.92,0.179946091,2,25,-0.311916356,0.48,1,2,14,13,12,25,0.2025009,0
0.4,0.3,1.00E-06,1,0.6,16,0,197,200,2,0,1.38,2.819724044,150,NA,38.25757576,242.5138889,0.157754164,2,24,0.698083644,0.333333333,1,2,14,16,8,24,0.134267414,0
0.6,0.3,1.00E-06,1,0.6,16,0,22,200,2,0,1.35,3.119418609,99,NA,36.11111111,188.9607843,0.191103732,2,17,0.944424366,0.294117647,1,2,11,12,5,17,0.256916104,0.139396935
0.4,0.3,1.00E-06,1,0.6,16,0,36,200,2,0,1.25,3.25316169,92,NA,27.80555556,143.725,0.193463598,2,20,-0.595479314,0.15,1,2,8,3,17,20,0.325617743,0.391706924
0.4,0.3,1.00E-06,1,0.6,16,0,39,200,3,0,1.42,3.598641904,145,NA,46.5625,242.75,0.191812564,3,26,-0.131916356,0.230769231,1,2,5,7,6,13,0.262806389,0
0.4,0.3,1.00E-06,1,0.6,16,0,39,200,3,0,1.42,3.598641904,145,NA,46.5625,242.75,0.191812564,3,26,-0.131916356,0.230769231,1,3,8,7,13,20,0.245884699,0
0.4,0.3,1.00E-06,1,0.6,16,0,39,200,3,0,1.42,3.598641904,145,NA,46.5625,242.75,0.191812564,3,26,-0.131916356,0.230769231,2,3,10,6,13,19,0.214210212,0
0.6,0.3,1.00E-06,1,0.6,16,0,8,200,2,0,1.29,4.102795232,140,NA,18.45454545,92.625,0.199239357,2,24,0.281416978,0.333333333,1,2,14,8,16,24,0.204521949,0.496805112
0.6,0.3,1.00E-06,1,0.6,16,0,105,200,2,0,1.22,4.536848684,71,NA,32.6025641,131.2777778,0.248347928,2,15,0.096875347,0.2,1,2,7,3,12,15,0.456985515,0.357047872
0.2,0.3,1.00E-06,1,0.6,16,0,36,200,2,0,1.55,2.90182491,98,NA,40.75,228.9,0.178025339,2,20,-0.295479314,0.45,1,2,18,11,9,20,0.16239603,0.052368117
0.4,0.3,1.00E-06,1,0.6,16,0,72,200,2,0,1.38,3.332463743,115,NA,40.77272727,227.7083333,0.179056808,2,24,-0.760249689,0.5,1,2,16,12,12,24,0.162817203,0
0.4,0.3,1.00E-06,1,0.6,16,0,141,200,2,0,1.36,4.495347275,147,NA,35.75,186.5454545,0.1916423,2,22,1.300191681,0.363636364,1,2,15,14,8,22,0.279149372,0.231062209
0.6,0.3,1.00E-06,1,0.6,16,0,1,200,2,0,1.19,3.116385278,52,NA,26.64814815,116.1666667,0.229395823,2,11,0.687518038,0.090909091,1,2,3,10,1,11,0.488887164,0.469210755
0.4,0.3,1.00E-06,1,0.6,16,0,26,200,3,0,1.62,4.166057241,134,NA,47.32608696,224.86,0.210469123,3,25,-0.271916356,0.24,1,2,7,6,9,15,0.271834451,0
0.4,0.3,1.00E-06,1,0.6,16,0,26,200,3,0,1.62,4.166057241,134,NA,47.32608696,224.86,0.210469123,3,25,-0.271916356,0.24,1,3,6,6,10,16,0.282830335,0
0.4,0.3,1.00E-06,1,0.6,16,0,26,200,3,0,1.62,4.166057241,134,NA,47.32608696,224.86,0.210469123,3,25,-0.271916356,0.24,2,3,7,9,10,19,0.259551359,0
0.2,0.3,1.00E-06,1,0.6,16,0,82,200,2,0,1.33,4.956473598,129,NA,51.10144928,231.0066667,0.221212011,2,25,-0.471916356,0.28,1,2,12,7,18,25,0.260912821,0
0.6,0.3,1.00E-06,1,0.6,16,0,156,200,2,0,1.29,3.827074095,163,NA,45.16666667,242.5384615,0.186224759,2,26,0.560391337,0.346153846,1,2,15,17,9,26,0.197760782,0
0.6,0.3,1.00E-06,1,0.6,16,0,169,200,2,0,1.35,2.945115926,91,NA,14.36111111,92.675,0.154962084,2,20,-0.645479314,0.45,1,2,12,11,9,20,0.162602631,0.480018806
0.4,0.3,1.00E-06,1,0.6,16,0,58,200,2,0,1.35,4.691815317,115,NA,37.0625,156.8333333,0.236317747,2,18,1.398672732,0.444444444,1,2,10,10,8,18,0.290793187,0.282608696
0.6,0.3,1.00E-06,1,0.6,16,0,34,200,3,0,1.4,2.233974003,95,NA,17.72916667,126.2962963,0.140377566,3,18,0.287561621,0.111111111,1,2,1,2,2,4,0.222902934,0.406504065
0.6,0.3,1.00E-06,1,0.6,16,0,34,200,3,0,1.4,2.233974003,95,NA,17.72916667,126.2962963,0.140377566,3,18,0.287561621,0.111111111,1,3,5,2,14,16,0.322947173,0.406504065
0.6,0.3,1.00E-06,1,0.6,16,0,34,200,3,0,1.4,2.233974003,95,NA,17.72916667,126.2962963,0.140377566,3,18,0.287561621,0.111111111,2,3,6,2,14,16,0.272134796,0.406504065
0.6,0.3,1.00E-06,1,0.6,16,0,109,200,4,0,1.62,2.835738882,127,NA,46.06818182,230.6041667,0.19977168,4,24,-0.260249689,0.166666667,1,2,5,4,6,10,0.241997134,0
0.6,0.3,1.00E-06,1,0.6,16,0,109,200,4,0,1.62,2.835738882,127,NA,46.06818182,230.6041667,0.19977168,4,24,-0.260249689,0.166666667,1,4,5,4,6,10,0.301384976,0
0.6,0.3,1.00E-06,1,0.6,16,0,109,200,4,0,1.62,2.835738882,127,NA,46.06818182,230.6041667,0.19977168,4,24,-0.260249689,0.166666667,2,3,7,6,8,14,0.205603996,0
0.6,0.3,1.00E-06,1,0.6,16,0,109,200,4,0,1.62,2.835738882,127,NA,46.06818182,230.6041667,0.19977168,4,24,-0.260249689,0.166666667,2,4,1,6,6,12,0.248123727,0
0.6,0.3,1.00E-06,1,0.6,16,0,109,200,4,0,1.62,2.835738882,127,NA,46.06818182,230.6041667,0.19977168,4,24,-0.260249689,0.166666667,3,4,7,8,6,14,0.192862999,0
0.4,0.3,1.00E-06,1,0.6,16,0,176,200,2,0,1.38,5.226451345,137,NA,47.38636364,226.5625,0.209153605,2,24,0.156416978,0.416666667,1,2,15,10,14,24,0.26234848,0
0.2,0.3,1.00E-06,1,0.6,16,0,14,200,2,0,1.38,3.967679667,141,NA,59.02272727,223.2708333,0.264354848,2,24,0.323083644,0.416666667,1,2,16,14,10,24,0.197440612,0.005020395
0.4,0.3,1.00E-06,1,0.6,16,0,159,200,2,0,1.35,2.998171945,102,NA,17.64705882,122.4736842,0.144088577,2,19,0.272941738,0.263157895,1,2,13,5,14,19,0.236429361,0.463720317
0.6,0.3,1.00E-06,1,0.6,16,0,23,200,2,0,1.25,3.134977112,94,NA,52.26851852,225.5083333,0.231780874,2,20,-0.495479314,0.25,1,2,12,15,5,20,0.206571905,0
0.6,0.3,1.00E-06,1,0.6,16,0,28,200,2,0,1.31,2.759941691,51,NA,24.31818182,122.1538462,0.199078315,2,13,-0.437190587,0.384615385,1,2,10,5,8,13,0.217735491,0.417536534
0.6,0.3,1.00E-06,1,0.6,16,0,200,200,2,0,1.45,2.484224072,99,NA,17.30208333,99.12037037,0.174556282,2,18,0.509783844,0.388888889,1,2,14,7,11,18,0.142072954,0.465330444
0.6,0.3,1.00E-06,1,0.6,16,0,106,200,2,0,1.3,3.209060682,95,NA,17.54166667,112.7962963,0.155516336,2,18,0.287561621,0.166666667,1,2,8,3,15,18,0.355809453,0.43852459
0.6,0.3,1.00E-06,1,0.6,16,0,168,200,2,0,1.33,4.090639882,138,NA,14.46212121,83.34722222,0.173516535,2,24,0.198083644,0.333333333,1,2,15,8,16,24,0.23224452,0.500226963
0.4,0.3,1.00E-06,1,0.6,16,0,42,200,2,0,1.25,2.500581467,107,NA,27.30555556,180.7,0.151109881,2,20,0.154520686,0.2,1,2,11,4,16,20,0.200330931,0.183228308
0.4,0.3,1.00E-06,1,0.6,16,0,153,200,2,0,1.33,3.822888945,120,NA,46.65909091,237.2083333,0.196700893,2,24,-0.551916356,0.375,1,2,14,9,15,24,0.200533268,0
0.4,0.3,1.00E-06,1,0.6,16,0,131,200,2,0,1.38,2.860170699,144,NA,39.64583333,243.1346154,0.163061246,2,26,-0.170377894,0.461538462,1,2,17,14,12,26,0.121340194,0
0.4,0.3,1.00E-06,1,0.6,16,0,119,200,2,0,1.25,2.452780417,105,NA,21.66666667,119.9,0.180706144,2,20,0.054520686,0.15,1,2,8,3,17,20,0.215335004,0.42
0.6,0.3,1.00E-06,1,0.6,16,0,94,200,2,0,1.45,2.774917848,108,NA,16.82291667,102.0462963,0.16485573,2,18,1.009783844,0.333333333,1,2,13,12,6,18,0.191633877,0.491662697
0.2,0.3,1.00E-06,1,0.6,16,0,75,200,2,0,1.5,3.789191304,131,NA,42.375,236.1923077,0.179408891,2,26,-0.670377894,0.5,1,2,19,13,13,26,0.174334047,0
0.4,0.3,1.00E-06,1,0.6,16,0,129,200,2,0,1.3,3.544758848,101,NA,27.49019608,120.245614,0.228617038,2,19,0.220310159,0.368421053,1,2,13,7,12,19,0.198424657,0.409185804
0.2,0.3,1.00E-06,1,0.6,16,0,83,200,2,0,1.38,4.64657914,178,NA,39.07246377,226.4533333,0.172540908,2,25,1.488083644,0.4,1,2,15,15,10,25,0.227152298,0
0.2,0.3,1.00E-06,1,0.6,16,0,79,200,3,0,1.5,3.185341606,135,NA,45.91666667,237.7884615,0.1930988,3,26,-0.51653174,0.230769231,1,2,10,6,13,19,0.179446453,0
0.2,0.3,1.00E-06,1,0.6,16,0,79,200,3,0,1.5,3.185341606,135,NA,45.91666667,237.7884615,0.1930988,3,26,-0.51653174,0.230769231,1,3,4,6,7,13,0.245344624,0
0.2,0.3,1.00E-06,1,0.6,16,0,79,200,3,0,1.5,3.185341606,135,NA,45.91666667,237.7884615,0.1930988,3,26,-0.51653174,0.230769231,2,3,9,13,7,20,0.20504417,0
0.6,0.3,1.00E-06,1,0.6,16,0,41,200,2,0,1.4,2.916284523,95,NA,15.37037037,94.56666667,0.162534759,2,20,-0.445479314,0.3,1,2,13,6,14,20,0.194199789,0.489952719
0.2,0.3,1.00E-06,1,0.6,16,0,68,200,2,0,1.38,4.233131393,125,NA,51.2826087,213.12,0.240627856,2,25,-0.631916356,0.44,1,2,14,11,14,25,0.208098271,0.086277732
0.6,0.3,1.00E-06,1,0.6,16,0,145,200,2,0,1.38,3.94905519,135,NA,17.15909091,89.02083333,0.192753654,2,24,0.073083644,0.458333333,1,2,16,11,13,24,0.191202326,0.504861631
0.6,0.3,1.00E-06,1,0.6,16,0,82,200,2,0,1.3,3.520915347,90,NA,20.8,110.7352941,0.187835325,2,17,0.415012602,0.176470588,1,2,8,3,14,17,0.376844275,0.37300064
0.6,0.3,1.00E-06,1,0.6,16,0,38,200,2,0,1.38,5.843410684,157,NA,52.91666667,232.0769231,0.228013479,2,26,0.329622106,0.346153846,1,2,16,9,17,26,0.284665768,0
0.4,0.3,1.00E-06,1,0.6,16,0,112,200,4,0,1.75,2.628618946,63,NA,56.65277778,226.6785714,0.249925599,4,14,-0.003124653,0.142857143,1,2,2,3,4,7,0.262026921,0.022031166
0.4,0.3,1.00E-06,1,0.6,16,0,112,200,4,0,1.75,2.628618946,63,NA,56.65277778,226.6785714,0.249925599,4,14,-0.003124653,0.142857143,1,3,5,3,5,8,0.305706931,0.022031166
0.4,0.3,1.00E-06,1,0.6,16,0,112,200,4,0,1.75,2.628618946,63,NA,56.65277778,226.6785714,0.249925599,4,14,-0.003124653,0.142857143,1,4,1,3,2,5,0.381604496,0.022031166
0.4,0.3,1.00E-06,1,0.6,16,0,112,200,4,0,1.75,2.628618946,63,NA,56.65277778,226.6785714,0.249925599,4,14,-0.003124653,0.142857143,2,3,8,4,5,9,0.238893802,0.022031166
0.4,0.3,1.00E-06,1,0.6,16,0,112,200,4,0,1.75,2.628618946,63,NA,56.65277778,226.6785714,0.249925599,4,14,-0.003124653,0.142857143,3,4,5,5,2,7,0.436448942,0.022031166
0.4,0.3,1.00E-06,1,0.6,16,0,83,200,2,0,1.35,3.483377857,72,NA,32.08333333,131.90625,0.243228303,2,16,-0.261457986,0.25,1,2,11,4,12,16,0.30818091,0.373126041
0.2,0.3,1.00E-06,1,0.6,16,0,67,200,2,0,1.33,3.209106498,135,NA,42.23913043,237.06,0.17817907,2,25,-0.231916356,0.32,1,2,15,17,8,25,0.164616133,0
0.6,0.3,1.00E-06,1,0.6,16,0,42,200,2,0,1.35,3.601077403,103,NA,20.30392157,103.7807018,0.195642554,2,19,0.325573317,0.315789474,1,2,11,6,13,19,0.231495208,0.458953433
0.6,0.3,1.00E-06,1,0.6,16,0,71,200,2,0,1.29,3.583944363,122,NA,44.45454545,228,0.194976077,2,24,-0.468583022,0.333333333,1,2,14,16,8,24,0.199312153,0
0.4,0.3,1.00E-06,1,0.6,16,0,69,200,2,0,1.33,4.245785134,121,NA,39.79545455,240.5625,0.165426675,2,24,-0.510249689,0.333333333,1,2,14,8,16,24,0.218450857,0.010653931
0.6,0.3,1.00E-06,1,0.6,16,0,111,200,2,0,1.29,3.700968063,131,NA,38.56818182,239.0833333,0.161316899,2,24,-0.093583022,0.333333333,1,2,15,16,8,24,0.181928143,0
0.4,0.3,1.00E-06,1,0.6,16,0,147,200,2,0,1.3,3.438970893,96,NA,15.60185185,109.8833333,0.141985608,2,20,-0.395479314,0.4,1,2,13,12,8,20,0.190697319,0.46544182
0.6,0.3,1.00E-06,1,0.6,16,0,129,200,3,0,1.7,2.133879061,90,NA,17.09375,91.63888889,0.186533798,3,18,0.009783844,0.277777778,1,2,11,7,6,13,0.143317031,0.454123711
0.6,0.3,1.00E-06,1,0.6,16,0,129,200,3,0,1.7,2.133879061,90,NA,17.09375,91.63888889,0.186533798,3,18,0.009783844,0.277777778,1,3,9,7,5,12,0.183729292,0.454123711
0.6,0.3,1.00E-06,1,0.6,16,0,129,200,3,0,1.7,2.133879061,90,NA,17.09375,91.63888889,0.186533798,3,18,0.009783844,0.277777778,2,3,3,6,5,11,0.15763612,0.454123711
0.4,0.3,1.00E-06,1,0.6,16,0,158,200,2,0,1.38,4.334189832,117,NA,41.56060606,235.2777778,0.176644843,2,24,-0.676916356,0.333333333,1,2,16,16,8,24,0.213595056,0.057655955
0.6,0.3,1.00E-06,1,0.6,16,0,62,200,2,0,1.4,4.36192578,112,NA,28.43518519,150.4583333,0.18899043,2,20,0.404520686,0.25,1,2,13,5,15,20,0.376548037,0.27140255
0.2,0.3,1.00E-06,1,0.6,16,0,48,200,2,0,1.33,3.210673611,141,NA,46.83333333,227.75,0.205634834,2,26,-0.285762509,0.423076923,1,2,17,15,11,26,0.1530952,0
0.6,0.3,1.00E-06,1,0.6,16,0,45,200,3,0,1.5,3.424031699,105,NA,34.38235294,121.1842105,0.283719742,3,19,0.430836475,0.157894737,1,2,1,3,3,6,0.477367766,0.367335865
0.6,0.3,1.00E-06,1,0.6,16,0,45,200,3,0,1.5,3.424031699,105,NA,34.38235294,121.1842105,0.283719742,3,19,0.430836475,0.157894737,1,3,7,3,13,16,0.345550884,0.367335865
0.6,0.3,1.00E-06,1,0.6,16,0,45,200,3,0,1.5,3.424031699,105,NA,34.38235294,121.1842105,0.283719742,3,19,0.430836475,0.157894737,2,3,8,3,13,16,0.305758808,0.367335865
0.4,0.3,1.00E-06,1,0.6,16,0,137,200,2,0,1.38,3.510350889,111,NA,44.64285714,221,0.202003878,2,23,-0.642496066,0.391304348,1,2,14,14,9,23,0.163721866,0.077419355
0.4,0.3,1.00E-06,1,0.6,16,0,144,200,3,0,1.54,3.22144226,123,NA,26.18253968,124.5507246,0.210215876,3,23,-0.120756935,0.130434783,1,2,8,16,4,20,0.281975946,0.411918225
0.4,0.3,1.00E-06,1,0.6,16,0,144,200,3,0,1.54,3.22144226,123,NA,26.18253968,124.5507246,0.210215876,3,23,-0.120756935,0.130434783,1,3,8,16,3,19,0.307891895,0.411918225
0.4,0.3,1.00E-06,1,0.6,16,0,144,200,3,0,1.54,3.22144226,123,NA,26.18253968,124.5507246,0.210215876,3,23,-0.120756935,0.130434783,2,3,1,4,3,7,0.355106771,0.411918225
0.2,0.3,1.00E-06,1,0.6,16,0,12,200,2,0,1.33,3.950220832,121,NA,42.18181818,244.6458333,0.172419933,2,24,-0.510249689,0.416666667,1,2,15,10,14,24,0.200896186,0
0.4,0.3,1.00E-06,1,0.6,16,0,122,200,2,0,1.45,3.007953096,66,NA,57.16666667,218.4230769,0.261724482,2,13,0.716655567,0.384615385,1,2,11,8,5,13,0.254664084,0.078625954
0.6,0.3,1.00E-06,1,0.6,16,0,3,200,2,0,1.25,2.350157748,55,NA,31,214.7692308,0.144340974,2,13,-0.129498279,0.307692308,1,2,9,4,9,13,0.201699708,0.075436983
0.4,0.3,1.00E-06,1,0.6,16,0,45,200,2,0,1.41,4.445179609,113,NA,43.25925926,190.8166667,0.226705874,2,20,0.454520686,0.4,1,2,16,12,8,20,0.276001216,0.132352941
0.2,0.3,1.00E-06,1,0.6,16,0,98,200,2,0,1.33,3.066018162,125,NA,45.29545455,227.8333333,0.198809603,2,24,-0.343583022,0.333333333,1,2,15,16,8,24,0.154460655,0
0.4,0.3,1.00E-06,1,0.6,16,0,23,200,2,0,1.29,3.579825066,135,NA,50.67361111,232.3974359,0.218047204,2,26,-0.51653174,0.384615385,1,2,14,10,16,26,0.167053261,0
0.6,0.3,1.00E-06,1,0.6,16,0,74,200,2,0,1.35,2.866341924,92,NA,15.20588235,92.97368421,0.16355039,2,19,-0.253374051,0.263157895,1,2,15,5,14,19,0.184886618,0.471689895
0.4,0.3,1.00E-06,1,0.6,16,0,109,200,4,0,1.62,2.835738882,127,NA,46.06818182,230.6041667,0.19977168,4,24,-0.260249689,0.166666667,1,2,5,4,6,10,0.241997134,0
0.4,0.3,1.00E-06,1,0.6,16,0,109,200,4,0,1.62,2.835738882,127,NA,46.06818182,230.6041667,0.19977168,4,24,-0.260249689,0.166666667,1,3,5,4,6,10,0.301384976,0
0.4,0.3,1.00E-06,1,0.6,16,0,109,200,4,0,1.62,2.835738882,127,NA,46.06818182,230.6041667,0.19977168,4,24,-0.260249689,0.166666667,2,3,1,6,6,12,0.248123727,0
0.4,0.3,1.00E-06,1,0.6,16,0,109,200,4,0,1.62,2.835738882,127,NA,46.06818182,230.6041667,0.19977168,4,24,-0.260249689,0.166666667,2,4,7,6,8,14,0.205603996,0
0.4,0.3,1.00E-06,1,0.6,16,0,109,200,4,0,1.62,2.835738882,127,NA,46.06818182,230.6041667,0.19977168,4,24,-0.260249689,0.166666667,3,4,7,6,8,14,0.192862999,0
0.4,0.3,1.00E-06,1,0.6,16,0,185,200,2,0,1.42,3.069608707,115,NA,38.43181818,233.9791667,0.164253163,2,24,-0.760249689,0.375,1,2,14,15,9,24,0.153432821,0
0.4,0.3,1.00E-06,1,0.6,16,0,11,200,2,0,1.33,3.232953229,147,NA,40.54166667,237.2692308,0.17086778,2,26,-0.054993279,0.346153846,1,2,13,17,9,26,0.159522817,0
0.2,0.3,1.00E-06,1,0.6,16,0,73,200,2,0.16,1.62,3.334400394,135,NA,36.09090909,202.125,0.178557373,2,24,0.073083644,0.5,1,2,23,12,12,24,0.158529702,0.180223881
0.4,0.3,1.00E-06,1,0.6,16,0,132,200,2,0,1.65,2.716996062,91,NA,25.51041667,123.9907407,0.20574453,2,18,0.065339399,0.444444444,1,2,20,10,8,18,0.16730099,0.433576642
0.6,0.3,1.00E-06,1,0.6,16,0,53,200,2,0,1.42,3.889187373,127,NA,14.90909091,88.08333333,0.169261202,2,24,-0.260249689,0.333333333,1,2,18,8,16,24,0.201778322,0.498758278
0.2,0.3,1.00E-06,1,0.6,16,0,51,200,2,0,1.42,4.071146776,160,NA,42.72222222,241.0641026,0.177223493,2,26,0.445006721,0.384615385,1,2,13,10,16,26,0.19268842,0
0.4,0.3,1.00E-06,1,0.6,16,0,89,200,2,0,1.38,4.417058416,133,NA,41.17391304,232.92,0.176772768,2,25,-0.311916356,0.48,1,2,14,12,13,25,0.212379208,0
0.6,0.3,1.00E-06,1,0.6,16,0,70,200,2,0,1.42,4.158527845,125,NA,44.92424242,240.5694444,0.186741265,2,24,-0.343583022,0.416666667,1,2,17,10,14,24,0.204817652,0
0.4,0.3,1.00E-06,1,0.6,16,0,51,200,2,0,1.33,3.989142164,160,NA,43.54166667,240.5576923,0.181003011,2,26,0.445006721,0.384615385,1,2,15,10,16,26,0.18273878,0
0.4,0.3,1.00E-06,1,0.6,16,0,76,200,3,0,1.6,3.503745348,94,NA,54.11111111,221.6,0.244183714,3,20,-0.495479314,0.25,1,2,10,5,8,13,0.266185255,0.058365759
0.4,0.3,1.00E-06,1,0.6,16,0,76,200,3,0,1.6,3.503745348,94,NA,54.11111111,221.6,0.244183714,3,20,-0.495479314,0.25,2,3,12,8,7,15,0.235803299,0.058365759
0.4,0.3,1.00E-06,1,0.6,16,0,115,200,2,0,1.38,3.475749356,124,NA,38.93939394,226.0138889,0.172287615,2,24,-0.385249689,0.416666667,1,2,15,14,10,24,0.174657174,0
0.6,0.3,1.00E-06,1,0.6,16,0,125,200,2,0.19,1.45,2.837005236,85,NA,16.84375,112.8611111,0.14924317,2,18,-0.267993934,0.277777778,1,2,14,13,5,18,0.222649899,0.418643133
0.4,0.3,1.00E-06,1,0.6,16,0,108,200,2,0,1.4,4.150536486,83,NA,33.21875,149.8888889,0.221622498,2,18,-0.379105045,0.388888889,1,2,15,11,7,18,0.287295471,0.407506702
0.4,0.3,1.00E-06,1,0.6,16,0,68,200,2,0,1.33,4.872841268,150,NA,46.5625,234.5,0.198560768,2,26,0.060391337,0.423076923,1,2,14,15,11,26,0.226825001,0
0.6,0.3,1.00E-06,1,0.6,16,0,95,200,2,0,1.25,3.490830299,160,NA,41.16666667,232.4230769,0.177119532,2,26,0.445006721,0.192307692,1,2,11,5,21,26,0.206347348,0
0.4,0.3,1.00E-06,1,0.6,16,0,27,200,3,0,1.5,3.128442496,142,NA,48.41666667,237.4230769,0.203925698,3,26,-0.247300971,0.115384615,1,2,9,18,3,21,0.282108966,0
0.4,0.3,1.00E-06,1,0.6,16,0,27,200,3,0,1.5,3.128442496,142,NA,48.41666667,237.4230769,0.203925698,3,26,-0.247300971,0.115384615,1,3,11,18,5,23,0.182194405,0
0.4,0.3,1.00E-06,1,0.6,16,0,2,200,3,0,1.45,2.604061047,96,NA,25.87254902,121.0350877,0.213760733,3,19,-0.042847735,0.315789474,1,2,6,6,7,13,0.199944588,0.481667504
0.4,0.3,1.00E-06,1,0.6,16,0,2,200,3,0,1.45,2.604061047,96,NA,25.87254902,121.0350877,0.213760733,3,19,-0.042847735,0.315789474,1,3,5,6,6,12,0.195846563,0.481667504
0.4,0.3,1.00E-06,1,0.6,16,0,2,200,3,0,1.45,2.604061047,96,NA,25.87254902,121.0350877,0.213760733,3,19,-0.042847735,0.315789474,2,3,8,7,6,13,0.206467963,0.481667504
0.6,0.3,1.00E-06,1,0.6,16,0,73,200,2,0,1.42,4.925037848,164,NA,51.88636364,240.3541667,0.215874617,2,24,1.281416978,0.333333333,1,2,14,8,16,24,0.266496419,0
0.4,0.3,1.00E-06,1,0.6,16,0,128,200,2,0,1.32,3.424737871,103,NA,54.73684211,230.5714286,0.237396465,2,21,-0.385955505,0.476190476,1,2,13,11,10,21,0.184981679,0.078359575
0.4,0.3,1.00E-06,1,0.6,16,0,167,200,2,0,1.35,3.351313376,87,NA,25,137.2894737,0.182096991,2,19,-0.516531946,0.263157895,1,2,13,5,14,19,0.26063458,0.355683269
0.6,0.3,1.00E-06,1,0.6,16,0,7,200,2,0,1.45,4.591505408,122,NA,20.08333333,87.325,0.229983777,2,20,0.904520686,0.4,1,2,16,8,12,20,0.267392128,0.497361478
0.4,0.3,1.00E-06,1,0.6,16,0,55,200,2,0,1.38,3.131483716,131,NA,44.13888889,244.5641026,0.180479835,2,26,-0.670377894,0.461538462,1,2,14,12,14,26,0.135799965,0
0.4,0.3,1.00E-06,1,0.6,16,0,161,200,2,0,1.4,2.570122477,115,NA,26.41666667,150.275,0.175788832,2,20,0.554520686,0.25,1,2,13,15,5,20,0.218134956,0.380926431
0.6,0.3,1.00E-06,1,0.6,16,0,165,200,2,0,1.39,3.691491551,70,NA,34.90277778,170.797619,0.204351665,2,14,0.496875347,0.5,1,2,10,7,7,14,0.274365812,0.148909657
0.6,0.3,1.00E-06,1,0.6,16,0,151,200,2,0,1.33,6.809563371,68,NA,57.52564103,171.4333333,0.335556918,2,15,-0.103124653,0.466666667,1,2,9,8,7,15,0.440020067,0.237192982
0.6,0.3,1.00E-06,1,0.6,16,0,192,200,2,0,1.35,2.982284561,99,NA,30.46428571,146.65625,0.207725792,2,16,1.426042014,0.375,1,2,11,6,10,16,0.179788952,0.385175381
0.4,0.3,1.00E-06,1,0.6,16,0,118,200,2,0,1.33,3.27030156,141,NA,19.55,106.7727273,0.183099191,2,22,1.027464409,0.454545455,1,2,14,10,12,22,0.166696687,0.496422182
0.6,0.3,1.00E-06,1,0.6,16,0,49,200,2,0,1.38,3.002703258,154,NA,46.22916667,239.1730769,0.193287502,2,26,0.214237491,0.5,1,2,16,13,13,26,0.130990832,0
0.6,0.3,1.00E-06,1,0.6,16,0,113,200,2,0,1.38,3.164634214,146,NA,43.28030303,250.5138889,0.172766082,2,24,0.531416978,0.416666667,1,2,16,10,14,24,0.149560126,0
0.6,0.3,1.00E-06,1,0.6,16,0,162,200,3,0,1.54,3.628131996,124,NA,46.81818182,241.4166667,0.193931026,3,24,-0.385249689,0.291666667,1,2,7,9,7,16,0.226928816,0
0.6,0.3,1.00E-06,1,0.6,16,0,162,200,3,0,1.54,3.628131996,124,NA,46.81818182,241.4166667,0.193931026,3,24,-0.385249689,0.291666667,1,3,8,9,8,17,0.273546627,0
0.6,0.3,1.00E-06,1,0.6,16,0,162,200,3,0,1.54,3.628131996,124,NA,46.81818182,241.4166667,0.193931026,3,24,-0.385249689,0.291666667,2,3,8,7,8,15,0.226248214,0
0.4,0.3,1.00E-06,1,0.6,16,0,19,200,2,0.21,1.5,3.950504078,76,NA,30.15384615,137.0333333,0.220047527,2,15,0.43020868,0.266666667,1,2,13,4,11,15,0.344381482,0.369345037
0.4,0.3,1.00E-06,1,0.6,16,0,172,200,2,0,1.35,3.700774028,101,NA,28.37254902,129.7192982,0.218722653,2,19,0.220310159,0.263157895,1,2,12,5,14,19,0.239431474,0.328744493
0.6,0.3,1.00E-06,1,0.6,16,0,51,200,2,0,1.42,4.015756474,160,NA,42.97222222,241.275641,0.178104271,2,26,0.445006721,0.384615385,1,2,13,10,16,26,0.190839948,0
0.2,0.3,1.00E-06,1,0.6,16,0,18,200,2,0,1.33,4.02211465,146,NA,41,240.1538462,0.170723895,2,26,-0.093454817,0.423076923,1,2,16,15,11,26,0.186113909,0
0.6,0.3,1.00E-06,1,0.6,16,0,69,200,2,0,1.28,3.986945684,74,NA,29.96153846,163.6333333,0.183101681,2,15,0.296875347,0.266666667,1,2,10,11,4,15,0.374146575,0.21724372
0.4,0.3,1.00E-06,1,0.6,16,0,113,200,2,0,1.38,3.164933089,146,NA,42.26515152,250.7777778,0.168536271,2,24,0.531416978,0.416666667,1,2,16,10,14,24,0.150266312,0
0.2,0.3,1.00E-06,1,0.6,16,0,15,200,2,0,1.33,5.404786469,128,NA,55.60869565,228.44,0.243428015,2,25,-0.511916356,0.28,1,2,19,18,7,25,0.287718575,0
0.6,0.3,1.00E-06,1,0.6,16,0,172,200,2,0,1.38,3.6417733,125,NA,13.91666667,92.76388889,0.150022458,2,24,-0.343583022,0.375,1,2,16,9,15,24,0.184328807,0.483346872
0.6,0.3,1.00E-06,1,0.6,16,0,43,200,2,0,1.5,2.990433772,149,NA,39.15972222,231.775641,0.168955297,2,26,0.021929798,0.423076923,1,2,20,11,15,26,0.136488126,0
0.6,0.3,1.00E-06,1,0.6,16,0,91,200,3,0.18,1.75,2.29466151,46,NA,18.2,96.91666667,0.187790198,3,12,-0.373088023,0.25,1,2,2,3,5,8,0.261031488,0.445192308
0.6,0.3,1.00E-06,1,0.6,16,0,91,200,3,0.18,1.75,2.29466151,46,NA,18.2,96.91666667,0.187790198,3,12,-0.373088023,0.25,1,3,5,3,4,7,0.243752024,0.445192308
0.6,0.3,1.00E-06,1,0.6,16,0,91,200,3,0.18,1.75,2.29466151,46,NA,18.2,96.91666667,0.187790198,3,12,-0.373088023,0.25,2,3,13,5,4,9,0.239974634,0.445192308
0.6,0.3,1.00E-06,1,0.6,16,0,114,200,2,0,1.33,3.252379527,129,NA,40.45833333,239.6538462,0.168819879,2,26,-0.747300971,0.423076923,1,2,14,15,11,26,0.147108687,0
0.4,0.3,1.00E-06,1,0.6,16,0,181,200,2,0,1.35,2.138933256,116,NA,17.49074074,116.6833333,0.149899221,2,20,0.604520686,0.5,1,2,14,10,10,20,0.099995523,0.480280929
0.6,0.3,1.00E-06,1,0.6,16,0,30,200,2,0,1.28,5.261711064,77,NA,40.35714286,153.5625,0.262805977,2,16,0.051042014,0.375,1,2,11,6,10,16,0.378452765,0.286400769
0.6,0.3,1.00E-06,1,0.6,16,0,134,200,2,0,1.38,5.551812685,175,NA,18.73484848,92.07638889,0.203470713,2,24,1.739750311,0.5,1,2,14,12,12,24,0.269782836,0.502277433
0.6,0.3,1.00E-06,1,0.6,16,0,190,200,2,0,1.33,3.677788964,135,NA,46.04166667,230.2307692,0.19998051,2,26,-0.51653174,0.307692308,1,2,14,8,18,26,0.182445987,0
0.4,0.3,1.00E-06,1,0.6,16,0,84,200,2,0,1.29,3.360339125,125,NA,51.47727273,224.6458333,0.229148576,2,24,-0.343583022,0.208333333,1,2,11,19,5,24,0.202864316,0
0.4,0.3,1.00E-06,1,0.6,16,0,85,200,3,0,1.54,4.018071226,135,NA,54.21527778,241.2628205,0.224714598,3,26,-0.51653174,0.307692308,1,2,10,9,9,18,0.288008076,0
0.4,0.3,1.00E-06,1,0.6,16,0,85,200,3,0,1.54,4.018071226,135,NA,54.21527778,241.2628205,0.224714598,3,26,-0.51653174,0.307692308,1,3,8,9,8,17,0.227144068,0
0.4,0.3,1.00E-06,1,0.6,16,0,85,200,3,0,1.54,4.018071226,135,NA,54.21527778,241.2628205,0.224714598,3,26,-0.51653174,0.307692308,2,3,5,9,8,17,0.246142249,0
0.4,0.3,1.00E-06,1,0.6,16,0,110,200,2,0,1.33,3.419978953,116,NA,47.62878788,256.3958333,0.185762722,2,24,-0.718583022,0.375,1,2,15,9,15,24,0.173891539,0
0.6,0.3,1.00E-06,1,0.6,16,0,39,200,3,0,1.42,3.598641904,145,NA,46.5625,242.75,0.191812564,3,26,-0.131916356,0.230769231,1,2,5,7,6,13,0.262806389,0
0.6,0.3,1.00E-06,1,0.6,16,0,39,200,3,0,1.42,3.598641904,145,NA,46.5625,242.75,0.191812564,3,26,-0.131916356,0.230769231,1,3,8,7,13,20,0.245884699,0
0.6,0.3,1.00E-06,1,0.6,16,0,39,200,3,0,1.42,3.598641904,145,NA,46.5625,242.75,0.191812564,3,26,-0.131916356,0.230769231,2,3,10,6,13,19,0.214210212,0
0.4,0.3,1.00E-06,1,0.6,16,0,157,200,3,0,1.6,2.956741263,110,NA,25.8627451,119.5438596,0.216345241,3,19,0.69399437,0.105263158,1,3,6,2,9,11,0.343332837,0.449793673
0.4,0.3,1.00E-06,1,0.6,16,0,157,200,3,0,1.6,2.956741263,110,NA,25.8627451,119.5438596,0.216345241,3,19,0.69399437,0.105263158,2,3,17,8,9,17,0.174544522,0.449793673
0.6,0.3,1.00E-06,1,0.6,16,0,29,200,2,0,1.3,3.529871904,66,NA,21.34615385,115.1,0.185457462,2,15,-0.236457986,0.266666667,1,2,10,4,11,15,0.33799829,0.401092233
0.4,0.3,1.00E-06,1,0.6,16,0,107,200,2,0,1.3,3.023586489,90,NA,28.14705882,129.1052632,0.218016355,2,19,-0.358637209,0.157894737,1,2,8,3,16,19,0.306305367,0.414209115
0.2,0.3,1.00E-06,1,0.6,16,0,8,200,3,0,1.46,3.260571421,131,NA,40.77083333,248.8269231,0.163852178,3,26,-0.670377894,0.230769231,1,2,8,11,6,17,0.210092449,0.005754213
0.2,0.3,1.00E-06,1,0.6,16,0,8,200,3,0,1.46,3.260571421,131,NA,40.77083333,248.8269231,0.163852178,3,26,-0.670377894,0.230769231,1,3,8,11,9,20,0.199454917,0.005754213
0.2,0.3,1.00E-06,1,0.6,16,0,8,200,3,0,1.46,3.260571421,131,NA,40.77083333,248.8269231,0.163852178,3,26,-0.670377894,0.230769231,2,3,7,6,9,15,0.218211614,0.005754213
0.6,0.3,1.00E-06,1,0.6,16,0,15,200,2,0,1.38,3.744438268,127,NA,43.88405797,233.1666667,0.188208969,2,25,-0.551916356,0.44,1,2,15,11,14,25,0.178622006,0
0.6,0.3,1.00E-06,1,0.6,16,0,141,200,2,0,1.3,3.948633537,128,NA,27.08333333,153.425,0.176524904,2,20,1.204520686,0.15,1,2,9,17,3,20,0.41925393,0.300431832
0.2,0.3,1.00E-06,1,0.6,16,0,58,200,2,0,1.33,3.396869469,126,NA,51.77272727,226.9166667,0.228157447,2,24,-0.301916356,0.416666667,1,2,15,10,14,24,0.16851513,0.002565199
0.4,0.3,1.00E-06,1,0.6,16,0,160,200,2,0,1.38,3.672647162,137,NA,42.60416667,231.3846154,0.18412705,2,26,-0.439608663,0.384615385,1,2,18,16,10,26,0.177241608,0
0.4,0.3,1.00E-06,1,0.6,16,0,22,200,2,0,1.38,3.2572682,114,NA,35.54545455,228.7083333,0.155418275,2,24,-0.801916356,0.458333333,1,2,14,11,13,24,0.158129053,0
0.2,0.3,1.00E-06,1,0.6,16,0,54,200,2,0,1.38,3.442107372,139,NA,41.86111111,218.3974359,0.191674005,2,26,-0.362685586,0.384615385,1,2,16,10,16,26,0.155119173,0
0.2,0.3,1.00E-06,1,0.6,16,0,77,200,2,0,1.33,5.343510851,139,NA,57.72916667,246.9615385,0.233757722,2,26,-0.362685586,0.384615385,1,2,15,16,10,26,0.2514172,0
0.4,0.3,1.00E-06,1,0.6,16,0,142,200,3,0,1.54,2.976674318,133,NA,35.83333333,225.2307692,0.159096084,3,26,-0.593454817,0.269230769,1,2,8,10,9,19,0.16257197,0
0.4,0.3,1.00E-06,1,0.6,16,0,142,200,3,0,1.54,2.976674318,133,NA,35.83333333,225.2307692,0.159096084,3,26,-0.593454817,0.269230769,1,3,7,10,7,17,0.185780673,0
0.4,0.3,1.00E-06,1,0.6,16,0,142,200,3,0,1.54,2.976674318,133,NA,35.83333333,225.2307692,0.159096084,3,26,-0.593454817,0.269230769,2,3,7,9,7,16,0.203150532,0
0.4,0.3,1.00E-06,1,0.6,16,0,173,200,2,0,1.38,3.699837293,125,NA,47.74242424,216.9861111,0.220025254,2,24,-0.343583022,0.375,1,2,15,15,9,24,0.201447412,0.043022821
0.2,0.3,1.00E-06,1,0.6,16,0,52,200,2,0,1.25,3.08216486,127,NA,49.5,252.6875,0.195894138,2,24,-0.260249689,0.5,1,2,16,12,12,24,0.145565769,0.003254679
0.2,0.3,1.00E-06,1,0.6,16,0,44,200,2,0,1.29,2.945879016,145,NA,38.16666667,233,0.163805436,2,26,-0.131916356,0.307692308,1,2,14,8,18,26,0.145765166,0
0.4,0.3,1.00E-06,1,0.6,16,0,103,200,2,0,1.42,3.646538546,122,NA,47.13636364,232.875,0.202410579,2,24,-0.468583022,0.416666667,1,2,19,10,14,24,0.177921364,0
0.4,0.3,1.00E-06,1,0.6,16,0,125,200,2,0,1.33,3.978049704,118,NA,47.72727273,243.7916667,0.195770731,2,24,-0.635249689,0.291666667,1,2,13,17,7,24,0.241653995,0.077202073
0.4,0.3,1.00E-06,1,0.6,16,0,24,200,2,0,1.38,3.352451076,142,NA,46.11363636,238.75,0.193146121,2,24,0.364750311,0.375,1,2,15,9,15,24,0.161239628,0
0.2,0.3,1.00E-06,1,0.6,16,0,39,200,2,0,1.25,3.882173335,145,NA,47.04166667,242.4615385,0.194017026,2,26,-0.131916356,0.269230769,1,2,13,19,7,26,0.20514244,0
0.2,0.3,1.00E-06,1,0.6,16,0,1,200,3,0,1.58,3.8560237,119,NA,49.54545455,225.6666667,0.219551497,3,24,-0.593583022,0.25,1,2,6,9,6,15,0.261180858,0
0.2,0.3,1.00E-06,1,0.6,16,0,1,200,3,0,1.58,3.8560237,119,NA,49.54545455,225.6666667,0.219551497,3,24,-0.593583022,0.25,1,3,12,9,9,18,0.22399329,0
0.2,0.3,1.00E-06,1,0.6,16,0,1,200,3,0,1.58,3.8560237,119,NA,49.54545455,225.6666667,0.219551497,3,24,-0.593583022,0.25,2,3,6,6,9,15,0.3122502,0
0.4,0.3,1.00E-06,1,0.6,16,0,170,200,2,0,1.25,3.120223366,90,NA,26.17647059,128.2105263,0.204167874,2,19,-0.358637209,0.210526316,1,2,9,15,4,19,0.237154377,0.422192152
0.6,0.3,1.00E-06,1,0.6,16,0,81,200,3,0,1.58,2.648928622,124,NA,47.18181818,235.4583333,0.200382877,3,24,-0.385249689,0.166666667,1,2,7,12,8,20,0.148297994,0
0.6,0.3,1.00E-06,1,0.6,16,0,81,200,3,0,1.58,2.648928622,124,NA,47.18181818,235.4583333,0.200382877,3,24,-0.385249689,0.166666667,1,3,8,12,4,16,0.198529451,0
0.6,0.3,1.00E-06,1,0.6,16,0,81,200,3,0,1.58,2.648928622,124,NA,47.18181818,235.4583333,0.200382877,3,24,-0.385249689,0.166666667,2,3,8,8,4,12,0.213543442,0
0.4,0.3,1.00E-06,1,0.6,16,0,16,200,2,0,1.41,5.200524655,153,NA,42.9,198.7954545,0.215799703,2,22,1.572918954,0.454545455,1,2,15,12,10,22,0.280835015,0.13040901
0.6,0.3,1.00E-06,1,0.6,16,0,115,200,2,0,1.38,3.289602849,122,NA,39.31060606,225.7361111,0.174144074,2,24,-0.468583022,0.416666667,1,2,15,10,14,24,0.163211072,0
0.4,0.3,1.00E-06,1,0.6,16,0,79,200,2,0,1.4,3.273118144,82,NA,23.5,118.3888889,0.198498358,2,18,-0.434660601,0.388888889,1,2,12,11,7,18,0.218833139,0.447954056
0.4,0.3,1.00E-06,1,0.6,16,0,145,200,2,0,1.29,4.726714439,128,NA,30.03030303,109.0833333,0.275296896,2,24,-0.218583022,0.125,1,2,9,3,21,24,0.392671715,0.49615906
0.6,0.3,1.00E-06,1,0.6,16,0,16,200,2,0,1.25,3.216807998,78,NA,20.53571429,98.09375,0.209347836,2,16,0.113542014,0.125,1,2,5,2,14,16,0.414388024,0.44738323
0.4,0.3,1.00E-06,1,0.6,16,0,192,200,2,0,1.38,4.054075712,134,NA,46.80434783,226.08,0.207025601,2,25,-0.271916356,0.36,1,2,17,16,9,25,0.220590254,0.076234789
0.4,0.3,1.00E-06,1,0.6,16,0,183,200,2,0,1.35,5.124398895,83,NA,47.46666667,197.4705882,0.240373349,2,17,0.003247896,0.470588235,1,2,13,8,9,17,0.315892227,0.110081112
0.2,0.3,1.00E-06,1,0.6,16,0,11,200,2,0,1.25,3.45057265,143,NA,47.59722222,230.3076923,0.206667966,2,26,-0.208839432,0.269230769,1,2,13,7,19,26,0.175304236,0
0.6,0.3,1.00E-06,1,0.6,16,0,132,200,2,0,1.35,4.375427057,118,NA,17.27777778,98.025,0.176258891,2,20,0.704520686,0.45,1,2,14,9,11,20,0.250872336,0.48185941
0.6,0.3,1.00E-06,1,0.6,16,0,143,200,2,0,1.45,3.381391961,106,NA,19.51851852,106.4333333,0.183387271,2,20,0.104520686,0.4,1,2,14,8,12,20,0.194556551,0.466694079
0.4,0.3,1.00E-06,1,0.6,16,0,18,200,2,0,1.33,3.952958172,146,NA,40.625,240.4615385,0.168945937,2,26,-0.093454817,0.423076923,1,2,16,15,11,26,0.182501515,0
0.4,0.3,1.00E-06,1,0.6,16,0,95,200,2,0,1.38,3.433883429,130,NA,41.41666667,234.1346154,0.176892539,2,26,-0.708839432,0.384615385,1,2,16,16,10,26,0.157662263,0
0.2,0.3,1.00E-06,1,0.6,16,0,47,200,2,0,1.29,3.661781291,135,NA,43.875,245.7692308,0.178521127,2,26,-0.51653174,0.192307692,1,2,11,5,21,26,0.229137294,0
0.6,0.3,1.00E-06,1,0.6,16,0,180,200,2,0.16,1.58,3.18764242,135,NA,43.54545455,245.1041667,0.177661013,2,24,0.073083644,0.375,1,2,20,15,9,24,0.166047284,0
0.2,0.3,1.00E-06,1,0.6,16,0,10,200,2,0,1.29,4.516652057,153,NA,48.63636364,243.1666667,0.200012462,2,24,0.823083644,0.458333333,1,2,16,11,13,24,0.220909845,0
0.4,0.3,1.00E-06,1,0.6,16,0,136,200,2,0,1.35,4.855049857,124,NA,36.23529412,180,0.20130719,2,19,1.430836475,0.263157895,1,2,13,14,5,19,0.357531313,0.183429672
0.6,0.3,1.00E-06,1,0.6,16,0,50,200,2,0,1.3,2.781243554,93,NA,19.23529412,103.9210526,0.185095259,2,19,-0.200742472,0.315789474,1,2,11,13,6,19,0.189784116,0.449784017
0.6,0.3,1.00E-06,1,0.6,16,0,97,200,3,0,1.45,2.390517619,102,NA,15.93137255,104.9824561,0.151752713,3,19,0.272941738,0.157894737,1,2,1,3,6,9,0.295914238,0.44313238
0.6,0.3,1.00E-06,1,0.6,16,0,97,200,3,0,1.45,2.390517619,102,NA,15.93137255,104.9824561,0.151752713,3,19,0.272941738,0.157894737,1,3,7,3,10,13,0.234867372,0.44313238
0.6,0.3,1.00E-06,1,0.6,16,0,97,200,3,0,1.45,2.390517619,102,NA,15.93137255,104.9824561,0.151752713,3,19,0.272941738,0.157894737,2,3,10,6,10,16,0.146741727,0.44313238
0.4,0.3,1.00E-06,1,0.6,16,0,150,200,2,0,1.29,3.962548533,124,NA,41.9047619,238.5,0.175701308,2,23,-0.077278674,0.304347826,1,2,13,7,16,23,0.227896032,0.000875657
0.6,0.3,1.00E-06,1,0.6,16,0,175,200,2,0,1.35,2.41716358,98,NA,16.61764706,101.3947368,0.163890628,2,19,0.062415423,0.315789474,1,2,11,6,13,19,0.155173799,0.464188081
0.6,0.3,1.00E-06,1,0.6,16,0,186,200,2,0,1.45,2.739335688,56,NA,35.09090909,178.6153846,0.196460731,2,13,-0.052575203,0.461538462,1,2,11,6,7,13,0.21621664,0.190954774
0.6,0.3,1.00E-06,1,0.6,16,0,128,200,2,0,1.28,3.924556746,66,NA,40.47435897,165.1222222,0.245117577,2,15,-0.236457986,0.2,1,2,8,3,12,15,0.403543169,0.297063903
0.6,0.3,1.00E-06,1,0.6,16,0,163,200,2,0,1.33,3.634294978,137,NA,16.54545455,97.375,0.169914809,2,24,0.156416978,0.291666667,1,2,15,17,7,24,0.201681418,0.497071994
0.4,0.3,1.00E-06,1,0.6,16,0,96,200,2,0,1.27,4.276593187,104,NA,19.5,108.0714286,0.180436219,2,21,-0.338336457,0.476190476,1,2,13,11,10,21,0.23368465,0.486990673
0.2,0.3,1.00E-06,1,0.6,16,0,66,200,2,0,1.33,6.402189162,120,NA,56.52272727,230.6041667,0.245107138,2,24,-0.551916356,0.416666667,1,2,13,14,10,24,0.316790555,0
0.6,0.3,1.00E-06,1,0.6,16,0,36,200,2,0,1.33,5.429166636,146,NA,18.31746032,89.88405797,0.203789868,2,23,0.879243065,0.391304348,1,2,16,14,9,23,0.271995933,0.496681416
0.6,0.3,1.00E-06,1,0.6,16,0,10,200,2,0,1.29,4.370292559,143,NA,49.04545455,242.9583333,0.20186776,2,24,0.406416978,0.458333333,1,2,16,11,13,24,0.214028664,0
0.4,0.3,1.00E-06,1,0.6,16,0,17,200,2,0,1.3,3.775736561,79,NA,28.23333333,125.0294118,0.225813534,2,17,-0.232046222,0.235294118,1,2,10,4,13,17,0.338029036,0.400772574
0.6,0.3,1.00E-06,1,0.6,16,0,142,200,2,0,1.38,3.029300095,130,NA,39.91666667,227.1538462,0.175725251,2,26,-0.708839432,0.384615385,1,2,16,16,10,26,0.128709374,0.003759398
0.4,0.3,1.00E-06,1,0.6,16,0,174,200,2,0,1.35,3.467857406,93,NA,41.52777778,205.85,0.201738051,2,20,-0.545479314,0.4,1,2,15,8,12,20,0.206255888,0.105346535
0.6,0.3,1.00E-06,1,0.6,16,0,58,200,3,0.14,1.7,2.814987787,92,NA,20.32352941,115.1578947,0.176484031,3,19,-0.253374051,0.210526316,1,2,9,4,8,12,0.261609373,0.436190476
0.6,0.3,1.00E-06,1,0.6,16,0,58,200,3,0.14,1.7,2.814987787,92,NA,20.32352941,115.1578947,0.176484031,3,19,-0.253374051,0.210526316,1,3,3,4,7,11,0.26347502,0.436190476
0.6,0.3,1.00E-06,1,0.6,16,0,58,200,3,0.14,1.7,2.814987787,92,NA,20.32352941,115.1578947,0.176484031,3,19,-0.253374051,0.210526316,2,3,11,8,7,15,0.223780935,0.436190476
0.4,0.3,1.00E-06,1,0.6,16,0,6,200,2,0,1.41,3.707261163,97,NA,37.18421053,215.3809524,0.172643914,2,21,-0.67166979,0.476190476,1,2,18,10,11,21,0.210472936,0.114264376
0.6,0.3,1.00E-06,1,0.6,16,0,161,200,2,0,1.35,3.049551217,116,NA,15.37962963,93.93333333,0.163729201,2,20,0.604520686,0.25,1,2,10,5,15,20,0.208751353,0.501764706
0.4,0.3,1.00E-06,1,0.6,16,0,163,200,3,0,1.58,2.98298363,118,NA,35.77272727,229.5,0.15587245,3,24,-0.635249689,0.25,1,2,9,11,7,18,0.177414032,0
0.4,0.3,1.00E-06,1,0.6,16,0,163,200,3,0,1.58,2.98298363,118,NA,35.77272727,229.5,0.15587245,3,24,-0.635249689,0.25,1,3,10,11,6,17,0.224281731,0
0.4,0.3,1.00E-06,1,0.6,16,0,163,200,3,0,1.58,2.98298363,118,NA,35.77272727,229.5,0.15587245,3,24,-0.635249689,0.25,2,3,4,7,6,13,0.232679555,0
0.4,0.3,1.00E-06,1,0.6,16,0,191,200,2,0,1.27,3.2832207,102,NA,37.175,230.3636364,0.161375296,2,22,-0.745262864,0.363636364,1,2,13,8,14,22,0.163684238,0.049092409
0.4,0.3,1.00E-06,1,0.6,16,0,35,200,2,0,1.29,2.680148976,135,NA,38.84090909,227.25,0.170917092,2,24,0.073083644,0.166666667,1,2,10,4,20,24,0.180106256,0
0.2,0.3,1.00E-06,1,0.6,16,0,70,200,2,0,1.42,4.158527845,125,NA,44.92424242,240.5694444,0.186741265,2,24,-0.343583022,0.416666667,1,2,17,10,14,24,0.204817652,0
0.4,0.3,1.00E-06,1,0.6,16,0,13,200,2,0,1.45,3.184602059,95,NA,38.08333333,207.7037037,0.183354137,2,18,0.287561621,0.333333333,1,2,15,12,6,18,0.234196226,0.153686397
0.4,0.3,1.00E-06,1,0.6,16,0,74,200,2,0.16,1.58,2.591043032,114,NA,33.68181818,239.875,0.140414041,2,24,-0.801916356,0.333333333,1,2,19,16,8,24,0.120202342,0.001042028
0.6,0.3,1.00E-06,1,0.6,16,0,164,200,2,0,1.4,5.599672699,83,NA,45.64705882,221.0526316,0.206498599,2,19,-0.727058262,0.421052632,1,2,14,11,8,19,0.338485331,0.127981651
0.6,0.3,1.00E-06,1,0.6,16,0,177,200,2,0,1.3,3.178910903,92,NA,17.77777778,100.95,0.176104782,2,20,-0.595479314,0.4,1,2,14,12,8,20,0.17445686,0.469572723
0.2,0.3,1.00E-06,1,0.6,16,0,80,200,2,0,1.33,4.40613686,152,NA,48.40277778,227.9358974,0.212352588,2,26,0.137314414,0.5,1,2,15,13,13,26,0.200850912,0.023797468
0.6,0.3,1.00E-06,1,0.6,16,0,187,200,2,0.28,1.65,2.610871996,123,NA,13.36111111,105.325,0.126856028,2,20,0.954520686,0.45,1,2,22,11,9,20,0.141298685,0.502236136
0.6,0.3,1.00E-06,1,0.6,16,0,118,200,2,0,1.29,4.463568083,128,NA,17.04545455,91.41666667,0.186458938,2,24,-0.218583022,0.416666667,1,2,15,10,14,24,0.227712173,0.483221477
0.4,0.3,1.00E-06,1,0.6,16,0,117,200,2,0,1.42,3.108491616,134,NA,37.75,232.4375,0.16240925,2,24,0.031416978,0.333333333,1,2,15,8,16,24,0.153016709,0
0.4,0.3,1.00E-06,1,0.6,16,0,71,200,2,0,1.33,3.549947328,122,NA,48.39393939,224.5972222,0.215469893,2,24,-0.468583022,0.416666667,1,2,15,10,14,24,0.167886044,0
0.6,0.3,1.00E-06,1,0.6,16,0,99,200,2,0,1.38,4.109698005,134,NA,53.97916667,255.1346154,0.211571317,2,26,-0.554993279,0.346153846,1,2,15,9,17,26,0.202580731,0
0.6,0.3,1.00E-06,1,0.6,16,0,40,200,2,0,1.35,3.540509638,70,NA,21.17857143,111.9375,0.189199968,2,16,-0.386457986,0.3125,1,2,12,11,5,16,0.295905723,0.432282004
0.4,0.3,1.00E-06,1,0.6,16,0,73,200,2,0,1.38,2.650357235,142,NA,20.25,106.9375,0.189362946,2,24,0.364750311,0.458333333,1,2,17,11,13,24,0.115702922,0.504424779
0.2,0.3,1.00E-06,1,0.6,16,0,45,200,2,0,1.29,3.690104758,139,NA,52.81944444,227.5897436,0.232081831,2,26,-0.362685586,0.346153846,1,2,14,9,17,26,0.180901043,0.015089163
0.2,0.3,1.00E-06,1,0.6,16,0,84,200,2,0,1.29,5.090022987,125,NA,57.8030303,224.7916667,0.25714045,2,24,-0.343583022,0.208333333,1,2,11,5,19,24,0.322961373,0
0.6,0.3,1.00E-06,1,0.6,16,0,103,200,3,0,1.58,3.650201356,122,NA,46.77272727,233.3333333,0.200454545,3,24,-0.468583022,0.25,1,2,11,10,8,18,0.257876207,0
0.6,0.3,1.00E-06,1,0.6,16,0,103,200,3,0,1.58,3.650201356,122,NA,46.77272727,233.3333333,0.200454545,3,24,-0.468583022,0.25,1,3,8,10,6,16,0.238994331,0
0.6,0.3,1.00E-06,1,0.6,16,0,103,200,3,0,1.58,3.650201356,122,NA,46.77272727,233.3333333,0.200454545,3,24,-0.468583022,0.25,2,3,5,8,6,14,0.264500341,0
0.6,0.3,1.00E-06,1,0.6,16,0,35,200,2,0,1.29,2.690786801,135,NA,37.22727273,228.6666667,0.162801484,2,24,0.073083644,0.166666667,1,2,10,4,20,24,0.183239201,0
0.2,0.3,1.00E-06,1,0.6,16,0,49,200,2,0,1.38,3.063256507,154,NA,46.875,238.5384615,0.196509191,2,26,0.214237491,0.5,1,2,16,13,13,26,0.134298735,0
0.6,0.3,1.00E-06,1,0.6,16,0,80,200,2,0,1.75,2.131101014,111,NA,14.70588235,93.73684211,0.156884764,2,19,0.746625949,0.473684211,1,2,26,10,9,19,0.103846989,0.48852459
0.4,0.3,1.00E-06,1,0.6,16,0,187,200,3,0,1.7,3.198571723,84,NA,44.66666667,175.3529412,0.254724365,3,17,0.062071425,0.235294118,1,2,1,4,7,11,0.424091689,0.228330857
0.4,0.3,1.00E-06,1,0.6,16,0,187,200,3,0,1.7,3.198571723,84,NA,44.66666667,175.3529412,0.254724365,3,17,0.062071425,0.235294118,1,3,10,4,6,10,0.20952401,0.228330857
0.4,0.3,1.00E-06,1,0.6,16,0,187,200,3,0,1.7,3.198571723,84,NA,44.66666667,175.3529412,0.254724365,3,17,0.062071425,0.235294118,2,3,12,7,6,13,0.258792256,0.228330857
0.6,0.3,1.00E-06,1,0.6,16,0,198,200,2,0,1.38,3.264406086,140,NA,39.75,235.6923077,0.168652089,2,26,-0.324224048,0.423076923,1,2,17,11,15,26,0.145607317,0
0.6,0.3,1.00E-06,1,0.6,16,0,93,200,2,0,1.4,2.803387195,99,NA,17.35294118,95.39473684,0.181906694,2,19,0.115047002,0.421052632,1,2,14,11,8,19,0.160645088,0.473764646
0.6,0.3,1.00E-06,1,0.6,16,0,9,200,2,0,1.31,4.02100754,58,NA,38.5,158.9615385,0.242196951,2,13,0.101270951,0.230769231,1,2,8,3,10,13,0.417370779,0.290582404
0.6,0.3,1.00E-06,1,0.6,16,0,184,200,2,0,1.3,3.067700466,96,NA,16.08823529,112.1842105,0.143409088,2,19,-0.042847735,0.210526316,1,2,9,4,15,19,0.271238249,0.441612604
0.4,0.3,1.00E-06,1,0.6,16,0,130,200,2,0,1.4,2.953826071,105,NA,36.6,206.0588235,0.177619184,2,17,1.297365543,0.352941176,1,2,12,11,6,17,0.209348705,0.101187857
0.6,0.3,1.00E-06,1,0.6,16,0,89,200,2,0,1.38,4.518001828,118,NA,48.61363636,246.375,0.197315622,2,24,-0.635249689,0.5,1,2,14,12,12,24,0.225313889,0
0.6,0.3,1.00E-06,1,0.6,16,0,148,200,2,0,1.54,5.226599724,182,NA,20.84090909,94.08333333,0.22151542,2,24,2.031416978,0.5,1,2,22,12,12,24,0.251235822,0.50911577
0.4,0.3,1.00E-06,1,0.6,16,0,53,200,2,0,1.35,3.893616465,100,NA,19.18518519,110.6083333,0.173451535,2,20,-0.195479314,0.45,1,2,12,9,11,20,0.222118098,0.481481481
0.2,0.3,1.00E-06,1,0.6,16,0,55,200,2,0,1.38,3.188088733,134,NA,41.3125,247.1346154,0.167165979,2,26,-0.554993279,0.461538462,1,2,14,14,12,26,0.13914681,0
0.4,0.3,1.00E-06,1,0.6,16,0,121,200,2,0,1.38,3.297409696,140,NA,47.3030303,253.4722222,0.186620174,2,24,0.281416978,0.333333333,1,2,16,8,16,24,0.161658423,0
0.6,0.3,1.00E-06,1,0.6,16,0,26,200,2,0,1.42,6.227658279,126,NA,55.21969697,225.2708333,0.245125817,2,24,-0.301916356,0.333333333,1,2,15,16,8,24,0.313725971,0
0.2,0.3,1.00E-06,1,0.6,16,0,9,200,2,0,1.38,5.845717063,152,NA,47.91304348,218.92,0.21886097,2,25,0.448083644,0.48,1,2,16,12,13,25,0.272384561,0
0.6,0.3,1.00E-06,1,0.6,16,0,76,200,3,0,1.6,3.795631153,90,NA,49.85294118,201.5263158,0.24737683,3,19,-0.358637209,0.263157895,1,2,11,7,7,14,0.256616861,0.144200627
0.6,0.3,1.00E-06,1,0.6,16,0,76,200,3,0,1.6,3.795631153,90,NA,49.85294118,201.5263158,0.24737683,3,19,-0.358637209,0.263157895,1,3,2,7,5,12,0.302106251,0.144200627
0.6,0.3,1.00E-06,1,0.6,16,0,76,200,3,0,1.6,3.795631153,90,NA,49.85294118,201.5263158,0.24737683,3,19,-0.358637209,0.263157895,2,3,8,7,5,12,0.340093782,0.144200627
0.2,0.3,1.00E-06,1,0.6,16,0,42,200,2,0,1.29,2.567017971,155,NA,39.375,238.7692308,0.164908183,2,26,0.252699029,0.307692308,1,2,13,8,18,26,0.11884276,0
0.6,0.3,1.00E-06,1,0.6,16,0,157,200,2,0,1.3,3.73629484,121,NA,21.91666667,100.55,0.217967844,2,20,0.854520686,0.3,1,2,11,14,6,20,0.24668114,0.454638124
0.6,0.3,1.00E-06,1,0.6,16,0,85,200,2,0,1.33,3.868423369,136,NA,54.52777778,240.7435897,0.22649732,2,26,-0.478070202,0.307692308,1,2,14,8,18,26,0.188860651,0
0.2,0.3,1.00E-06,1,0.6,16,0,40,200,2,0,1.38,4.011125437,137,NA,41.34782609,230.92,0.179056929,2,25,-0.151916356,0.48,1,2,14,13,12,25,0.189002543,0
0.6,0.3,1.00E-06,1,0.6,16,0,14,200,2,0,1.4,4.486557196,114,NA,22.01851852,99.58333333,0.221106462,2,20,0.504520686,0.35,1,2,16,13,7,20,0.261981907,0.483414899
0.4,0.3,1.00E-06,1,0.6,16,0,140,200,2,0,1.38,2.918454799,143,NA,34.69565217,243.12,0.142709988,2,25,0.088083644,0.48,1,2,16,13,12,25,0.128635508,0
0.2,0.3,1.00E-06,1,0.6,16,0,81,200,2,0,1.42,3.186975703,155,NA,45.41666667,235.3846154,0.192946623,2,26,0.252699029,0.384615385,1,2,16,10,16,26,0.146130101,0
0.4,0.3,1.00E-06,1,0.6,16,0,169,200,2,0,1.4,2.941835667,86,NA,28.51041667,214.4074074,0.132973096,2,18,-0.212438379,0.444444444,1,2,16,10,8,18,0.185261087,0.107726597
0.4,0.3,1.00E-06,1,0.6,16,0,15,200,2,0,1.38,3.603883795,127,NA,45.76086957,231.38,0.19777366,2,25,-0.551916356,0.44,1,2,15,14,11,25,0.170615382,0
0.6,0.3,1.00E-06,1,0.6,16,0,107,200,2,0,1.41,3.134130547,120,NA,17.07894737,85.73809524,0.199199053,2,21,0.423568305,0.333333333,1,2,14,14,7,21,0.179433851,0.486435921
0.2,0.3,1.00E-06,1,0.6,16,0,72,200,2,0,1.38,3.487762048,115,NA,42.47727273,226.1875,0.187796729,2,24,-0.760249689,0.5,1,2,16,12,12,24,0.171658168,0
0.4,0.3,1.00E-06,1,0.6,16,0,32,200,2,0,1.33,3.092516978,145,NA,47.22916667,236.9038462,0.199360067,2,26,-0.131916356,0.384615385,1,2,14,16,10,26,0.15317715,0
0.6,0.3,1.00E-06,1,0.6,16,0,48,200,2,0,1.29,3.875847133,133,NA,43.08695652,231.64,0.186008274,2,25,-0.311916356,0.4,1,2,15,15,10,25,0.18495099,0
0.4,0.3,1.00E-06,1,0.6,16,0,114,200,2,0,1.33,3.40018184,129,NA,39.875,240.2307692,0.165986231,2,26,-0.747300971,0.423076923,1,2,14,15,11,26,0.155279824,0
0.2,0.3,1.00E-06,1,0.6,16,0,4,200,3,0,1.5,3.951688864,141,NA,38.58333333,237.0384615,0.162772459,3,26,-0.285762509,0.307692308,1,2,9,8,9,17,0.232519057,0
0.2,0.3,1.00E-06,1,0.6,16,0,4,200,3,0,1.5,3.951688864,141,NA,38.58333333,237.0384615,0.162772459,3,26,-0.285762509,0.307692308,1,3,8,8,9,17,0.234595445,0
0.2,0.3,1.00E-06,1,0.6,16,0,4,200,3,0,1.5,3.951688864,141,NA,38.58333333,237.0384615,0.162772459,3,26,-0.285762509,0.307692308,2,3,7,9,9,18,0.275925741,0
0.2,0.3,1.00E-06,1,0.6,16,0,2,200,2,0,1.45,3.796723525,117,NA,43.92156863,206.4912281,0.212704283,2,19,1.062415423,0.473684211,1,2,16,9,10,19,0.221669461,0.161021109
0.6,0.3,1.00E-06,1,0.6,16,0,173,200,4,0,1.71,3.217047391,125,NA,45.81060606,238.6041667,0.191994158,4,24,-0.343583022,0.208333333,1,2,2,7,6,13,0.271519389,0
0.6,0.3,1.00E-06,1,0.6,16,0,173,200,4,0,1.71,3.217047391,125,NA,45.81060606,238.6041667,0.191994158,4,24,-0.343583022,0.208333333,1,3,7,7,5,12,0.245621356,0
0.6,0.3,1.00E-06,1,0.6,16,0,173,200,4,0,1.71,3.217047391,125,NA,45.81060606,238.6041667,0.191994158,4,24,-0.343583022,0.208333333,1,4,6,7,6,13,0.277812578,0
0.6,0.3,1.00E-06,1,0.6,16,0,173,200,4,0,1.71,3.217047391,125,NA,45.81060606,238.6041667,0.191994158,4,24,-0.343583022,0.208333333,2,3,7,6,5,11,0.271884024,0
0.6,0.3,1.00E-06,1,0.6,16,0,173,200,4,0,1.71,3.217047391,125,NA,45.81060606,238.6041667,0.191994158,4,24,-0.343583022,0.208333333,2,4,6,6,6,12,0.239834848,0
0.4,0.3,1.00E-06,1,0.6,16,0,59,200,2,0,1.33,3.131178146,143,NA,39.18181818,241.75,0.162075773,2,24,0.406416978,0.5,1,2,15,12,12,24,0.147635292,0
0.6,0.3,1.00E-06,1,0.6,16,0,149,200,2,0,1.38,4.260554885,128,NA,19,102.1666667,0.185970636,2,24,-0.218583022,0.5,1,2,16,12,12,24,0.209341508,0.488857278
0.2,0.3,1.00E-06,1,0.6,16,0,3,200,2,0,1.33,3.155063162,130,NA,42.375,235.7692308,0.179730832,2,26,-0.708839432,0.423076923,1,2,14,11,15,26,0.144409825,0
0.6,0.3,1.00E-06,1,0.6,16,0,79,200,2,0,1.3,2.576260295,107,NA,13.97058824,100.7894737,0.13861158,2,19,0.536099633,0.263157895,1,2,11,5,14,19,0.174093194,0.473786408
0.2,0.3,1.00E-06,1,0.6,16,0,90,200,2,0,1.38,3.817334588,125,NA,39.11363636,221.1875,0.17683475,2,24,-0.343583022,0.5,1,2,14,12,12,24,0.185246433,0
0.4,0.3,1.00E-06,1,0.6,16,0,97,200,2,0,1.25,4.365638965,107,NA,36.66666667,136.1851852,0.269241229,2,18,0.954228288,0.166666667,1,2,8,3,15,18,0.428239626,0.38255814
0.4,0.3,1.00E-06,1,0.6,16,0,14,200,2,0,1.35,2.935528904,105,NA,23.76470588,130.1052632,0.182657529,2,19,0.430836475,0.210526316,1,2,11,15,4,19,0.256001644,0.418593676
0.2,0.3,1.00E-06,1,0.6,16,0,20,200,2,0,1.29,3.918074987,135,NA,47.10416667,246.8076923,0.190853722,2,26,-0.51653174,0.307692308,1,2,16,8,18,26,0.194862967,0
0.2,0.3,1.00E-06,1,0.6,16,0,59,200,2,0,1.33,3.153799027,143,NA,39.18181818,241.75,0.162075773,2,24,0.406416978,0.5,1,2,15,12,12,24,0.148752166,0
0.2,0.3,1.00E-06,1,0.6,16,0,24,200,2,0,1.42,3.39124555,142,NA,44.56818182,240.1458333,0.185587987,2,24,0.364750311,0.208333333,1,2,14,5,19,24,0.197855309,0
0.6,0.3,1.00E-06,1,0.6,16,0,72,200,2,0,1.38,3.410188693,115,NA,41.99242424,226.1458333,0.185687367,2,24,-0.760249689,0.5,1,2,16,12,12,24,0.167237898,0
0.6,0.3,1.00E-06,1,0.6,16,0,59,200,2,0,1.33,3.313284059,143,NA,42.33333333,238.7569444,0.177307234,2,24,0.406416978,0.5,1,2,15,12,12,24,0.159234655,0
0.6,0.3,1.00E-06,1,0.6,16,0,100,200,2,0,1.29,3.248546999,137,NA,23.61363636,110.8333333,0.213055366,2,24,0.156416978,0.125,1,2,9,3,21,24,0.31750668,0.425449871
0.6,0.3,1.00E-06,1,0.6,16,0,112,200,2,0,1.3,2.249656743,52,NA,18.51515152,97.56410256,0.189774221,2,13,-0.36026751,0.307692308,1,2,9,4,9,13,0.170253717,0.491403217
0.6,0.3,1.00E-06,1,0.6,16,0,160,200,2,0,1.38,3.61437177,137,NA,42.58333333,231.3076923,0.184098215,2,26,-0.439608663,0.384615385,1,2,18,10,16,26,0.17376419,0
0.6,0.3,1.00E-06,1,0.6,16,0,55,200,2,0,1.29,3.400722406,135,NA,39.44444444,248.7820513,0.158550202,2,26,-0.51653174,0.384615385,1,2,14,10,16,26,0.167306479,0
0.4,0.3,1.00E-06,1,0.6,16,0,138,200,2,0,1.35,2.707328893,102,NA,38.38235294,222.3157895,0.172647894,2,19,0.272941738,0.315789474,1,2,14,13,6,19,0.182671389,0.050078247
0.6,0.3,1.00E-06,1,0.6,16,0,63,200,2,0,1.32,3.436622144,115,NA,18.15833333,94.49242424,0.192167081,2,22,-0.154353773,0.318181818,1,2,12,7,15,22,0.180411891,0.464944649
0.6,0.3,1.00E-06,1,0.6,16,0,178,200,3,0,1.55,2.071495796,112,NA,14.69607843,97.14035088,0.151287063,3,19,0.799257528,0.210526316,1,2,5,7,4,11,0.159697974,0.487041565
0.6,0.3,1.00E-06,1,0.6,16,0,178,200,3,0,1.55,2.071495796,112,NA,14.69607843,97.14035088,0.151287063,3,19,0.799257528,0.210526316,1,3,10,7,8,15,0.133109255,0.487041565
0.6,0.3,1.00E-06,1,0.6,16,0,178,200,3,0,1.55,2.071495796,112,NA,14.69607843,97.14035088,0.151287063,3,19,0.799257528,0.210526316,2,3,5,4,8,12,0.151119876,0.487041565
0.6,0.3,1.00E-06,1,0.6,16,0,126,200,2,0,1.3,3.826400534,94,NA,22.25,95.425,0.233167409,2,20,-0.495479314,0.35,1,2,12,13,7,20,0.238298732,0.502615063
0.6,0.3,1.00E-06,1,0.6,16,0,174,200,2,0,1.33,3.490166929,113,NA,20.04761905,111.4782609,0.179834336,2,23,-0.555539544,0.217391304,1,2,13,5,18,23,0.276841338,0.421369103
0.4,0.3,1.00E-06,1,0.6,16,0,184,200,3,0,1.55,3.116613578,90,NA,51.23333333,224.4705882,0.228240741,3,17,0.415012602,0.176470588,1,2,6,3,9,12,0.353812949,0.107791447
0.4,0.3,1.00E-06,1,0.6,16,0,184,200,3,0,1.55,3.116613578,90,NA,51.23333333,224.4705882,0.228240741,3,17,0.415012602,0.176470588,1,3,2,3,5,8,0.245825179,0.107791447
0.4,0.3,1.00E-06,1,0.6,16,0,184,200,3,0,1.55,3.116613578,90,NA,51.23333333,224.4705882,0.228240741,3,17,0.415012602,0.176470588,2,3,9,9,5,14,0.294163101,0.107791447
0.6,0.3,1.00E-06,1,0.6,16,0,124,200,2,0,1.42,6.859060698,155,NA,47.83333333,234.1346154,0.204298426,2,26,0.252699029,0.384615385,1,2,13,10,16,26,0.313501964,0
0.4,0.3,1.00E-06,1,0.6,16,0,62,200,2,0,1.45,2.959270744,88,NA,25.34375,138.5277778,0.182950672,2,18,-0.101327268,0.277777778,1,2,12,13,5,18,0.226975052,0.392932489
0.2,0.3,1.00E-06,1,0.6,16,0,38,200,2,0,1.38,5.843410684,157,NA,52.91666667,232.0769231,0.228013479,2,26,0.329622106,0.346153846,1,2,16,9,17,26,0.284665768,0
0.2,0.3,1.00E-06,1,0.6,16,0,6,200,2,0,1.33,3.808877839,135,NA,46.2826087,238.74,0.193861978,2,25,-0.231916356,0.28,1,2,12,7,18,25,0.203496868,0
0.6,0.3,1.00E-06,1,0.6,16,0,64,200,3,0.14,1.6,3.066188509,93,NA,18.26923077,99.9,0.182875183,3,15,1.563542014,0.066666667,1,2,11,10,4,14,0.220192059,0.448065173
0.6,0.3,1.00E-06,1,0.6,16,0,64,200,3,0.14,1.6,3.066188509,93,NA,18.26923077,99.9,0.182875183,3,15,1.563542014,0.066666667,1,3,2,10,1,11,0.506233033,0.448065173
0.6,0.3,1.00E-06,1,0.6,16,0,64,200,3,0.14,1.6,3.066188509,93,NA,18.26923077,99.9,0.182875183,3,15,1.563542014,0.066666667,2,3,1,4,1,5,0.49625054,0.448065173
0.4,0.3,1.00E-06,1,0.6,16,0,9,200,2,0,1.38,5.404118905,141,NA,47.65909091,221.3125,0.215347488,2,24,0.323083644,0.458333333,1,2,15,11,13,24,0.26473461,0
0.6,0.3,1.00E-06,1,0.6,16,0,182,200,2,0,1.45,3.108273116,99,NA,15.78431373,90.0877193,0.175210493,2,19,0.115047002,0.368421053,1,2,15,7,12,19,0.170415432,0.493975904
0.6,0.3,1.00E-06,1,0.6,16,0,77,200,2,0,1.33,5.381804958,139,NA,57.72916667,246.9615385,0.233757722,2,26,-0.362685586,0.384615385,1,2,15,16,10,26,0.25292131,0
0.4,0.3,1.00E-06,1,0.6,16,0,88,200,2,0,1.32,6.486437092,113,NA,52.80833333,209.6590909,0.251877145,2,22,-0.245262864,0.318181818,1,2,14,7,15,22,0.343533992,0.035564054
0.4,0.3,1.00E-06,1,0.6,16,0,188,200,3,0,1.6,3.501211489,76,NA,28.66666667,145.7058824,0.196743372,3,17,-0.40851681,0.235294118,1,2,4,4,6,10,0.337191342,0.354816825
0.4,0.3,1.00E-06,1,0.6,16,0,188,200,3,0,1.6,3.501211489,76,NA,28.66666667,145.7058824,0.196743372,3,17,-0.40851681,0.235294118,1,3,7,4,7,11,0.281438906,0.354816825
0.4,0.3,1.00E-06,1,0.6,16,0,188,200,3,0,1.6,3.501211489,76,NA,28.66666667,145.7058824,0.196743372,3,17,-0.40851681,0.235294118,2,3,9,6,7,13,0.335503732,0.354816825
0.2,0.3,1.00E-06,1,0.6,16,0,99,200,3,0,1.54,3.932592466,134,NA,53.6875,255.25,0.210333007,3,26,-0.554993279,0.192307692,1,2,7,12,5,17,0.2440267,0
0.2,0.3,1.00E-06,1,0.6,16,0,99,200,3,0,1.54,3.932592466,134,NA,53.6875,255.25,0.210333007,3,26,-0.554993279,0.192307692,1,3,7,12,9,21,0.197067399,0
0.2,0.3,1.00E-06,1,0.6,16,0,99,200,3,0,1.54,3.932592466,134,NA,53.6875,255.25,0.210333007,3,26,-0.554993279,0.192307692,2,3,8,5,9,14,0.37664749,0
0.6,0.3,1.00E-06,1,0.6,16,0,166,200,2,0,1.33,5.008548898,137,NA,46.70833333,250.6538462,0.186345967,2,26,-0.439608663,0.423076923,1,2,14,15,11,26,0.233521225,0
0.4,0.3,1.00E-06,1,0.6,16,0,164,200,2,0,1.38,4.073080034,134,NA,45.6875,247.3653846,0.184696416,2,26,-0.554993279,0.5,1,2,15,13,13,26,0.18839249,0
0.4,0.3,1.00E-06,1,0.6,16,0,155,200,2,0,1.23,3.665161124,98,NA,51.55263158,217.6428571,0.236868015,2,21,-0.624050743,0.476190476,1,2,11,10,11,21,0.197476968,0.067562228
0.2,0.3,1.00E-06,1,0.6,16,0,27,200,3,0,1.5,3.123231437,142,NA,48.41666667,237.4230769,0.203925698,3,26,-0.247300971,0.115384615,1,2,9,18,3,21,0.280663023,0
0.2,0.3,1.00E-06,1,0.6,16,0,27,200,3,0,1.5,3.123231437,142,NA,48.41666667,237.4230769,0.203925698,3,26,-0.247300971,0.115384615,1,3,11,18,5,23,0.181509078,0
0.4,0.3,1.00E-06,1,0.6,16,0,57,200,2,0,1.4,4.541533176,103,NA,45.55882353,180.8421053,0.251925974,2,19,0.325573317,0.315789474,1,2,12,13,6,19,0.317568806,0.268717353
0.6,0.3,1.00E-06,1,0.6,16,0,5,200,2,0,1.38,4.72579876,136,NA,48,246.3653846,0.194832566,2,26,-0.478070202,0.5,1,2,14,13,13,26,0.220888708,0
0.4,0.3,1.00E-06,1,0.6,16,0,100,200,2,0,1.33,3.719138218,147,NA,39.20833333,231.8461538,0.169113581,2,26,-0.054993279,0.423076923,1,2,15,11,15,26,0.174612085,0.057899902
0.6,0.3,1.00E-06,1,0.6,16,0,90,200,2,0,1.42,4.137413455,127,NA,37.40909091,228.4166667,0.163775662,2,24,-0.260249689,0.291666667,1,2,14,7,17,24,0.225006345,0
0.4,0.3,1.00E-06,1,0.6,16,0,38,200,2,0,1.38,6.046328642,157,NA,52.95833333,232.3076923,0.227966336,2,26,0.329622106,0.346153846,1,2,16,9,17,26,0.29233488,0
0.4,0.3,1.00E-06,1,0.6,16,0,81,200,2,0,1.4,2.808797652,95,NA,28.78571429,170.875,0.168460654,2,16,1.176042014,0.1875,1,2,7,13,3,16,0.314091877,0.32806574
0.2,0.3,1.00E-06,1,0.6,16,0,78,200,2,0,1.33,3.677552122,129,NA,48.06818182,235.4791667,0.204129234,2,24,-0.176916356,0.5,1,2,15,12,12,24,0.180241785,0
0.6,0.3,1.00E-06,1,0.6,16,0,65,200,2,0.19,1.65,3.298161739,100,NA,18.94444444,96.325,0.196672146,2,20,-0.195479314,0.4,1,2,21,8,12,20,0.189066423,0.489043097
0.4,0.3,1.00E-06,1,0.6,16,0,56,200,3,0.14,1.85,2.437120859,73,NA,22.73809524,129.4791667,0.175611999,3,16,-0.198957986,0.1875,1,2,1,3,4,7,0.29601052,0.394824708
0.4,0.3,1.00E-06,1,0.6,16,0,56,200,3,0.14,1.85,2.437120859,73,NA,22.73809524,129.4791667,0.175611999,3,16,-0.198957986,0.1875,1,3,7,3,9,12,0.251802127,0.394824708
0.4,0.3,1.00E-06,1,0.6,16,0,56,200,3,0.14,1.85,2.437120859,73,NA,22.73809524,129.4791667,0.175611999,3,16,-0.198957986,0.1875,2,3,11,4,9,13,0.202286258,0.394824708
0.2,0.3,1.00E-06,1,0.6,16,0,53,200,2,0,1.33,4.59927571,135,NA,52.92028986,225.6333333,0.234541098,2,25,-0.231916356,0.48,1,2,15,12,13,25,0.217436775,0
0.4,0.3,1.00E-06,1,0.6,16,0,165,200,2,0,1.33,3.172836374,142,NA,46.35416667,248.0384615,0.186882979,2,26,-0.247300971,0.269230769,1,2,14,7,19,26,0.159545397,0.001191895
0.6,0.3,1.00E-06,1,0.6,16,0,108,200,2,0,1.5,3.944573679,95,NA,20.26470588,93.47368421,0.21679584,2,19,-0.095479314,0.368421053,1,2,15,7,12,19,0.24545195,0.494300046
0.2,0.3,1.00E-06,1,0.6,16,0,37,200,2,0,1.38,3.878943413,140,NA,39.89583333,255.1538462,0.156359914,2,26,-0.324224048,0.461538462,1,2,18,12,14,26,0.181888419,0
0.6,0.3,1.00E-06,1,0.6,16,0,92,200,2,0,1.4,7.150693752,85,NA,43.66666667,163.0588235,0.267797018,2,17,0.120894955,0.294117647,1,2,9,12,5,17,0.49329998,0.328721638
0.6,0.3,1.00E-06,1,0.6,16,0,154,200,3,0.28,1.6,2.22142786,68,NA,23.14285714,120.375,0.192256342,3,16,-0.511457986,0.125,1,3,5,2,11,13,0.272629228,0.421672556
0.6,0.3,1.00E-06,1,0.6,16,0,154,200,3,0.28,1.6,2.22142786,68,NA,23.14285714,120.375,0.192256342,3,16,-0.511457986,0.125,2,3,9,3,11,14,0.221447275,0.421672556
0.6,0.3,1.00E-06,1,0.6,16,0,54,200,2,0,1.45,2.718090777,101,NA,14.22222222,88.15,0.161341148,2,20,-0.145479314,0.35,1,2,15,7,13,20,0.158093563,0.479123173
0.2,0.3,1.00E-06,1,0.6,16,0,50,200,2,0,1.33,3.687812733,127,NA,47.0625,241.4615385,0.194906817,2,26,-0.824224048,0.461538462,1,2,13,14,12,26,0.169266534,0.033138402
0.2,0.3,1.00E-06,1,0.6,16,0,86,200,2,0,1.38,3.142983205,128,NA,46.1875,235.8269231,0.19585338,2,26,-0.785762509,0.346153846,1,2,16,9,17,26,0.14676876,0
0.6,0.3,1.00E-06,1,0.6,16,0,153,200,2,0,1.33,7.221462042,120,NA,54.36363636,237.125,0.229261513,2,24,-0.551916356,0.375,1,2,14,9,15,24,0.356126246,0
0.4,0.3,1.00E-06,1,0.6,16,0,200,200,2,0,1.42,3.957935158,145,NA,39.55555556,231.7179487,0.170705618,2,26,-0.131916356,0.423076923,1,2,15,11,15,26,0.185637453,0
0.4,0.3,1.00E-06,1,0.6,16,0,135,200,2,0,1.29,3.987194113,123,NA,24.93181818,126.1458333,0.19764282,2,24,-0.426916356,0.25,1,2,12,6,18,24,0.245914124,0.485541649
0.6,0.3,1.00E-06,1,0.6,16,0,188,200,2,0,1.3,3.496974382,90,NA,24.03921569,103.0175439,0.233350697,2,19,-0.358637209,0.315789474,1,2,9,6,13,19,0.246483669,0.464367816
0.4,0.3,1.00E-06,1,0.6,16,0,50,200,2,0,1.2,2.839651783,102,NA,25.16666667,137.2962963,0.183301861,2,18,0.67645051,0.111111111,1,2,5,2,16,18,0.378210216,0.373860182
0.2,0.3,1.00E-06,1,0.6,16,0,46,200,2,0,1.35,3.178216545,92,NA,38.27777778,241.8,0.158303465,2,20,-0.595479314,0.4,1,2,12,12,8,20,0.181434691,0.001984127
0.4,0.3,1.00E-06,1,0.6,16,0,146,200,2,0,1.42,3.042727652,133,NA,44.13636364,247.9166667,0.17802903,2,24,-0.010249689,0.375,1,2,14,9,15,24,0.150390108,0.00078125
0.6,0.3,1.00E-06,1,0.6,16,0,96,200,2,0,1.25,5.077534479,128,NA,15.95454545,90.25,0.176781667,2,24,-0.218583022,0.5,1,2,16,12,12,24,0.249353954,0.486208509
0.4,0.3,1.00E-06,1,0.6,16,0,78,200,3,0,1.5,3.396005118,129,NA,48.5,235,0.206382979,3,24,-0.176916356,0.25,1,2,9,6,12,18,0.213746544,0
0.4,0.3,1.00E-06,1,0.6,16,0,78,200,3,0,1.5,3.396005118,129,NA,48.5,235,0.206382979,3,24,-0.176916356,0.25,1,3,6,6,6,12,0.27995906,0
0.4,0.3,1.00E-06,1,0.6,16,0,78,200,3,0,1.5,3.396005118,129,NA,48.5,235,0.206382979,3,24,-0.176916356,0.25,2,3,6,12,6,18,0.229187781,0
0.2,0.3,1.00E-06,1,0.6,16,0,91,200,2,0,1.38,3.497273246,128,NA,42.97727273,236.9583333,0.18137059,2,24,-0.218583022,0.291666667,1,2,14,17,7,24,0.181944485,0
0.4,0.3,1.00E-06,1,0.6,16,0,4,200,2,0,1.29,3.605664719,124,NA,40.31818182,231.5416667,0.174129272,2,24,-0.385249689,0.458333333,1,2,16,13,11,24,0.174299309,0
0.6,0.3,1.00E-06,1,0.6,16,0,185,200,2,0,1.42,3.203554528,115,NA,38.29545455,234.0208333,0.163641219,2,24,-0.760249689,0.375,1,2,14,9,15,24,0.164428933,0