sample,mutation_count,category,x,y,min_distance,location,max_distance,patient,Sample_paper,sample_name,tumor_type
DT03_01,595,4,91.74235551,-139.5001067,21.41314114,edge,184.8774222,DT03,SH01T04,DT03_04,HCC
DT03_02,551,1,102.0348147,-94.86703051,16.50147697,edge,184.8774222,DT03,SH01T01,DT03_01,HCC
DT03_03,562,2,151.9695581,-89.45902923,26.01171007,edge,184.8774222,DT03,SH01T02,DT03_02,HCC
DT03_04,574,3,199.6694892,-77.16720581,22.66586791,edge,184.8774222,DT03,SH01T03,DT03_03,HCC
DT03_06,546,5,110.4792149,-183.3960998,20.72486377,edge,184.8774222,DT03,SH01T05,DT03_05,HCC
DT04_01,185,1,105.02,-88.42925021,12.48603863,edge,148.713842,DT04,SH02T01,DT04_01,HCC
DT04_02,178,2,148.3314679,-86.700082750000007,15.65014041,edge,148.713842,DT04,SH02T02,DT04_02,HCC
DT04_03,166,3,101.7323547,-128.3050691,16.8892421,edge,148.713842,DT04,SH02T03,DT04_03,HCC
DT04_04,178,4,155.329141,-128.2039054,36.74727005,edge,148.713842,DT04,SH02T04,DT04_04,HCC
DT04_05,195,5,196.2364822,-125.0511362,10.70361551,edge,148.713842,DT04,SH02T05,DT04_05,HCC
DT04_06,208,6,94.5033519,-173.5755123,19.65671984,edge,148.713842,DT04,SH02T06,DT04_06,HCC
DT04_07,202,7,140.3029641,-169.6234075,20.85194937,edge,148.713842,DT04,SH02T07,DT04_07,HCC
DT06_01,235,1,73.95355566,-127.0302776,13.37568938,edge,191.3487774,DT06,SH03T01,DT06_01,HCC
DT06_02,210,2,85.81155144,-109.4172018,17.61045906,edge,191.3487774,DT06,SH03T02,DT06_02,HCC
DT06_03,217,3,94.45839328,-91.78847662,11.8281888,edge,191.3487774,DT06,SH03T03,DT06_03,HCC
DT06_04,215,4,76.39171742,-149.2163713,16.39008107,edge,191.3487774,DT06,SH03T04,DT06_04,HCC
DT06_05,198,5,93.66094187,-138.8683101,34.23617495,edge,191.3487774,DT06,SH03T05,DT06_05,HCC
DT06_06,231,6,109.5459558,-122.9948754,44.77322826,edge,191.3487774,DT06,SH03T06,DT06_06,HCC
DT06_07,202,7,125.4252358,-105.7737947,38.31423717,edge,191.3487774,DT06,SH03T07,DT06_07,HCC
DT06_09,212,8,159.4359551,-70.66002788,13.30288131,edge,191.3487774,DT06,SH03T08,DT06_08,HCC
DT06_10,186,9,88.50839318,-171.5847091,19.37283997,edge,191.3487774,DT06,SH03T09,DT06_09,HCC
DT06_11,189,10,105.2982825,-156.6701384,41.67767011,edge,191.3487774,DT06,SH03T10,DT06_10,HCC
DT06_12,207,11,122.3393907,-142.1577014,62.77271015,center,191.3487774,DT06,SH03T11,DT06_11,HCC
DT06_13,212,12,141.9993904,-125.6852081,62.05861129,center,191.3487774,DT06,SH03T12,DT06_12,HCC
DT06_14,208,13,155.9427148,-108.7155956,50.15281529,center,191.3487774,DT06,SH03T13,DT06_13,HCC
DT06_15,211,14,175.8362328,-91.00340711,34.64738742,edge,191.3487774,DT06,SH03T14,DT06_14,HCC
DT06_16,188,15,192.1050409,-73.42274226,16.08112322,edge,191.3487774,DT06,SH03T15,DT06_15,HCC
DT06_17,191,16,118.2347645,-185.8879776,22.26137132,edge,191.3487774,DT06,SH03T16,DT06_16,HCC
DT06_18,189,17,135.3959564,-167.5399725,41.15573265,edge,191.3487774,DT06,SH03T17,DT06_17,HCC
DT06_19,186,18,151.5265095,-152.2123543,53.83440134,center,191.3487774,DT06,SH03T18,DT06_18,HCC
DT06_20,217,19,167.9692245,-133.025429,58.43982942,center,191.3487774,DT06,SH03T19,DT06_19,HCC
DT06_21,195,20,187.1315513,-118.9144318,47.98173468,center,191.3487774,DT06,SH03T20,DT06_20,HCC
DT06_22,193,21,198.4206095,-105.3842659,37.96166045,edge,191.3487774,DT06,SH03T21,DT06_21,HCC
DT06_23,192,22,212.1722164,-81.17002755,17.3435286,edge,191.3487774,DT06,SH03T22,DT06_22,HCC
DT06_24,186,23,150.9637666,-189.6206924,17.65913258,edge,191.3487774,DT06,SH03T23,DT06_23,HCC
DT06_25,191,24,168.5983932,-171.8665373,29.01316517,edge,191.3487774,DT06,SH03T24,DT06_24,HCC
DT06_26,191,25,185.544044,-152.3860389,32.45230124,edge,191.3487774,DT06,SH03T25,DT06_25,HCC
DT06_27,195,26,204.9342101,-132.3667586,27.06794516,edge,191.3487774,DT06,SH03T26,DT06_26,HCC
DT06_28,199,27,216.7861227,-116.1998615,19.21916662,edge,191.3487774,DT06,SH03T27,DT06_27,HCC
DT06_29,196,28,192.8483932,-176.054709,11.51188666,edge,191.3487774,DT06,SH03T28,DT06_28,HCC
DT06_30,186,29,204.406676,-155.963518,15.44915026,edge,191.3487774,DT06,SH03T29,DT06_29,HCC
DT07_02,421,1,107.2281389,-79.14133343,13.33610295,edge,178.3093677,DT07,SH04T01,DT07_01,HCC
DT07_03,408,2,141.9796677,-67.58928032,19.57383993,edge,178.3093677,DT07,SH04T02,DT07_02,HCC
DT07_04,375,3,173.8593351,-63.90900263,15.70800672,edge,178.3093677,DT07,SH04T03,DT07_03,HCC
DT07_05,356,4,99.06642667,-109.3287808,25.28472946,edge,178.3093677,DT07,SH04T04,DT07_04,HCC
DT07_06,369,5,128.6322434,-98.39124685,40.80185007,edge,178.3093677,DT07,SH04T05,DT07_05,HCC
DT07_07,405,6,160.0083939,-92.03916923,45.67961217,center,178.3093677,DT07,SH04T06,DT07_06,HCC
DT07_08,413,7,191.4521332,-91.16163441,23.00271049,edge,178.3093677,DT07,SH04T07,DT07_07,HCC
DT07_09,360,8,85.82977832,-145.2055678,14.83081362,edge,178.3093677,DT07,SH04T08,DT07_08,HCC
DT07_10,404,9,115.1686704,-136.5473404,44.96083354,center,178.3093677,DT07,SH04T09,DT07_09,HCC
DT07_11,392,10,144.4381438,-131.6380607,73.88688911,center,178.3093677,DT07,SH04T10,DT07_10,HCC
DT07_12,383,11,174.1142942,-122.3920224,47.53978913,center,178.3093677,DT07,SH04T11,DT07_11,HCC
DT07_13,399,12,204.9099997,-120.1823543,17.1786969,edge,178.3093677,DT07,SH04T12,DT07_12,HCC
DT07_14,362,13,99.05207749,-177.5205816,13.46574298,edge,178.3093677,DT07,SH04T13,DT07_13,HCC
DT07_15,462,14,131.2216066,-170.912022,41.31860319,edge,178.3093677,DT07,SH04T14,DT07_14,HCC
DT07_16,386,15,161.0163713,-162.3093353,47.44118002,center,178.3093677,DT07,SH04T15,DT07_15,HCC
DT07_17,407,16,194.4355956,-153.891801,23.96045595,edge,178.3093677,DT07,SH04T16,DT07_16,HCC
DT07_18,373,17,142.235097,-196.3565652,16.74560622,edge,178.3093677,DT07,SH04T17,DT07_17,HCC
DT07_19,392,18,178.9131856,-187.3249586,17.37393057,edge,178.3093677,DT07,SH04T18,DT07_18,HCC
DT09_01,383,1,117.1907775,-70.21722234,12.08487027,edge,161.5445181,DT09,SH05T01,DT09_01,HCC
DT09_02,397,2,141.971939,-69.49329695,11.60724586,edge,161.5445181,DT09,SH05T02,DT09_02,HCC
DT09_03,392,3,107.8604987,-82.31540141,18.21834201,edge,161.5445181,DT09,SH05T03,DT09_03,HCC
DT09_04,377,4,132.0730472,-85.92756201,30.05384671,edge,161.5445181,DT09,SH05T04,DT09_04,HCC
DT09_05,404,5,156.4103321,-88.76013818,15.11219626,edge,161.5445181,DT09,SH05T05,DT09_05,HCC
DT09_06,374,6,83.1695016,-98.02623261,12.69139237,edge,161.5445181,DT09,SH05T06,DT09_06,HCC
DT09_07,345,7,104.9826038,-101.9701385,32.53359318,edge,161.5445181,DT09,SH05T07,DT09_07,HCC
DT09_08,351,8,129.7151244,-105.1080059,46.27675419,center,161.5445181,DT09,SH05T08,DT09_08,HCC
DT09_09,384,9,153.7810526,-108.9992243,29.01093912,edge,161.5445181,DT09,SH05T09,DT09_09,HCC
DT09_10,404,10,177.153767,-110.8485601,17.05094089,edge,161.5445181,DT09,SH05T10,DT09_10,HCC
DT09_11,389,11,192.9704987,-120.9284488,10.47291251,edge,161.5445181,DT09,SH05T11,DT09_11,HCC
DT09_12,375,12,82.20121877,-122.3786709,14.26288287,edge,161.5445181,DT09,SH05T12,DT09_12,HCC
DT09_13,379,13,101.8378394,-125.2261768,33.89950077,edge,161.5445181,DT09,SH05T13,DT09_13,HCC
DT09_14,352,14,124.8486702,-131.4299168,53.38271801,center,161.5445181,DT09,SH05T14,DT09_14,HCC
DT09_15,334,15,148.6128256,-134.7524648,39.07579289,edge,161.5445181,DT09,SH05T15,DT09_15,HCC
DT09_16,389,16,172.3057895,-137.5285591,34.63340114,edge,161.5445181,DT09,SH05T16,DT09_16,HCC
DT09_17,387,17,194.2962875,-140.8322436,22.17930838,edge,161.5445181,DT09,SH05T17,DT09_17,HCC
DT09_18,408,18,208.5385598,-153.7970087,11.50702816,edge,161.5445181,DT09,SH05T18,DT09_18,HCC
DT09_19,317,19,86.99249304,-147.8119112,19.0541526,edge,161.5445181,DT09,SH05T19,DT09_19,HCC
DT09_20,334,20,106.8433795,-151.8913012,38.64190457,edge,161.5445181,DT09,SH05T20,DT09_20,HCC
DT09_21,281,21,127.3195016,-155.46235480000001,34.31671867,edge,161.5445181,DT09,SH05T21,DT09_21,HCC
DT09_22,322,22,147.8557888,-156.7049034,19.48548284,edge,161.5445181,DT09,SH05T22,DT09_22,HCC
DT09_23,392,23,173.7821052,-161.6957893,10.93616036,edge,161.5445181,DT09,SH05T23,DT09_23,HCC
DT09_24,334,24,88.15667596,-167.6549032,18.61927824,edge,161.5445181,DT09,SH05T24,DT09_24,HCC
DT09_25,342,25,109.0959004,-170.0622991,34.00560536,edge,161.5445181,DT09,SH05T25,DT09_25,HCC
DT09_26,347,26,126.1027697,-175.083241,20.2811554,edge,161.5445181,DT09,SH05T26,DT09_26,HCC
DT09_27,307,27,142.3904986,-176.3790583,9.286267088,edge,161.5445181,DT09,SH05T27,DT09_27,HCC
DT09_28,339,28,95.41121872,-185.1592244,16.01771668,edge,161.5445181,DT09,SH05T28,DT09_28,HCC
DT09_29,352,29,119.6204431,-190.7978392,10.89329651,edge,161.5445181,DT09,SH05T29,DT09_29,HCC
DT09_32,391,30,193.9157893,-162.3249034,13.77650233,edge,161.5445181,DT09,SH05T30,DT09_30,HCC
DT10_01,131,1,85.94305568,-100.0360558,19.58391891,edge,184.3514591,DT10,SH06T01,DT10_01,HCC
DT10_02,122,2,115.8597231,-97.69750685,19.40619588,edge,184.3514591,DT10,SH06T02,DT10_02,HCC
DT10_03,134,3,147.4162875,-95.27299174,18.59214182,edge,184.3514591,DT10,SH06T03,DT10_03,HCC
DT10_04,99,4,178.6419944,-96.15077526,17.63075692,edge,184.3514591,DT10,SH06T04,DT10_04,HCC
DT10_05,96,5,209.9824928,-101.0131571,18.32483959,edge,184.3514591,DT10,SH06T05,DT10_05,HCC
DT10_06,123,6,76.13894729,-133.7711636,17.22643701,edge,184.3514591,DT10,SH06T06,DT10_06,HCC
DT10_07,125,7,108.1703879,-125.7651519,46.8407751,center,184.3514591,DT10,SH06T07,DT10_07,HCC
DT10_08,124,8,139.2593349,-128.3258446,45.35915746,edge,184.3514591,DT10,SH06T08,DT10_08,HCC
DT10_09,110,9,171.6860661,-133.2175068,46.62347475,center,184.3514591,DT10,SH06T09,DT10_09,HCC
DT10_10,96,10,200.0919944,-138.5906641,31.6027869,edge,184.3514591,DT10,SH06T10,DT10_10,HCC
DT10_11,102,11,100.0129918,-153.4590581,17.97144161,edge,184.3514591,DT10,SH06T11,DT10_11,HCC
DT10_12,113,12,128.9297782,-156.7606645,16.34717359,edge,184.3514591,DT10,SH06T12,DT10_12,HCC
DT10_13,117,13,162.2917722,-157.6524927,21.43525176,edge,184.3514591,DT10,SH06T13,DT10_13,HCC
DT10_14,102,14,188.4318278,-164.8312193,16.47332832,edge,184.3514591,DT10,SH06T14,DT10_14,HCC
DT10_15,107,15,214.6007208,-164.9895014,15.98556296,edge,184.3514591,DT10,SH06T15,DT10_15,HCC
DT12_01,329,1,138.7030835,-76.16883291,12.90382991,edge,174.044226,DT12,SH07T01,DT12_01,HCC
DT12_02,372,2,87.88246548,-102.6007203,14.8198074,edge,174.044226,DT12,SH07T02,DT12_02,HCC
DT12_03,350,3,114.2630748,-104.5123264,27.34732983,edge,174.044226,DT12,SH07T03,DT12_03,HCC
DT12_04,405,4,144.5492798,-99.5079221,34.68452626,edge,174.044226,DT12,SH07T04,DT12_04,HCC
DT12_05,397,5,171.0581988,-95.77276992,20.77266976,edge,174.044226,DT12,SH07T05,DT12_05,HCC
DT12_06,390,6,197.0723545,-90.34049878,13.10091881,edge,174.044226,DT12,SH07T06,DT12_06,HCC
DT12_07,375,7,83.64620486,-127.5202217,20.49869797,edge,174.044226,DT12,SH07T07,DT12_07,HCC
DT12_08,374,8,116.0383378,-134.0299999,51.4792819,center,174.044226,DT12,SH07T08,DT12_08,HCC
DT12_09,301,9,143.9183374,-132.3734899,57.86730535,center,174.044226,DT12,SH07T09,DT12_09,HCC
DT12_10,313,10,174.1893907,-131.2919388,43.78742384,center,174.044226,DT12,SH07T10,DT12_10,HCC
DT12_11,366,11,199.0319662,-126.6943212,22.6463487,edge,174.044226,DT12,SH07T11,DT12_11,HCC
DT12_12,458,13,89.52961239,-155.0779222,21.66759923,edge,174.044226,DT12,SH07T13,DT12_13,HCC
DT12_13,331,14,114.3014403,-156.1261495,42.15262139,edge,174.044226,DT12,SH07T14,DT12_14,HCC
DT12_14,335,15,140.2599445,-156.0980885,36.34137002,edge,174.044226,DT12,SH07T15,DT12_15,HCC
DT12_15,325,16,165.2597783,-158.009723,26.87717207,edge,174.044226,DT12,SH07T16,DT12_16,HCC
DT12_16,396,17,194.714737,-155.4947644,14.71313994,edge,174.044226,DT12,SH07T17,DT12_17,HCC
DT12_17,329,18,110.0643492,-184.1334348,14.04338784,edge,174.044226,DT12,SH07T18,DT12_18,HCC
DT12_18,317,19,134.4097228,-178.1888367,16.80337767,edge,174.044226,DT12,SH07T19,DT12_19,HCC
DT12_19,368,12,207.0933521,-111.9580886,20.01394227,edge,174.044226,DT12,SH07T12,DT12_12,HCC
DT13_01,183,1,76.53822206,-129.9295556,12.06639642,edge,173.8273676,DT13,SH08T01,DT13_01,HCC
DT13_02,133,2,96.26988913,-113.7242657,19.16534486,edge,173.8273676,DT13,SH08T02,DT13_02,HCC
DT13_03,124,3,129.2248479,-95.19847652,18.88423314,edge,173.8273676,DT13,SH08T03,DT13_03,HCC
DT13_04,110,4,166.85867,-81.29803293,18.2316195,edge,173.8273676,DT13,SH08T04,DT13_04,HCC
DT13_05,104,5,194.4524105,-69.74263136,13.91719595,edge,173.8273676,DT13,SH08T05,DT13_05,HCC
DT13_06,148,6,95.07626053,-140.77759,24.47997098,edge,173.8273676,DT13,SH08T06,DT13_06,HCC
DT13_07,183,7,127.3483383,-133.7469804,52.34071777,center,173.8273676,DT13,SH08T07,DT13_07,HCC
DT13_08,202,8,158.3260381,-131.0276454,60.1882561,center,173.8273676,DT13,SH08T08,DT13_08,HCC
DT13_09,112,9,196.8388919,-125.6828536,29.63425278,edge,173.8273676,DT13,SH08T09,DT13_09,HCC
DT13_10,184,10,106.67301930000001,-167.5985319,18.01181622,edge,173.8273676,DT13,SH08T10,DT13_10,HCC
DT13_11,139,11,150.2743488,-163.4121331,35.51319372,edge,173.8273676,DT13,SH08T11,DT13_11,HCC
DT13_12,142,12,180.3791133,-158.1513028,28.21466313,edge,173.8273676,DT13,SH08T12,DT13_12,HCC
DT13_13,95,13,214.2014406,-158.1513028,19.80168091,edge,173.8273676,DT13,SH08T13,DT13_13,HCC
DT13_14,168,14,142.1754853,-190.5303602,12.46017681,edge,173.8273676,DT13,SH08T14,DT13_14,HCC
DT14_01,618,1,100.1584486,-82.73626054,15.02462181,edge,154.9267839,DT14,SH09T01,DT14_01,HCC
DT14_02,624,2,124.0702767,-74.83831043,12.19034032,edge,154.9267839,DT14,SH09T02,DT14_02,HCC
DT14_03,624,3,102.0905541,-99.19326863,24.49468663,edge,154.9267839,DT14,SH09T03,DT14_03,HCC
DT14_04,609,4,122.1277562,-95.25354583,32.66786012,edge,154.9267839,DT14,SH09T04,DT14_04,HCC
DT14_05,617,5,144.3981716,-97.20736838,18.36640768,edge,154.9267839,DT14,SH09T05,DT14_05,HCC
DT14_06,615,6,169.4452077,-101.728809,10.09343454,edge,154.9267839,DT14,SH09T06,DT14_06,HCC
DT14_07,613,7,201.50205,-106.8037671,10.86593708,edge,154.9267839,DT14,SH09T07,DT14_07,HCC
DT14_08,626,8,85.16357346,-114.8581439,13.0554048,edge,154.9267839,DT14,SH09T08,DT14_08,HCC
DT14_09,629,9,107.6236288,-117.2445986,35.41262426,edge,154.9267839,DT14,SH09T09,DT14_09,HCC
DT14_10,606,10,134.067091,-118.1249863,41.03267307,center,154.9267839,DT14,SH09T10,DT14_10,HCC
DT14_11,606,11,169.848615,-117.4118559,25.64550663,edge,154.9267839,DT14,SH09T11,DT14_11,HCC
DT14_12,626,12,84.28681451,-143.4986428,14.74172013,edge,154.9267839,DT14,SH09T12,DT14_12,HCC
DT14_13,612,13,108.8168143,-144.0667036,33.92637819,edge,154.9267839,DT14,SH09T13,DT14_13,HCC
DT14_14,617,14,128.6867042,-145.067036,46.26078072,center,154.9267839,DT14,SH09T14,DT14_14,HCC
DT14_15,596,15,149.93543,-139.6611355,51.98223253,center,154.9267839,DT14,SH09T15,DT14_15,HCC
DT14_16,624,16,187.4083934,-135.2987529,33.26972563,edge,154.9267839,DT14,SH09T16,DT14_16,HCC
DT14_17,619,17,206.4528526,-141.8687538,13.13528824,edge,154.9267839,DT14,SH09T17,DT14_17,HCC
DT14_18,621,18,93.7562605,-162.7469808,10.04129586,edge,154.9267839,DT14,SH09T18,DT14_18,HCC
DT14_19,627,19,117.3731856,-162.4226871,25.79037282,edge,154.9267839,DT14,SH09T19,DT14_19,HCC
DT14_20,606,20,147.086814,-167.8686427,29.38667835,edge,154.9267839,DT14,SH09T20,DT14_20,HCC
DT14_21,596,21,169.954016,-167.7708588,24.26207791,edge,154.9267839,DT14,SH09T21,DT14_21,HCC
DT14_22,622,22,188.4021328,-170.1971469,9.690571122,edge,154.9267839,DT14,SH09T22,DT14_22,HCC
DT14_23,627,23,134.147091,-183.6279223,13.812292,edge,154.9267839,DT14,SH09T23,DT14_23,HCC
DT14_24,596,24,159.4559275,-185.4538782,9.656378068,edge,154.9267839,DT14,SH09T24,DT14_24,HCC
DT16_01,203,1,54.9213056,-99.06747208,14.66189976,edge,229.3071989,DT16,SH10T01,DT16_01,HCC
DT16_02,215,2,75.13648213,-89.15853142,24.33791915,edge,229.3071989,DT16,SH10T02,DT16_02,HCC
DT16_04,208,3,116.0940168,-72.79897463,21.87807525,edge,229.3071989,DT16,SH10T03,DT16_03,HCC
DT16_05,186,4,138.2590299,-69.54135707,21.12102104,edge,229.3071989,DT16,SH10T04,DT16_04,HCC
DT16_06,193,5,166.7524653,-66.06758976,17.21556023,edge,229.3071989,DT16,SH10T05,DT16_05,HCC
DT16_07,192,6,192.1505539,-65.06831017,12.6052819,edge,229.3071989,DT16,SH10T06,DT16_06,HCC
DT16_08,192,7,222.3391132,-71.09296394,13.42215477,edge,229.3071989,DT16,SH10T07,DT16_07,HCC
DT16_09,218,8,50.26637128,-127.1020772,13.66471017,edge,229.3071989,DT16,SH10T08,DT16_08,HCC
DT16_10,223,9,66.3496674,-119.1595839,30.54116789,edge,229.3071989,DT16,SH10T09,DT16_09,HCC
DT16_12,205,10,117.7882548,-104.7336288,53.48702348,edge,229.3071989,DT16,SH10T10,DT16_10,HCC
DT16_13,214,11,150.8074792,-97.8277008,49.81908489,edge,229.3071989,DT16,SH10T11,DT16_11,HCC
DT16_14,187,12,188.6981434,-97.8277008,45.54561973,edge,229.3071989,DT16,SH10T12,DT16_12,HCC
DT16_15,188,13,221.9118009,-102.4139058,34.21993874,edge,229.3071989,DT16,SH10T13,DT16_13,HCC
DT16_16,229,14,58.44407192,-144.3918009,16.20492713,edge,229.3071989,DT16,SH10T14,DT16_14,HCC
DT16_17,215,15,81.35174489,-138.9758175,39.04612656,edge,229.3071989,DT16,SH10T15,DT16_15,HCC
DT16_18,212,16,124.1536287,-136.1079779,76.25366937,center,229.3071989,DT16,SH10T16,DT16_16,HCC
DT16_19,217,17,147.5941274,-130.2783658,73.26604988,center,229.3071989,DT16,SH10T17,DT16_17,HCC
DT16_20,191,18,182.774737,-128.4337942,62.93701102,center,229.3071989,DT16,SH10T18,DT16_18,HCC
DT16_21,191,19,215.5792248,-125.4199728,46.06821511,edge,229.3071989,DT16,SH10T19,DT16_19,HCC
DT16_22,189,20,240.4002769,-127.4834071,21.82487317,edge,229.3071989,DT16,SH10T20,DT16_20,HCC
DT16_23,226,21,95.94434908,-175.0711909,29.21763482,edge,229.3071989,DT16,SH10T21,DT16_21,HCC
DT16_24,200,22,128.1306649,-176.8095848,37.75025697,edge,229.3071989,DT16,SH10T22,DT16_22,HCC
DT16_25,203,23,155.8369252,-172.6419667,31.32374816,edge,229.3071989,DT16,SH10T23,DT16_23,HCC
DT16_26,204,24,175.970111,-168.0467589,27.22126867,edge,229.3071989,DT16,SH10T24,DT16_24,HCC
DT16_27,191,25,220.835651,-148.6003045,38.23894316,edge,229.3071989,DT16,SH10T25,DT16_25,HCC
DT16_28,184,26,240.4734069,-157.2648752,16.77471284,edge,229.3071989,DT16,SH10T26,DT16_26,HCC
DT16_29,191,27,115.6958169,-195.2205264,21.36026308,edge,229.3071989,DT16,SH10T27,DT16_27,HCC
DT17_01,157,1,88.48050014,-91.56230604,26.86496452,edge,185.1327563,DT17,SH11T01,DT17_01,HCC
DT17_02,150,2,122.5080888,-70.11357307,22.23758958,edge,185.1327563,DT17,SH11T02,DT17_02,HCC
DT17_03,151,3,165.0803876,-68.82789455,19.8981801,edge,185.1327563,DT17,SH11T03,DT17_03,HCC
DT17_04,145,4,78.46412735,-131.5238509,22.93095767,edge,185.1327563,DT17,SH11T04,DT17_04,HCC
DT17_05,143,5,116.6814131,-118.5859553,61.80482201,center,185.1327563,DT17,SH11T05,DT17_05,HCC
DT17_06,146,6,152.9227982,-104.3151802,57.40863844,center,185.1327563,DT17,SH11T06,DT17_06,HCC
DT17_07,143,7,195.9377004,-100.4560111,28.74448027,edge,185.1327563,DT17,SH11T07,DT17_07,HCC
DT17_08,146,8,94.6645153,-169.0431305,27.55586789,edge,185.1327563,DT17,SH11T08,DT17_08,HCC
DT17_09,140,9,134.1408308,-159.5511078,54.42761787,center,185.1327563,DT17,SH11T09,DT17_09,HCC
DT17_10,143,10,173.6175896,-150.9503877,53.50620578,center,185.1327563,DT17,SH11T10,DT17_10,HCC
DT17_11,150,11,212.2755404,-140.7599996,21.37397366,edge,185.1327563,DT17,SH11T11,DT17_11,HCC
DT17_12,152,12,134.9867038,-191.4191132,22.55962071,edge,185.1327563,DT17,SH11T12,DT17_12,HCC
DT17_13,141,13,179.9580335,-184.3613855,21.35388407,edge,185.1327563,DT17,SH11T13,DT17_13,HCC
DT18_01,414,1,107.3660002,-64.2118891,21.75843612,edge,220.1066099,DT18,SH12T01,DT18_01,HCC
DT18_06,407,2,115.9862325,-86.54977869,43.64224502,edge,220.1066099,DT18,SH12T02,DT18_02,HCC
DT18_20,410,3,142.8500001,-125.9619388,73.74134508,center,220.1066099,DT18,SH12T03,DT18_03,HCC
DT18_35,434,4,173.7804433,-169.9970084,59.51972099,center,220.1066099,DT18,SH12T04,DT18_04,HCC
DT18_38,423,5,183.3737118,-196.0985599,32.12813028,edge,220.1066099,DT18,SH12T05,DT18_05,HCC
DT19_01,166,1,62.98580568,-86.11788902,18.14441245,edge,230.9426485,DT19,SH13T01,DT19_01,HCC
DT19_04,164,2,65.6259836,-121.1962602,35.44480736,edge,230.9426485,DT19,SH13T02,DT19_02,HCC
DT19_05,162,3,92.06083098,-110.0962606,45.84552711,edge,230.9426485,DT19,SH13T03,DT19_03,HCC
DT19_06,181,4,114.6523268,-99.44764536,35.51868231,edge,230.9426485,DT19,SH13T04,DT19_04,HCC
DT19_07,185,5,132.0835182,-88.06664794,20.73219369,edge,230.9426485,DT19,SH13T05,DT19_05,HCC
DT19_08,164,8,50.59554019,-150.5843767,13.05779281,edge,230.9426485,DT19,SH13T08,DT19_08,HCC
DT19_09,161,9,80.93739617,-148.4329637,38.95798517,edge,230.9426485,DT19,SH13T09,DT19_09,HCC
DT19_10,163,10,109.4732131,-150.1143765,46.70651477,edge,230.9426485,DT19,SH13T10,DT19_10,HCC
DT19_11,168,11,139.6032133,-148.4648199,42.7087481,edge,230.9426485,DT19,SH13T11,DT19_11,HCC
DT19_12,179,12,167.677895,-141.5485874,44.11124537,edge,230.9426485,DT19,SH13T12,DT19_12,HCC
DT19_16,165,14,147.4592248,-174.1850968,15.87627704,edge,230.9426485,DT19,SH13T14,DT19_14,HCC
DT19_17,169,15,175.5759834,-171.1486427,14.18711729,edge,230.9426485,DT19,SH13T15,DT19_15,HCC
DT19_20,149,6,207.5444039,-99.21296388,12.49217988,edge,230.9426485,DT19,SH13T06,DT19_06,HCC
DT19_21,147,7,226.8421048,-99.24002756,11.6031283,edge,230.9426485,DT19,SH13T07,DT19_07,HCC
DT19_23,173,13,240.1441827,-133.2227977,20.13241345,edge,230.9426485,DT19,SH13T13,DT19_13,HCC
DT19_24,170,16,225.7958171,-159.3205815,18.05036775,edge,230.9426485,DT19,SH13T16,DT19_16,HCC
DT42_01,240,1,695.8971056,-409.9890657,65.87348538,edge,758.0020616,DT42,DT42T01,DT42_01,HCC
DT42_02,269,2,624.5017545,-236.67996,79.73692262,edge,758.0020616,DT42,DT42T02,DT42_02,HCC
DT42_03,232,3,455.2851409,-168.6611916,69.11420519,edge,758.0020616,DT42,DT42T03,DT42_03,HCC
DT42_04,265,4,360.9770005,-179.1691909,77.66646709,edge,758.0020616,DT42,DT42T04,DT42_04,HCC
DT42_05,268,5,277.7396232,-200.1851895,48.52237242,edge,758.0020616,DT42,DT42T05,DT42_05,HCC
DT42_06,263,6,214.6916275,-346.2897401,70.49257304,edge,758.0020616,DT42,DT42T06,DT42_06,HCC
DT42_07,254,7,183.1676296,-441.5130635,88.52718172,edge,758.0020616,DT42,DT42T07,DT42_07,HCC
DT42_08,279,8,373.2950696,-314.7657422,193.4421902,center,758.0020616,DT42,DT42T08,DT42_08,HCC
DT42_10,241,10,360.9770005,-540.0280939,170.6920756,edge,758.0020616,DT42,DT42T10,DT42_10,HCC
DT42_11,223,11,423.7611431,-651.9239866,102.2443043,edge,758.0020616,DT42,DT42T11,DT42_11,HCC
DT42_12,247,12,561.4537588,-696.0815702,61.89583472,edge,758.0020616,DT42,DT42T12,DT42_12,HCC
DT42_13,253,13,518.3331366,-540.0280939,222.3249496,center,758.0020616,DT42,DT42T13,DT42_13,HCC
DT43_1,205,1,1051.570943,-777.4389914,393.0438316,edge,1733.666594,DT43,DT43T1,DT43_1,HCC
DT43_10,213,10,399.9217987,-625.6150568,210.4116261,edge,1733.666594,DT43,DT43T10,DT43_10,HCC
DT43_11,222,11,595.6042955,-656.9854028,402.2455818,edge,1733.666594,DT43,DT43T11,DT43_11,HCC
DT43_12,250,12,455.6258824,-809.6426445,249.1712436,edge,1733.666594,DT43,DT43T12,DT43_12,HCC
DT43_13,218,13,702.1940362,-793.5677964,493.9635238,center,1733.666594,DT43,DT43T13,DT43_13,HCC
DT43_14,245,14,234.2936214,-1044.996989,162.3853357,edge,1733.666594,DT43,DT43T14,DT43_14,HCC
DT43_15,253,15,783.3418951,-1063.936523,518.6304674,center,1733.666594,DT43,DT43T15,DT43_15,HCC
DT43_16,241,16,1002.393283,-1124.969238,385.4378704,edge,1733.666594,DT43,DT43T16,DT43_16,HCC
DT43_17,238,17,309.7313459,-1241.7076280000001,169.710913,edge,1733.666594,DT43,DT43T17,DT43_17,HCC
DT43_18,257,18,832.5195548,-1268.347839,337.1628237,edge,1733.666594,DT43,DT43T18,DT43_18,HCC
DT43_2,220,2,860.5285309,-263.4260055,228.2076039,edge,1733.666594,DT43,DT43T2,DT43_2,HCC
DT43_20,231,20,546.4266357,-1420.504949,117.9196464,edge,1733.666594,DT43,DT43T20,DT43_20,HCC
DT43_21,236,21,734.1642354,-1459.043478,123.5914921,edge,1733.666594,DT43,DT43T21,DT43_21,HCC
DT43_23,208,23,1380.490145,-825.771286,80.25663098,edge,1733.666594,DT43,DT43T23,DT43_23,HCC
DT43_24,225,24,1387.833055,-1034.653151,54.76736605,edge,1733.666594,DT43,DT43T24,DT43_24,HCC
DT43_25,228,25,1307.665019,-1235.874098,82.9305435,edge,1733.666594,DT43,DT43T25,DT43_25,HCC
DT43_3,231,3,406.4482227,-140.063853,115.2659371,edge,1733.666594,DT43,DT43T3,DT43_3,HCC
DT43_4,221,4,562.1992188,-180.9186131,137.2356369,edge,1733.666594,DT43,DT43T4,DT43_4,HCC
DT43_5,210,5,490.4708879,-294.220598,234.8393646,edge,1733.666594,DT43,DT43T5,DT43_5,HCC
DT43_6,231,6,426.9605849,-462.7946625,199.2828016,edge,1733.666594,DT43,DT43T6,DT43_6,HCC
DT43_7,268,7,634.5041876,-446.6660089,387.6242871,edge,1733.666594,DT43,DT43T7,DT43_7,HCC
DT43_8,213,8,857.6567383,-430.3213501,351.8452391,edge,1733.666594,DT43,DT43T8,DT43_8,HCC
DT43_9,238,9,1074.341478,-413.6170028,159.7039511,edge,1733.666594,DT43,DT43T9,DT43_9,HCC
DT48_01,236,1,1732.764502,-666.2269428,85.91059905,edge,1818.079788,DT48,DT48T01,DT48_01,HCC
DT48_02,211,2,396.6960081,-566.230744,191.0649731,edge,1818.079788,DT48,DT48T02,DT48_02,HCC
DT48_03,217,3,618.0282691,-566.230744,157.1984598,edge,1818.079788,DT48,DT48T03,DT48_03,HCC
DT48_04,210,4,853.4312798,-592.7901685,200.8506671,edge,1818.079788,DT48,DT48T04,DT48_04,HCC
DT48_05,235,5,1072.108577,-559.7413962,205.079962,edge,1818.079788,DT48,DT48T05,DT48_05,HCC
DT48_06,224,6,1287.258471,-592.7901685,295.0720769,edge,1818.079788,DT48,DT48T06,DT48_06,HCC
DT48_07,217,7,1263.150989,-430.2907461,149.7318597,edge,1818.079788,DT48,DT48T07,DT48_07,HCC
DT48_08,190,8,396.6960081,-756.8371319,325.6365548,edge,1818.079788,DT48,DT48T08,DT48_08,HCC
DT48_09,164,9,618.0282691,-715.4046025,288.5205046,edge,1818.079788,DT48,DT48T09,DT48_09,HCC
DT48_10,215,10,815.4187632,-742.9813995,313.9478646,edge,1818.079788,DT48,DT48T10,DT48_10,HCC
DT48_11,261,11,1044.099601,-792.1590592,439.1791275,edge,1818.079788,DT48,DT48T11,DT48_11,HCC
DT48_12,181,12,1274.316157,-792.1590592,356.9896886,edge,1818.079788,DT48,DT48T12,DT48_12,HCC
DT48_13,222,13,747.7289146,-934.5285794,490.8231596,center,1818.079788,DT48,DT48T13,DT48_13,HCC
DT48_14,180,14,955.2383918,-983.7062392,361.2221216,edge,1818.079788,DT48,DT48T14,DT48_14,HCC
DT48_15,227,15,1361.506309,-922.7180318,204.0021507,edge,1818.079788,DT48,DT48T15,DT48_15,HCC
DT48_16,201,16,766.2411034,-1158.072376,319.2572878,edge,1818.079788,DT48,DT48T16,DT48_16,HCC
DT48_17,214,17,955.2383918,-1158.072376,228.3525946,edge,1818.079788,DT48,DT48T17,DT48_17,HCC
DT48_18,193,18,1137.624724,-1158.072376,130.6119231,edge,1818.079788,DT48,DT48T18,DT48_18,HCC
DT48_19,198,19,883.1920468,-1315.591666,127.2782722,edge,1818.079788,DT48,DT48T19,DT48_19,HCC
DT48_20,193,20,266.5223364,-1240.299203,133.8674896,edge,1818.079788,DT48,DT48T20,DT48_20,HCC
DT50_1,194,1,225.8859118,-631.017855,68.2623977,edge,1415.017826,DT50,DT50T1,DT50_1,HCC
DT50_11,221,11,1297.562622,-777.4101944,99.46762747,edge,1415.017826,DT50,DT50T11,DT50_11,HCC
DT50_12,231,12,316.6609116,-1016.41535,106.6216946,edge,1415.017826,DT50,DT50T12,DT50_12,HCC
DT50_13,207,13,464.1938561,-1016.41535,228.2197347,edge,1415.017826,DT50,DT50T13,DT50_13,HCC
DT50_14,226,14,630.4573195,-970.3968952,368.1279675,center,1415.017826,DT50,DT50T14,DT50_14,HCC
DT50_15,216,15,1123.532379,-921.2192355,306.5850547,edge,1415.017826,DT50,DT50T15,DT50_15,HCC
DT50_16,204,16,1281.387987,-921.2192355,148.7294519,edge,1415.017826,DT50,DT50T16,DT50_16,HCC
DT50_17,201,17,513.3715158,-1145.565259,157.5406308,edge,1415.017826,DT50,DT50T17,DT50_17,HCC
DT50_18,229,18,679.6349792,-1145.565259,281.0965401,edge,1415.017826,DT50,DT50T18,DT50_18,HCC
DT50_19,211,19,1183.032668,-1068.752215,208.7779038,edge,1415.017826,DT50,DT50T19,DT50_19,HCC
DT50_2,219,2,883.4291588,-499.5195313,65.92108249,edge,1415.017826,DT50,DT50T2,DT50_2,HCC
DT50_20,209,20,1335.785645,-1081.721605,93.30742981,edge,1415.017826,DT50,DT50T20,DT50_20,HCC
DT50_21,214,21,608.2271559,-1287.847276,124.2381673,edge,1415.017826,DT50,DT50T21,DT50_21,HCC
DT50_22,204,22,750,-1305.647779,128.3239228,edge,1415.017826,DT50,DT50T22,DT50_22,HCC
DT50_23,221,23,924.8382797,-1287.84729,88.59608597,edge,1415.017826,DT50,DT50T23,DT50_23,HCC
DT50_24,231,24,1100.364597,-1238.669617,89.8738389,edge,1415.017826,DT50,DT50T24,DT50_24,HCC
DT50_25,217,25,1286.607985,-1180.076924,61.94493859,edge,1415.017826,DT50,DT50T25,DT50_25,HCC
DT50_3,272,3,161.2451999,-798.0350126,58.92197935,edge,1415.017826,DT50,DT50T3,DT50_3,HCC
DT50_4,123,4,495.4672852,-680.1955147,271.7288401,edge,1415.017826,DT50,DT50T4,DT50_4,HCC
DT50_5,261,5,658.6842651,-663.4911652,255.024548,edge,1415.017826,DT50,DT50T5,DT50_5,HCC
DT50_6,230,6,1117.082434,-631.017855,100.8313326,edge,1415.017826,DT50,DT50T6,DT50_6,HCC
DT50_7,221,7,210.4228596,-954.8251343,53.29470982,edge,1415.017826,DT50,DT50T7,DT50_7,HCC
DT50_8,204,8,373.6447669,-847.2126723,247.848337,edge,1415.017826,DT50,DT50T8,DT50_8,HCC
DT50_9,255,9,567.1812134,-806.4136448,397.9504611,center,1415.017826,DT50,DT50T9,DT50_9,HCC
DT51_1,366,1,646.9016159,-347.3829787,58.38326481,edge,1364.428613,DT51,DT51T1,DT51_1,HCC
DT51_10,290,10,948.166626,-616.3461893,113.4690629,edge,1364.428613,DT51,DT51T10,DT51_10,HCC
DT51_11,474,11,236.7068669,-756.93853,95.55855997,edge,1364.428613,DT51,DT51T11,DT51_11,HCC
DT51_12,486,12,394.0269012,-786.2635913,253.1708799,edge,1364.428613,DT51,DT51T12,DT51_12,HCC
DT51_13,462,13,556.3524921,-802.3920898,390.5852441,center,1364.428613,DT51,DT51T13,DT51_13,HCC
DT51_14,465,14,719.6156006,-802.3920898,407.2607243,center,1364.428613,DT51,DT51T14,DT51_14,HCC
DT51_15,361,15,894.4688978,-835.441251,298.1694388,edge,1364.428613,DT51,DT51T15,DT51_15,HCC
DT51_16,367,16,226.4867636,-901.3232422,113.4891604,edge,1364.428613,DT51,DT51T16,DT51_16,HCC
DT51_17,547,17,344.8492415,-934,231.8516323,edge,1364.428613,DT51,DT51T17,DT51_17,HCC
DT51_18,496,18,492.3822207,-943.6119626,368.2876455,center,1364.428613,DT51,DT51T18,DT51_18,HCC
DT51_19,476,19,632.8883052,-960.891571,462.7320306,center,1364.428613,DT51,DT51T19,DT51_19,HCC
DT51_2,460,2,408.9869466,-462.9192065,96.38738076,edge,1364.428613,DT51,DT51T2,DT51_2,HCC
DT51_20,474,20,768.7932603,-976.9697266,436.9714239,center,1364.428613,DT51,DT51T20,DT51_20,HCC
DT51_21,490,21,247.0004535,-1075.325046,89.80042957,edge,1364.428613,DT51,DT51T21,DT51_21,HCC
DT51_22,394,22,394.0269012,-1066.684776,216.8460986,edge,1364.428613,DT51,DT51T22,DT51_22,HCC
DT51_23,551,23,560.8677302,-1066.684776,335.7406774,edge,1364.428613,DT51,DT51T23,DT51_23,HCC
DT51_24,384,24,699.9796448,-1094.29894,367.7139794,center,1364.428613,DT51,DT51T24,DT51_24,HCC
DT51_25,339,25,327.804306,-1199.369551,79.5654849,edge,1364.428613,DT51,DT51T25,DT51_25,HCC
DT51_26,426,26,484.04756,-1199.369551,185.8104795,edge,1364.428613,DT51,DT51T26,DT51_26,HCC
DT51_27,501,27,646.9016159,-1189.757589,289.0755899,edge,1364.428613,DT51,DT51T27,DT51_27,HCC
DT51_28,391,28,533.2252197,-1362.084795,87.25037667,edge,1364.428613,DT51,DT51T28,DT51_28,HCC
DT51_29,401,29,711.75,-1411.262454,143.8201356,edge,1364.428613,DT51,DT51T29,DT51_29,HCC
DT51_3,403,3,556.3524921,-462.9192065,91.496533,edge,1364.428613,DT51,DT51T3,DT51_3,HCC
DT51_30,378,30,1008.917664,-1353.574156,51.25568597,edge,1364.428613,DT51,DT51T30,DT51_30,HCC
DT51_4,387,4,735.3881972,-445.7402403,141.9271573,edge,1364.428613,DT51,DT51T4,DT51_4,HCC
DT51_5,369,5,898.9889663,-445.7402403,97.18795023,edge,1364.428613,DT51,DT51T5,DT51_5,HCC
DT51_6,452,6,319.6251993,-625.2121217,97.95638869,edge,1364.428613,DT51,DT51T6,DT51_6,HCC
DT51_7,471,7,465.9599321,-625.2121217,233.0503149,edge,1364.428613,DT51,DT51T7,DT51_7,HCC
DT51_8,339,8,632.8883052,-625.2121217,270.7119497,edge,1364.428613,DT51,DT51T8,DT51_8,HCC
DT51_9,468,9,822.522522,-674.3897814,246.9134547,edge,1364.428613,DT51,DT51T9,DT51_9,HCC
ITH_01_T1,19114,ITH_01_T1,3.7,0.5,0.420784389,edge,9,ITH01,NA,NA,HCC
ITH_01_T2,19988,ITH_01_T2,4.5,0.5,0.5,edge,9,ITH01,NA,NA,HCC
ITH_01_T3,17926,ITH_01_T3,4.5,1.5,1.5,edge,9,ITH01,NA,NA,HCC
ITH_01_T4,19689,ITH_01_T4,4.5,2.5,2.5,center,9,ITH01,NA,NA,HCC
ITH_01_T5,17652,ITH_01_T5,4.5,3.5,3.5,center,9,ITH01,NA,NA,HCC
ITH_01_T6,18469,ITH_01_T6,4.5,4.5,4.5,center,9,ITH01,NA,NA,HCC
ITH_01_T7,18598,ITH_01_T7,4.5,5.5,3.5,center,9,ITH01,NA,NA,HCC
ITH_01_T8,17993,ITH_01_T8,4.5,6.5,2.5,center,9,ITH01,NA,NA,HCC
ITH_01_T9,18066,ITH_01_T9,4.5,7.5,1.5,edge,9,ITH01,NA,NA,HCC
ITH_01_T10,18629,ITH_01_T10,4.5,8.5,0.5,edge,9,ITH01,NA,NA,HCC
ITH_01_T11,18238,ITH_01_T11,3.7,8.5,0.420784389,edge,9,ITH01,NA,NA,HCC
ITH_06_T2,31627,ITH_06_T2,1.6,0.96,0.96,center,3.2,ITH06,NA,NA,HCC
ITH_06_T5,46530,ITH_06_T5,1.6,2.88,0.32,edge,3.2,ITH06,NA,NA,HCC
ITH_06_T1,51344,ITH_06_T1,1.6,0.32,0.32,edge,3.2,ITH06,NA,NA,HCC
ITH_06_T3,49964,ITH_06_T3,1.6,1.6,1.6,center,3.2,ITH06,NA,NA,HCC
ITH_06_T4,46812,ITH_06_T4,1.6,2.24,0.96,center,3.2,ITH06,NA,NA,HCC
ITH_07_T1,47313,ITH_07_T1,3,0.5,0.5,edge,6,ITH07,NA,NA,HCC
ITH_07_T2,41552,ITH_07_T2,3,1.75,1.75,center,6,ITH07,NA,NA,HCC
ITH_07_T3,11385,ITH_07_T3,3,3,3,center,6,ITH07,NA,NA,HCC
ITH_07_T4,26199,ITH_07_T4,3,4.25,1.75,center,6,ITH07,NA,NA,HCC
ITH_07_T5,10054,ITH_07_T5,3,5.5,0.5,edge,6,ITH07,NA,NA,HCC
ITH_09_T3,17087,ITH_09_T3,2,1.666666667,1.666666667,center,4,ITH09,NA,NA,HCC
ITH_09_T4,17075,ITH_09_T4,2,2.333333333,1.666666667,center,4,ITH09,NA,NA,HCC
ITH_09_T1,18314,ITH_09_T1,2,0.333333333,0.333333333,edge,4,ITH09,NA,NA,HCC
ITH_09_T2,27230,ITH_09_T2,2,1,1,center,4,ITH09,NA,NA,HCC
ITH_09_T5,20523,ITH_09_T5,2,3,1,center,4,ITH09,NA,NA,HCC
ITH_09_T6,19040,ITH_09_T6,2,3.666666667,0.333333333,edge,4,ITH09,NA,NA,HCC
ITH_100_T1,19432,ITH_100_T1,2.5,0.5,0.5,edge,5,ITH100,NA,NA,HCC
ITH_100_T2,17666,ITH_100_T2,2.5,1.5,1.5,center,5,ITH100,NA,NA,HCC
ITH_100_T5,18126,ITH_100_T5,2.5,4.5,0.5,edge,5,ITH100,NA,NA,HCC
ITH_100_T3,17360,ITH_100_T3,2.5,2.5,2.5,center,5,ITH100,NA,NA,HCC
ITH_100_T4,15311,ITH_100_T4,2.5,3.5,1.5,center,5,ITH100,NA,NA,HCC
ITH_101_T1,19940,ITH_101_T1,10.5,0.5,0.5,edge,21,ITH101,NA,NA,HCC
ITH_101_T2,20417,ITH_101_T2,10.5,5.5,5.5,center,21,ITH101,NA,NA,HCC
ITH_101_T3,20393,ITH_101_T3,10.5,10.5,10.5,center,21,ITH101,NA,NA,HCC
ITH_101_T4,20591,ITH_101_T4,10.5,15.5,5.5,center,21,ITH101,NA,NA,HCC
ITH_101_T5,19547,ITH_101_T5,10.5,20.5,0.5,edge,21,ITH101,NA,NA,HCC
ITH_102_T1,10408,ITH_102_T1,6,0.5,0.5,edge,12,ITH102,NA,NA,HCC
ITH_102_T2,19672,ITH_102_T2,6,3.25,3.25,center,12,ITH102,NA,NA,HCC
ITH_102_T3,80066,ITH_102_T3,6,6,6,center,12,ITH102,NA,NA,HCC
ITH_102_T4,13979,ITH_102_T4,6,8.75,3.25,center,12,ITH102,NA,NA,HCC
ITH_102_T5,15379,ITH_102_T5,6,11.5,0.5,edge,12,ITH102,NA,NA,HCC
ITH_105_T1,6576,ITH_105_T1,4.5,0.5,0.5,edge,9,ITH105,NA,NA,HCC
ITH_105_T2,6342,ITH_105_T2,4.5,2.5,2.5,center,9,ITH105,NA,NA,HCC
ITH_105_T3,6811,ITH_105_T3,4.5,4.5,4.5,center,9,ITH105,NA,NA,HCC
ITH_105_T4,7421,ITH_105_T4,4.5,6.5,2.5,center,9,ITH105,NA,NA,HCC
ITH_105_T5,8998,ITH_105_T5,4.5,8.5,0.5,edge,9,ITH105,NA,NA,HCC
ITH_111_T1,19684,ITH_111_T1,6.5,0.5,0.5,edge,13,ITH111,NA,NA,HCC
ITH_111_T2,19398,ITH_111_T2,6.5,3.5,3.5,center,13,ITH111,NA,NA,HCC
ITH_111_T3,18589,ITH_111_T3,6.5,6.5,6.5,center,13,ITH111,NA,NA,HCC
ITH_111_T4,18433,ITH_111_T4,6.5,9.5,3.5,center,13,ITH111,NA,NA,HCC
ITH_111_T5,18489,ITH_111_T5,6.5,12.5,0.5,edge,13,ITH111,NA,NA,HCC
ITH_112_T1,16340,ITH_112_T1,6.15,0.5,0.5,edge,12.3,ITH112,NA,NA,HCC
ITH_112_T2,16153,ITH_112_T2,6.15,3.325,3.325,center,12.3,ITH112,NA,NA,HCC
ITH_112_T3,16253,ITH_112_T3,6.15,6.15,6.15,center,12.3,ITH112,NA,NA,HCC
ITH_112_T4,16436,ITH_112_T4,6.15,8.975,3.325,center,12.3,ITH112,NA,NA,HCC
ITH_112_T5,16846,ITH_112_T5,6.15,11.8,0.5,edge,12.3,ITH112,NA,NA,HCC
ITH_128_T1,19510,ITH_128_T1,7.5,0.5,0.5,edge,15,ITH128,NA,NA,HCC
ITH_128_T2,18660,ITH_128_T2,7.5,4,4,center,15,ITH128,NA,NA,HCC
ITH_128_T3,18628,ITH_128_T3,7.5,7.5,7.5,center,15,ITH128,NA,NA,HCC
ITH_128_T4,18789,ITH_128_T4,7.5,11,4,center,15,ITH128,NA,NA,HCC
ITH_128_T5,20616,ITH_128_T5,7.5,14.5,0.5,edge,15,ITH128,NA,NA,HCC
ITH_131_T1,22580,ITH_131_T1,2.25,0.375,0.375,edge,4.5,ITH131,NA,NA,HCC
ITH_131_T2,24410,ITH_131_T2,2.25,1.125,1.125,center,4.5,ITH131,NA,NA,HCC
ITH_131_T3,23066,ITH_131_T3,2.25,1.875,1.875,center,4.5,ITH131,NA,NA,HCC
ITH_131_T4,22653,ITH_131_T4,2.25,2.625,1.875,center,4.5,ITH131,NA,NA,HCC
ITH_131_T5,23529,ITH_131_T5,2.25,3.375,1.125,center,4.5,ITH131,NA,NA,HCC
ITH_131_T6,22573,ITH_131_T6,2.25,4.125,0.375,edge,4.5,ITH131,NA,NA,HCC
ITH_136_T1,12654,ITH_136_T1,6,0.5,0.5,edge,12,ITH136,NA,NA,HCC
ITH_136_T2,20594,ITH_136_T2,6,3.25,3.25,center,12,ITH136,NA,NA,HCC
ITH_136_T3,13338,ITH_136_T3,6,6,6,center,12,ITH136,NA,NA,HCC
ITH_136_T4,14430,ITH_136_T4,6,8.75,3.25,center,12,ITH136,NA,NA,HCC
ITH_136_T5,21542,ITH_136_T5,6,11.5,0.5,edge,12,ITH136,NA,NA,HCC
ITH_13_T1,20192,ITH_13_T1,3.95,0.5,1.075,edge,7.9,ITH13,NA,NA,HCC
ITH_13_T2,20456,ITH_13_T2,3.95,1.65,2.225,center,7.9,ITH13,NA,NA,HCC
ITH_13_T3,20354,ITH_13_T3,3.95,2.8,3.375,center,7.9,ITH13,NA,NA,HCC
ITH_13_T4,22743,ITH_13_T4,3.95,3.95,3.375,center,7.9,ITH13,NA,NA,HCC
ITH_13_T5,21562,ITH_13_T5,3.95,5.1,2.225,center,7.9,ITH13,NA,NA,HCC
ITH_13_T6,21378,ITH_13_T6,3.95,6.25,1.075,edge,7.9,ITH13,NA,NA,HCC
ITH_24_T1,13971,ITH_24_T1,6.35,0.5,0.5,edge,12.7,ITH24,NA,NA,HCC
ITH_24_T2,14342,ITH_24_T2,6.35,3.425,3.425,center,12.7,ITH24,NA,NA,HCC
ITH_24_T3,13392,ITH_24_T3,6.35,6.35,6.35,center,12.7,ITH24,NA,NA,HCC
ITH_24_T4,13293,ITH_24_T4,6.35,9.275,3.425,center,12.7,ITH24,NA,NA,HCC
ITH_24_T5,12952,ITH_24_T5,6.35,12.2,0.5,edge,12.7,ITH24,NA,NA,HCC
ITH_31_T1,21608,ITH_31_T1,2.8,0.5,0.5,edge,5.6,ITH31,NA,NA,HCC
ITH_31_T2,22059,ITH_31_T2,2.8,1.65,1.65,center,5.6,ITH31,NA,NA,HCC
ITH_31_T3,21561,ITH_31_T3,2.8,2.8,2.8,center,5.6,ITH31,NA,NA,HCC
ITH_31_T4,22147,ITH_31_T4,2.8,3.95,1.65,center,5.6,ITH31,NA,NA,HCC
ITH_31_T5,20008,ITH_31_T5,2.8,5.1,0.5,edge,5.6,ITH31,NA,NA,HCC
ITH_32_T1,20403,ITH_32_T1,4.25,0.5,0.5,edge,8.5,ITH32,NA,NA,HCC
ITH_32_T2,19402,ITH_32_T2,4.25,2.375,2.375,center,8.5,ITH32,NA,NA,HCC
ITH_32_T3,18105,ITH_32_T3,4.25,4.25,4.25,center,8.5,ITH32,NA,NA,HCC
ITH_32_T4,19619,ITH_32_T4,4.25,6.125,2.375,center,8.5,ITH32,NA,NA,HCC
ITH_32_T5,19879,ITH_32_T5,4.25,8,0.5,edge,8.5,ITH32,NA,NA,HCC
ITH_37_T1,15713,ITH_37_T1,3.5,0.5,0.5,edge,7,ITH37,NA,NA,HCC
ITH_37_T2,15880,ITH_37_T2,3.5,2,2,center,7,ITH37,NA,NA,HCC
ITH_37_T3,16073,ITH_37_T3,3.5,3.5,3.5,center,7,ITH37,NA,NA,HCC
ITH_37_T4,15750,ITH_37_T4,3.5,5,2,center,7,ITH37,NA,NA,HCC
ITH_37_T5,15993,ITH_37_T5,3.5,6.5,0.5,edge,7,ITH37,NA,NA,HCC
ITH_40_T1,14429,ITH_40_T1,4,0.5,0.5,edge,8,ITH40,NA,NA,HCC
ITH_40_T3,14361,ITH_40_T3,4,4,4,center,8,ITH40,NA,NA,HCC
ITH_40_T2,14293,ITH_40_T2,4,2.25,2.25,center,8,ITH40,NA,NA,HCC
ITH_40_T4,8713,ITH_40_T4,4,5.75,2.25,center,8,ITH40,NA,NA,HCC
ITH_40_T5,14428,ITH_40_T5,4,7.5,0.5,edge,8,ITH40,NA,NA,HCC
ITH_41_T1,17468,ITH_41_T1,5,0.5,0.5,edge,10,ITH41,NA,NA,HCC
ITH_41_T2,18936,ITH_41_T2,5,2.75,2.75,center,10,ITH41,NA,NA,HCC
ITH_41_T3,16978,ITH_41_T3,5,5,5,center,10,ITH41,NA,NA,HCC
ITH_41_T4,18683,ITH_41_T4,5,7.25,2.75,center,10,ITH41,NA,NA,HCC
ITH_41_T5,18437,ITH_41_T5,5,9.5,0.5,edge,10,ITH41,NA,NA,HCC
ITH_43_T1,17900,ITH_43_T1,7,0.5,1,edge,14,ITH43,NA,NA,HCC
ITH_43_T4,17542,ITH_43_T4,7,3.5,4,center,14,ITH43,NA,NA,HCC
ITH_43_T7,18110,ITH_43_T7,7,6.5,7,center,14,ITH43,NA,NA,HCC
ITH_43_T10,17226,ITH_43_T10,7,9.5,4,center,14,ITH43,NA,NA,HCC
ITH_43_T13,17125,ITH_43_T13,7,12.5,1,edge,14,ITH43,NA,NA,HCC
ITH_45_T3,69845,ITH_45_T3,2.4,2.4,2.4,center,4.8,ITH45,NA,NA,HCC
ITH_45_T4,68515,ITH_45_T4,2.4,3.36,1.44,center,4.8,ITH45,NA,NA,HCC
ITH_45_T5,68607,ITH_45_T5,2.4,4.32,0.48,edge,4.8,ITH45,NA,NA,HCC
ITH_45_T1,3957,ITH_45_T1,2.4,0.48,0.48,edge,4.8,ITH45,NA,NA,HCC
ITH_45_T2,70800,ITH_45_T2,2.4,1.44,1.44,center,4.8,ITH45,NA,NA,HCC
ITH_50_T1,17696,ITH_50_T1,3.5,0.5,0.5,edge,7,ITH50,NA,NA,HCC
ITH_50_T2,17183,ITH_50_T2,3.5,2,2,center,7,ITH50,NA,NA,HCC
ITH_50_T3,17078,ITH_50_T3,3.5,3.5,3.5,center,7,ITH50,NA,NA,HCC
ITH_50_T4,16977,ITH_50_T4,3.5,5,2,center,7,ITH50,NA,NA,HCC
ITH_50_T5,17956,ITH_50_T5,3.5,6.5,0.5,edge,7,ITH50,NA,NA,HCC
ITH_51_T1,21202,ITH_51_T1,4.75,0.5,0.5,edge,9.5,ITH51,NA,NA,HCC
ITH_51_T2,19141,ITH_51_T2,4.75,2.625,2.625,center,9.5,ITH51,NA,NA,HCC
ITH_51_T3,25578,ITH_51_T3,4.75,4.75,4.75,center,9.5,ITH51,NA,NA,HCC
ITH_51_T4,24453,ITH_51_T4,4.75,6.875,2.625,center,9.5,ITH51,NA,NA,HCC
ITH_51_T5,23887,ITH_51_T5,4.75,9,0.5,edge,9.5,ITH51,NA,NA,HCC
ITH_52_T1,19052,ITH_52_T1,6.5,0.5,0.5,edge,13,ITH52,NA,NA,HCC
ITH_52_T2,17946,ITH_52_T2,6.5,3.5,3.5,center,13,ITH52,NA,NA,HCC
ITH_52_T3,19172,ITH_52_T3,6.5,6.5,6.5,center,13,ITH52,NA,NA,HCC
ITH_52_T4,19155,ITH_52_T4,6.5,9.5,3.5,center,13,ITH52,NA,NA,HCC
ITH_52_T5,18493,ITH_52_T5,6.5,12.5,0.5,edge,13,ITH52,NA,NA,HCC
ITH_55_T1,12448,ITH_55_T1,2.75,0.5,0.5,edge,5.5,ITH55,NA,NA,HCC
ITH_55_T2,13473,ITH_55_T2,2.75,1.625,1.625,center,5.5,ITH55,NA,NA,HCC
ITH_55_T3,14552,ITH_55_T3,2.75,2.75,2.75,center,5.5,ITH55,NA,NA,HCC
ITH_55_T4,14773,ITH_55_T4,2.75,3.875,1.625,center,5.5,ITH55,NA,NA,HCC
ITH_55_T5,8497,ITH_55_T5,2.75,5,0.5,edge,5.5,ITH55,NA,NA,HCC
ITH_63_T1,37144,ITH_63_T1,3.75,0.5,0.5,edge,7.5,ITH63,NA,NA,HCC
ITH_63_T2,36645,ITH_63_T2,3.75,2.125,2.125,center,7.5,ITH63,NA,NA,HCC
ITH_63_T3,36658,ITH_63_T3,3.75,3.75,3.75,center,7.5,ITH63,NA,NA,HCC
ITH_63_T4,35021,ITH_63_T4,3.75,5.375,2.125,center,7.5,ITH63,NA,NA,HCC
ITH_63_T5,36293,ITH_63_T5,3.75,7,0.5,edge,7.5,ITH63,NA,NA,HCC
ITH_66_T1,20709,ITH_66_T1,7.5,0.5,0.5,edge,15,ITH66,NA,NA,HCC
ITH_66_T2,20276,ITH_66_T2,7.5,4,4,center,15,ITH66,NA,NA,HCC
ITH_66_T3,20707,ITH_66_T3,7.5,7.5,7.5,center,15,ITH66,NA,NA,HCC
ITH_66_T4,20241,ITH_66_T4,7.5,11,4,center,15,ITH66,NA,NA,HCC
ITH_66_T5,20001,ITH_66_T5,7.5,14.5,0.5,edge,15,ITH66,NA,NA,HCC
ITH_67_T1,31461,ITH_67_T1,3.1,0.5,0.5,edge,6.2,ITH67,NA,NA,HCC
ITH_67_T2,30743,ITH_67_T2,3.1,1.8,1.8,center,6.2,ITH67,NA,NA,HCC
ITH_67_T3,29270,ITH_67_T3,3.1,3.1,3.1,center,6.2,ITH67,NA,NA,HCC
ITH_67_T4,30547,ITH_67_T4,3.1,4.4,1.8,center,6.2,ITH67,NA,NA,HCC
ITH_67_T5,29940,ITH_67_T5,3.1,5.7,0.5,edge,6.2,ITH67,NA,NA,HCC
ITH_69_T1,25895,ITH_69_T1,4,0.5,0.5,edge,8,ITH69,NA,NA,HCC
ITH_69_T2,27046,ITH_69_T2,4,2.25,2.25,center,8,ITH69,NA,NA,HCC
ITH_69_T3,26273,ITH_69_T3,4,4,4,center,8,ITH69,NA,NA,HCC
ITH_69_T4,28060,ITH_69_T4,4,5.75,2.25,center,8,ITH69,NA,NA,HCC
ITH_69_T5,25136,ITH_69_T5,4,7.5,0.5,edge,8,ITH69,NA,NA,HCC
ITH_72_T1,15177,ITH_72_T1,4.25,0.5,0.5,edge,8.5,ITH72,NA,NA,HCC
ITH_72_T2,15009,ITH_72_T2,4.25,2.375,2.375,center,8.5,ITH72,NA,NA,HCC
ITH_72_T3,14785,ITH_72_T3,4.25,4.25,4.25,center,8.5,ITH72,NA,NA,HCC
ITH_72_T4,15089,ITH_72_T4,4.25,6.125,2.375,center,8.5,ITH72,NA,NA,HCC
ITH_72_T5,15094,ITH_72_T5,4.25,8,0.5,edge,8.5,ITH72,NA,NA,HCC
ITH_75_T1,27649,ITH_75_T1,4.75,0.5,0.5,edge,9.5,ITH75,NA,NA,HCC
ITH_75_T2,28317,ITH_75_T2,4.75,2.625,2.625,center,9.5,ITH75,NA,NA,HCC
ITH_75_T3,26853,ITH_75_T3,4.75,4.75,4.75,center,9.5,ITH75,NA,NA,HCC
ITH_75_T4,26192,ITH_75_T4,4.75,6.875,2.625,center,9.5,ITH75,NA,NA,HCC
ITH_75_T5,27251,ITH_75_T5,4.75,9,0.5,edge,9.5,ITH75,NA,NA,HCC
ITH_76_T1,27345,ITH_76_T1,4.25,0.5,0.5,edge,8.5,ITH76,NA,NA,HCC
ITH_76_T2,27075,ITH_76_T2,4.25,2.375,2.375,center,8.5,ITH76,NA,NA,HCC
ITH_76_T3,26365,ITH_76_T3,4.25,4.25,4.25,center,8.5,ITH76,NA,NA,HCC
ITH_76_T4,16697,ITH_76_T4,4.25,6.125,2.375,center,8.5,ITH76,NA,NA,HCC
ITH_76_T5,25905,ITH_76_T5,4.25,8,0.5,edge,8.5,ITH76,NA,NA,HCC
ITH_77_T5,19496,ITH_77_T5,5.5,10.5,0.5,edge,11,ITH77,NA,NA,HCC
ITH_77_T1,17125,ITH_77_T1,5.5,0.5,0.5,edge,11,ITH77,NA,NA,HCC
ITH_77_T2,17547,ITH_77_T2,5.5,3,3,center,11,ITH77,NA,NA,HCC
ITH_77_T3,16934,ITH_77_T3,5.5,5.5,5.5,center,11,ITH77,NA,NA,HCC
ITH_77_T4,19178,ITH_77_T4,5.5,8,3,center,11,ITH77,NA,NA,HCC
ITH_80_T1,24448,ITH_80_T1,12,0.5,0.5,edge,24,ITH80,NA,NA,HCC
ITH_80_T2,24132,ITH_80_T2,12,6.25,6.25,center,24,ITH80,NA,NA,HCC
ITH_80_T3,24420,ITH_80_T3,12,12,12,center,24,ITH80,NA,NA,HCC
ITH_80_T4,24320,ITH_80_T4,12,17.75,6.25,center,24,ITH80,NA,NA,HCC
ITH_80_T5,24967,ITH_80_T5,12,23.5,0.5,edge,24,ITH80,NA,NA,HCC
ITH_82_T1,18859,ITH_82_T1,7,0.5,0.5,edge,14,ITH82,NA,NA,HCC
ITH_82_T2,18134,ITH_82_T2,7,3.75,3.75,center,14,ITH82,NA,NA,HCC
ITH_82_T3,9247,ITH_82_T3,7,7,7,center,14,ITH82,NA,NA,HCC
ITH_82_T4,111794,ITH_82_T4,7,10.25,3.75,center,14,ITH82,NA,NA,HCC
ITH_82_T5,18005,ITH_82_T5,7,13.5,0.5,edge,14,ITH82,NA,NA,HCC
ITH_83_T1,30572,ITH_83_T1,6.1,0.5,0.5,edge,12.2,ITH83,NA,NA,HCC
ITH_83_T2,28506,ITH_83_T2,6.1,3.3,3.3,center,12.2,ITH83,NA,NA,HCC
ITH_83_T3,195177,ITH_83_T3,6.1,6.1,6.1,center,12.2,ITH83,NA,NA,HCC
ITH_83_T4,42807,ITH_83_T4,6.1,8.9,3.3,center,12.2,ITH83,NA,NA,HCC
ITH_83_T5,71214,ITH_83_T5,6.1,11.7,0.5,edge,12.2,ITH83,NA,NA,HCC
ITH_84_T1,9135,ITH_84_T1,5.6,0.5,0.5,edge,11.2,ITH84,NA,NA,HCC
ITH_84_T2,128268,ITH_84_T2,5.6,3.05,3.05,center,11.2,ITH84,NA,NA,HCC
ITH_84_T3,123508,ITH_84_T3,5.6,5.6,5.6,center,11.2,ITH84,NA,NA,HCC
ITH_84_T4,141174,ITH_84_T4,5.6,8.15,3.05,center,11.2,ITH84,NA,NA,HCC
ITH_84_T5,142397,ITH_84_T5,5.6,10.7,0.5,edge,11.2,ITH84,NA,NA,HCC
ITH_86_T1,14292,ITH_86_T1,3,0.5,0.5,edge,6,ITH86,NA,NA,HCC
ITH_86_T2,15090,ITH_86_T2,3,1.75,1.75,center,6,ITH86,NA,NA,HCC
ITH_86_T3,15445,ITH_86_T3,3,3,3,center,6,ITH86,NA,NA,HCC
ITH_86_T4,15594,ITH_86_T4,3,4.25,1.75,center,6,ITH86,NA,NA,HCC
ITH_86_T5,16436,ITH_86_T5,3,5.5,0.5,edge,6,ITH86,NA,NA,HCC
ITH_87_T1,21021,ITH_87_T1,3.5,0.5,0.5,edge,7,ITH87,NA,NA,HCC
ITH_87_T2,21076,ITH_87_T2,3.5,2,2,center,7,ITH87,NA,NA,HCC
ITH_87_T3,9831,ITH_87_T3,3.5,3.5,3.5,center,7,ITH87,NA,NA,HCC
ITH_87_T4,19151,ITH_87_T4,3.5,5,2,center,7,ITH87,NA,NA,HCC
ITH_87_T5,21958,ITH_87_T5,3.5,6.5,0.5,edge,7,ITH87,NA,NA,HCC
ITH_90_T1,15671,ITH_90_T1,4,0.5,0.5,edge,8,ITH90,NA,NA,HCC
ITH_90_T2,15099,ITH_90_T2,4,2.25,2.25,center,8,ITH90,NA,NA,HCC
ITH_90_T3,15311,ITH_90_T3,4,4,4,center,8,ITH90,NA,NA,HCC
ITH_90_T4,14856,ITH_90_T4,4,5.75,2.25,center,8,ITH90,NA,NA,HCC
ITH_90_T5,10132,ITH_90_T5,4,7.5,0.5,edge,8,ITH90,NA,NA,HCC
ITH_91_T1,18741,ITH_91_T1,5.5,0.5,0.5,edge,11,ITH91,NA,NA,HCC
ITH_91_T2,17188,ITH_91_T2,5.5,3,3,center,11,ITH91,NA,NA,HCC
ITH_91_T3,17903,ITH_91_T3,5.5,5.5,5.5,center,11,ITH91,NA,NA,HCC
ITH_91_T4,18131,ITH_91_T4,5.5,8,3,center,11,ITH91,NA,NA,HCC
ITH_91_T5,17818,ITH_91_T5,5.5,10.5,0.5,edge,11,ITH91,NA,NA,HCC
ITH_96_T1,20854,ITH_96_T1,2.25,0.45,0.45,edge,4.5,ITH96,NA,NA,HCC
ITH_96_T2,19292,ITH_96_T2,2.25,1.35,1.35,center,4.5,ITH96,NA,NA,HCC
ITH_96_T3,15660,ITH_96_T3,2.25,2.25,2.25,center,4.5,ITH96,NA,NA,HCC
ITH_96_T4,15153,ITH_96_T4,2.25,3.15,1.35,center,4.5,ITH96,NA,NA,HCC
ITH_96_T5,17368,ITH_96_T5,2.25,4.05,0.45,edge,4.5,ITH96,NA,NA,HCC
ITH_97_T1,14522,ITH_97_T1,3.5,0.5,0.5,edge,7,ITH97,NA,NA,HCC
ITH_97_T3,14167,ITH_97_T3,3.5,3.5,3.5,center,7,ITH97,NA,NA,HCC
ITH_97_T4,13957,ITH_97_T4,3.5,5,2,center,7,ITH97,NA,NA,HCC
ITH_97_T5,14396,ITH_97_T5,3.5,6.5,0.5,edge,7,ITH97,NA,NA,HCC
ITH_97_T2,14367,ITH_97_T2,3.5,2,2,center,7,ITH97,NA,NA,HCC
ITH_98_T1,21351,ITH_98_T1,3.2,0.5,0.5,edge,6.4,ITH98,NA,NA,HCC
ITH_98_T2,21285,ITH_98_T2,3.2,1.85,1.85,center,6.4,ITH98,NA,NA,HCC
ITH_98_T3,20920,ITH_98_T3,3.2,3.2,3.2,center,6.4,ITH98,NA,NA,HCC
ITH_98_T4,20761,ITH_98_T4,3.2,4.55,1.85,center,6.4,ITH98,NA,NA,HCC
ITH_98_T5,20717,ITH_98_T5,3.2,5.9,0.5,edge,6.4,ITH98,NA,NA,HCC
1_AD,863,AD,136.7171871,-446.5117026,43.85319338,edge,726.5271732,1,NA,NA,GOA
1_AQ,707,AQ,329.4791935,-537.0305698,97.88977913,edge,726.5271732,1,NA,NA,GOA
1_AW,939,AW,220.3326929,-624.2221178,100.3691357,edge,726.5271732,1,NA,NA,GOA
1_BH,907,BH,272.0712974,-779.5448713,28.26991888,edge,726.5271732,1,NA,NA,GOA
1_F,844,F,253.9975054,-155.836228,48.53201778,edge,726.5271732,1,NA,NA,GOA
1_U,913,U,220.3326929,-314.5533598,106.4531777,edge,726.5271732,1,NA,NA,GOA
1_Z,799,Z,417.6336722,-355.2658436,31.24970931,edge,726.5271732,1,NA,NA,GOA
2_AE,1494,AE,278.3457883,-609.6894544,65.98995452,edge,562.9291046,2,NA,NA,GOA
2_E,1578,E,136.7171871,-225.8368607,57.54680844,edge,562.9291046,2,NA,NA,GOA
2_N,1516,N,366.500267,-288.9866572,99.83107272,edge,562.9291046,2,NA,NA,GOA
2_P,1584,P,105.7638638,-346.2755826,41.25455689,edge,562.9291046,2,NA,NA,GOA
2_S,1508,S,394.0088107,-360.5216225,75.44090384,edge,562.9291046,2,NA,NA,GOA
2_T,1571,T,150.2975643,-410.3633158,85.78827264,edge,562.9291046,2,NA,NA,GOA
2_Y,1765,Y,258.2830315,-483.6872928,178.1468328,center,562.9291046,2,NA,NA,GOA
3_B,2384,B,320.6544559,-251.4035633,33.38941146,edge,515.0122364,3,NA,NA,GOA
3_G,2414,G,159.2630207,-361.5924906,41.3744133,edge,515.0122364,3,NA,NA,GOA
3_H,2286,H,354.1389554,-387.1591932,129.7023372,center,515.0122364,3,NA,NA,GOA
3_N,2605,N,437.4287661,-445.7518424,52.61514829,edge,515.0122364,3,NA,NA,GOA
3_P,2774,P,215.2022046,-489.7667325,83.67085028,edge,515.0122364,3,NA,NA,GOA
3_T,2254,T,310.654799,-559.5133693,135.5124587,center,515.0122364,3,NA,NA,GOA
3_Y,2099,Y,386.2953609,-639.9596704,29.6080925,edge,515.0122364,3,NA,NA,GOA
4_AB,1071,AB,364.6404114,-489.7667325,100.5468381,edge,549.0694156,4,NA,NA,GOA
4_AC,1221,AC,232.085477,-563.3592529,71.8688032,edge,549.0694156,4,NA,NA,GOA
4_AF,1262,AF,297.638,-630.5251092,40.5949059,edge,549.0694156,4,NA,NA,GOA
4_M,1107,M,272.0712974,-255.4824904,85.0705481,edge,549.0694156,4,NA,NA,GOA
4_Q,1118,Q,339.0737088,-316.6222836,77.84416943,edge,549.0694156,4,NA,NA,GOA
4_X,1067,X,458.1622836,-429.2876065,50.53694318,edge,549.0694156,4,NA,NA,GOA
4_Z,1238,Z,135.3807181,-494.1638706,48.23182831,edge,549.0694156,4,NA,NA,GOA
P1_1,267,1,288.3882141,-377.4770643,37.19689862,edge,403.0415699,P1,NA,NA,GC
P1_2,202,2,432.2832643,-493.1828698,44.13439363,edge,403.0415699,P1,NA,NA,GC
P1_3,177,3,385.960556,-655.734375,47.96635081,edge,403.0415699,P1,NA,NA,GC
P1_4,155,4,207.9385071,-655.734375,52.4284421,edge,403.0415699,P1,NA,NA,GC
P1_5,224,5,164.4706556,-482.2050781,57.28303011,edge,403.0415699,P1,NA,NA,GC
P1_6,206,6,290.9324646,-514.9167956,174.6365765,center,403.0415699,P1,NA,NA,GC
ESCC001_T1,79,T1,346.0065491,-314.8519446,43.28273006,edge,459.2932983,ESCC001,NA,NA,esophageal_cancer
ESCC001_T2,72,T2,471.0438623,-466.0803787,47.94930257,edge,459.2932983,ESCC001,NA,NA,esophageal_cancer
ESCC001_T3,79,T3,347.2177344,-637.5537109,26.62933907,edge,459.2932983,ESCC001,NA,NA,esophageal_cancer
ESCC001_T4,79,T4,147.800576,-461.9652832,29.43673888,edge,459.2932983,ESCC001,NA,NA,esophageal_cancer
ESCC001_T5,76,T5,325.4838087,-461.9652832,184.9179114,center,459.2932983,ESCC001,NA,NA,esophageal_cancer
ESCC002_T1,124,T1,346.0065491,-314.8519446,43.28273006,edge,459.2932983,ESCC002,NA,NA,esophageal_cancer
ESCC002_T2,166,T2,471.0438623,-466.0803787,47.94930257,edge,459.2932983,ESCC002,NA,NA,esophageal_cancer
ESCC002_T3,118,T3,347.2177344,-637.5537109,26.62933907,edge,459.2932983,ESCC002,NA,NA,esophageal_cancer
ESCC002_T4,139,T4,147.800576,-461.9652832,29.43673888,edge,459.2932983,ESCC002,NA,NA,esophageal_cancer
ESCC002_T5,122,T5,325.4838087,-461.9652832,184.9179114,center,459.2932983,ESCC002,NA,NA,esophageal_cancer
ESCC005_T1,224,T1,346.0065491,-314.8519446,43.28273006,edge,459.2932983,ESCC005,NA,NA,esophageal_cancer
ESCC005_T2,186,T2,471.0438623,-466.0803787,47.94930257,edge,459.2932983,ESCC005,NA,NA,esophageal_cancer
ESCC005_T3,240,T3,347.2177344,-637.5537109,26.62933907,edge,459.2932983,ESCC005,NA,NA,esophageal_cancer
ESCC005_T4,160,T4,147.800576,-461.9652832,29.43673888,edge,459.2932983,ESCC005,NA,NA,esophageal_cancer
ESCC005_T5,169,T5,325.4838087,-461.9652832,184.9179114,center,459.2932983,ESCC005,NA,NA,esophageal_cancer
ESCC007_T1,81,T1,346.0065491,-314.8519446,43.28273006,edge,459.2932983,ESCC007,NA,NA,esophageal_cancer
ESCC007_T2,78,T2,471.0438623,-466.0803787,47.94930257,edge,459.2932983,ESCC007,NA,NA,esophageal_cancer
ESCC007_T3,76,T3,347.2177344,-637.5537109,26.62933907,edge,459.2932983,ESCC007,NA,NA,esophageal_cancer
ESCC007_T4,78,T4,147.800576,-461.9652832,29.43673888,edge,459.2932983,ESCC007,NA,NA,esophageal_cancer
ESCC007_T5,142,T5,325.4838087,-461.9652832,184.9179114,center,459.2932983,ESCC007,NA,NA,esophageal_cancer
ESCC008_T1,28,T1,346.0065491,-314.8519446,43.28273006,edge,459.2932983,ESCC008,NA,NA,esophageal_cancer
ESCC008_T2,58,T2,471.0438623,-466.0803787,47.94930257,edge,459.2932983,ESCC008,NA,NA,esophageal_cancer
ESCC008_T3,57,T3,347.2177344,-637.5537109,26.62933907,edge,459.2932983,ESCC008,NA,NA,esophageal_cancer
ESCC008_T4,30,T4,147.800576,-461.9652832,29.43673888,edge,459.2932983,ESCC008,NA,NA,esophageal_cancer
ESCC008_T5,51,T5,325.4838087,-461.9652832,184.9179114,center,459.2932983,ESCC008,NA,NA,esophageal_cancer
ESCC009_T1,119,T1,346.0065491,-314.8519446,43.28273006,edge,459.2932983,ESCC009,NA,NA,esophageal_cancer
ESCC009_T2,130,T2,471.0438623,-466.0803787,47.94930257,edge,459.2932983,ESCC009,NA,NA,esophageal_cancer
ESCC009_T3,159,T3,347.2177344,-637.5537109,26.62933907,edge,459.2932983,ESCC009,NA,NA,esophageal_cancer
ESCC009_T4,164,T4,147.800576,-461.9652832,29.43673888,edge,459.2932983,ESCC009,NA,NA,esophageal_cancer
ESCC009_T5,147,T5,325.4838087,-461.9652832,184.9179114,center,459.2932983,ESCC009,NA,NA,esophageal_cancer
ESCC015_T1,359,T1,346.0065491,-314.8519446,43.28273006,edge,459.2932983,ESCC015,NA,NA,esophageal_cancer
ESCC015_T2,374,T2,471.0438623,-466.0803787,47.94930257,edge,459.2932983,ESCC015,NA,NA,esophageal_cancer
ESCC015_T3,392,T3,347.2177344,-637.5537109,26.62933907,edge,459.2932983,ESCC015,NA,NA,esophageal_cancer
ESCC015_T4,356,T4,147.800576,-461.9652832,29.43673888,edge,459.2932983,ESCC015,NA,NA,esophageal_cancer
ESCC015_T5,353,T5,325.4838087,-461.9652832,184.9179114,center,459.2932983,ESCC015,NA,NA,esophageal_cancer
ESCC016_T1,135,T1,346.0065491,-314.8519446,43.28273006,edge,459.2932983,ESCC016,NA,NA,esophageal_cancer
ESCC016_T2,122,T2,471.0438623,-466.0803787,47.94930257,edge,459.2932983,ESCC016,NA,NA,esophageal_cancer
ESCC016_T3,124,T3,347.2177344,-637.5537109,26.62933907,edge,459.2932983,ESCC016,NA,NA,esophageal_cancer
ESCC016_T4,124,T4,147.800576,-461.9652832,29.43673888,edge,459.2932983,ESCC016,NA,NA,esophageal_cancer
ESCC016_T5,129,T5,325.4838087,-461.9652832,184.9179114,center,459.2932983,ESCC016,NA,NA,esophageal_cancer
ESCC019_N_T1,106,T1,346.0065491,-314.8519446,43.28273006,edge,459.2932983,ESCC019_N,NA,NA,esophageal_cancer
ESCC019_N_T2,90,T2,471.0438623,-466.0803787,47.94930257,edge,459.2932983,ESCC019_N,NA,NA,esophageal_cancer
ESCC019_N_T3,86,T3,347.2177344,-637.5537109,26.62933907,edge,459.2932983,ESCC019_N,NA,NA,esophageal_cancer
ESCC019_N_T4,107,T4,147.800576,-461.9652832,29.43673888,edge,459.2932983,ESCC019_N,NA,NA,esophageal_cancer
ESCC019_N_T5,88,T5,325.4838087,-461.9652832,184.9179114,center,459.2932983,ESCC019_N,NA,NA,esophageal_cancer
ESCC019_T1,106,T1,346.0065491,-314.8519446,43.28273006,edge,459.2932983,ESCC019,NA,NA,esophageal_cancer
ESCC019_T2,90,T2,471.0438623,-466.0803787,47.94930257,edge,459.2932983,ESCC019,NA,NA,esophageal_cancer
ESCC019_T3,86,T3,347.2177344,-637.5537109,26.62933907,edge,459.2932983,ESCC019,NA,NA,esophageal_cancer
ESCC019_T4,107,T4,147.800576,-461.9652832,29.43673888,edge,459.2932983,ESCC019,NA,NA,esophageal_cancer
ESCC019_T5,88,T5,325.4838087,-461.9652832,184.9179114,center,459.2932983,ESCC019,NA,NA,esophageal_cancer
ESCC023_T1,152,T1,346.0065491,-314.8519446,43.28273006,edge,459.2932983,ESCC023,NA,NA,esophageal_cancer
ESCC023_T2,133,T2,471.0438623,-466.0803787,47.94930257,edge,459.2932983,ESCC023,NA,NA,esophageal_cancer
ESCC023_T3,162,T3,347.2177344,-637.5537109,26.62933907,edge,459.2932983,ESCC023,NA,NA,esophageal_cancer
ESCC023_T4,138,T4,147.800576,-461.9652832,29.43673888,edge,459.2932983,ESCC023,NA,NA,esophageal_cancer
ESCC023_T5,135,T5,325.4838087,-461.9652832,184.9179114,center,459.2932983,ESCC023,NA,NA,esophageal_cancer
ESCC030_T1,110,T1,346.0065491,-314.8519446,43.28273006,edge,459.2932983,ESCC030,NA,NA,esophageal_cancer
ESCC030_T2,108,T2,471.0438623,-466.0803787,47.94930257,edge,459.2932983,ESCC030,NA,NA,esophageal_cancer
ESCC030_T3,89,T3,347.2177344,-637.5537109,26.62933907,edge,459.2932983,ESCC030,NA,NA,esophageal_cancer
ESCC030_T4,98,T4,147.800576,-461.9652832,29.43673888,edge,459.2932983,ESCC030,NA,NA,esophageal_cancer
ESCC030_T5,100,T5,325.4838087,-461.9652832,184.9179114,center,459.2932983,ESCC030,NA,NA,esophageal_cancer
ESCC034_N_T1,181,T1,346.0065491,-314.8519446,43.28273006,edge,459.2932983,ESCC034_N,NA,NA,esophageal_cancer
ESCC034_N_T2,240,T2,471.0438623,-466.0803787,47.94930257,edge,459.2932983,ESCC034_N,NA,NA,esophageal_cancer
ESCC034_N_T3,182,T3,347.2177344,-637.5537109,26.62933907,edge,459.2932983,ESCC034_N,NA,NA,esophageal_cancer
ESCC034_N_T4,188,T4,147.800576,-461.9652832,29.43673888,edge,459.2932983,ESCC034_N,NA,NA,esophageal_cancer
ESCC034_N_T5,182,T5,325.4838087,-461.9652832,184.9179114,center,459.2932983,ESCC034_N,NA,NA,esophageal_cancer
ESCC034_T1,181,T1,346.0065491,-314.8519446,43.28273006,edge,459.2932983,ESCC034,NA,NA,esophageal_cancer
ESCC034_T2,241,T2,471.0438623,-466.0803787,47.94930257,edge,459.2932983,ESCC034,NA,NA,esophageal_cancer
ESCC034_T3,182,T3,347.2177344,-637.5537109,26.62933907,edge,459.2932983,ESCC034,NA,NA,esophageal_cancer
ESCC034_T4,188,T4,147.800576,-461.9652832,29.43673888,edge,459.2932983,ESCC034,NA,NA,esophageal_cancer
ESCC034_T5,182,T5,325.4838087,-461.9652832,184.9179114,center,459.2932983,ESCC034,NA,NA,esophageal_cancer
ESCC035_N_T1,0,T1,346.0065491,-314.8519446,43.28273006,edge,459.2932983,ESCC035_N,NA,NA,esophageal_cancer
ESCC035_N_T2,1,T2,471.0438623,-466.0803787,47.94930257,edge,459.2932983,ESCC035_N,NA,NA,esophageal_cancer
ESCC035_N_T3,0,T3,347.2177344,-637.5537109,26.62933907,edge,459.2932983,ESCC035_N,NA,NA,esophageal_cancer
ESCC035_N_T4,0,T4,147.800576,-461.9652832,29.43673888,edge,459.2932983,ESCC035_N,NA,NA,esophageal_cancer
ESCC035_N_T5,0,T5,325.4838087,-461.9652832,184.9179114,center,459.2932983,ESCC035_N,NA,NA,esophageal_cancer
ESCC042_T1,50,T1,346.0065491,-314.8519446,43.28273006,edge,459.2932983,ESCC042,NA,NA,esophageal_cancer
ESCC042_T2,52,T2,471.0438623,-466.0803787,47.94930257,edge,459.2932983,ESCC042,NA,NA,esophageal_cancer
ESCC042_T3,57,T3,347.2177344,-637.5537109,26.62933907,edge,459.2932983,ESCC042,NA,NA,esophageal_cancer
ESCC042_T4,41,T4,147.800576,-461.9652832,29.43673888,edge,459.2932983,ESCC042,NA,NA,esophageal_cancer
ESCC042_T5,35,T5,325.4838087,-461.9652832,184.9179114,center,459.2932983,ESCC042,NA,NA,esophageal_cancer
ESCC045_T1,269,T1,346.0065491,-314.8519446,43.28273006,edge,459.2932983,ESCC045,NA,NA,esophageal_cancer
ESCC045_T2,239,T2,471.0438623,-466.0803787,47.94930257,edge,459.2932983,ESCC045,NA,NA,esophageal_cancer
ESCC045_T3,281,T3,347.2177344,-637.5537109,26.62933907,edge,459.2932983,ESCC045,NA,NA,esophageal_cancer
ESCC045_T4,224,T4,147.800576,-461.9652832,29.43673888,edge,459.2932983,ESCC045,NA,NA,esophageal_cancer
ESCC045_T5,258,T5,325.4838087,-461.9652832,184.9179114,center,459.2932983,ESCC045,NA,NA,esophageal_cancer
01_1C,124,1C,376.8422893,-323.5634925,48.78099359,edge,385.8967498,1,NA,NA,CRC
01_2A,147,2A,376.8422893,-492.7579651,37.89179718,edge,385.8967498,1,NA,NA,CRC
01_2C,151,2C,376.8422893,-410.3706055,64.09276973,edge,385.8967498,1,NA,NA,CRC
01_3C,137,3C,224.9988601,-353.3229306,58.09795473,edge,385.8967498,1,NA,NA,CRC
01_4C,120,4C,227.6496992,-467.1912625,70.01407721,edge,385.8967498,1,NA,NA,CRC
03_1A,182,1A,238.1946933,-272.4300874,35.51922226,edge,436.2211186,3,NA,NA,CRC
03_2A,196,2A,238.1946933,-362.224021,87.73603067,edge,436.2211186,3,NA,NA,CRC
03_3A,196,3A,238.1946933,-452.0179546,82.65793795,edge,436.2211186,3,NA,NA,CRC
03_4A,182,4A,238.1946933,-541.8118883,49.50487351,edge,436.2211186,3,NA,NA,CRC
05_1C,136,1C,368.4361146,-376.1485611,36.09520479,edge,533.5559662,5,NA,NA,CRC
05_2C,195,2C,303.1951957,-466.5110466,43.58717374,edge,533.5559662,5,NA,NA,CRC
05_3C,201,3C,368.4361146,-184.1909147,38.72170784,edge,533.5559662,5,NA,NA,CRC
05_4C,150,4C,277.6284931,-262.2813398,65.02781644,edge,533.5559662,5,NA,NA,CRC
06_1A,102,1A,241.8452618,-442.9633849,30.19555184,edge,302.0479647,6,NA,NA,CRC
06_2A,92,2A,277.6284931,-391.8299797,52.68080061,edge,302.0479647,6,NA,NA,CRC
06_3A,109,3A,310.5021584,-344.7403376,92.90504905,center,302.0479647,6,NA,NA,CRC
06_3C,104,3C,342.869412,-293.6069324,57.64259731,edge,302.0479647,6,NA,NA,CRC
06_4A,88,4A,379.7855213,-254.7430744,28.3200369,edge,302.0479647,6,NA,NA,CRC
08_1A,130,1A,252.0617905,-238.5034672,25.56670407,edge,380.5852461,8,NA,NA,CRC
08_2A,143,2A,252.0617905,-289.6368724,45.12949179,edge,380.5852461,8,NA,NA,CRC
08_3A,132,3A,252.0617905,-340.7334261,85.21434474,edge,380.5852461,8,NA,NA,CRC
08_4A,154,4A,252.0617905,-442.9633849,60.00671867,edge,380.5852461,8,NA,NA,CRC
08_4C,135,4C,252.0617905,-391.8299797,78.49434798,edge,380.5852461,8,NA,NA,CRC
08_5A,117,5A,252.0617905,-490.0461413,30.56357302,edge,380.5852461,8,NA,NA,CRC
10_21A,127,21A,215.9076753,-596.2898975,25.16569087,edge,449.00827,10,NA,NA,CRC
10_22A,126,22A,273.8285522,-583.7122281,81.17594236,edge,449.00827,10,NA,NA,CRC
10_23A,126,23A,329.9712954,-565.2376187,110.5643742,edge,449.00827,10,NA,NA,CRC
10_24A,132,24A,381.1047005,-545.1564923,76.52755831,edge,449.00827,10,NA,NA,CRC
10_25A,129,25A,432.2381057,-524.8672397,31.17750891,edge,449.00827,10,NA,NA,CRC
12_1A,155,1A,442.200156,-473.7338345,32.97277365,edge,396.3225797,12,NA,NA,CRC
12_2A,157,2A,392.0943664,-499.3005371,57.97656185,edge,396.3225797,12,NA,NA,CRC
12_2C,177,2C,347.9006375,-524.8672397,59.34067994,edge,396.3225797,12,NA,NA,CRC
12_3C,175,3C,305.5745914,-548.2355435,66.94416499,edge,396.3225797,12,NA,NA,CRC
12_4A,81,4A,256.6054119,-573.8022461,45.98220162,edge,396.3225797,12,NA,NA,CRC
12_4C,184,4C,209.5040462,-599.3689487,35.14521068,edge,396.3225797,12,NA,NA,CRC
12_5C,182,5C,161.8565538,-621.8566001,25.37262806,edge,396.3225797,12,NA,NA,CRC
13_1A,206,1A,417.661069,-347.2057026,49.9825655,edge,594.9094605,13,NA,NA,CRC
13_2A,230,2A,360.4016733,-390.4701091,121.3220409,edge,594.9094605,13,NA,NA,CRC
13_3A,188,3A,297.638,-432.8007074,197.01991,center,594.9094605,13,NA,NA,CRC
13_4A,221,4A,237.5733176,-483.9341125,149.8286346,center,594.9094605,13,NA,NA,CRC
13_5A,177,5A,171.1972134,-532.0026333,79.01627697,edge,594.9094605,13,NA,NA,CRC
13_6A,180,6A,106.7753317,-573.8022461,31.92260232,edge,594.9094605,13,NA,NA,CRC
15_1A,143,1A,145.7630259,-548.2080078,31.46180486,edge,472.4946847,15,NA,NA,CRC
15_2A,115,2A,200.7002313,-538.8732605,73.70600031,edge,472.4946847,15,NA,NA,CRC
15_3A,211,3A,312.0377545,-525.6170654,113.9199435,edge,472.4946847,15,NA,NA,CRC
15_3C,124,3C,255.6374368,-532.0908813,116.7439723,edge,472.4946847,15,NA,NA,CRC
15_4A,135,4A,368.9280705,-515.9749057,72.88818127,edge,472.4946847,15,NA,NA,CRC
15_5A,135,5A,424.8678647,-509.5008151,48.77308428,edge,472.4946847,15,NA,NA,CRC
15_6A,143,6A,479.6806281,-501.5472419,24.4257736,edge,472.4946847,15,NA,NA,CRC
16_1A,191,1A,308.7133167,-339.3367039,31.33798763,edge,302.8496358,16,NA,NA,CRC
16_2A,178,2A,308.7133167,-404.952675,78.08190326,center,302.8496358,16,NA,NA,CRC
16_3A,158,3A,308.7133167,-464.8412259,42.93033779,edge,302.8496358,16,NA,NA,CRC
16_4A,193,4A,308.7133167,-524.7297767,32.59245264,edge,302.8496358,16,NA,NA,CRC
P2_C2,86,C2,99.62329985,-464.9618733,45.87347557,edge,510.4877533,P2,NA,NA,CRC
P2_D2,84,D2,190.7850506,-388.2617655,92.01733838,edge,510.4877533,P2,NA,NA,CRC
P2_D3,81,D3,187.8505923,-516.0952785,66.35774562,edge,510.4877533,P2,NA,NA,CRC
P2_E2,85,E2,276.1322653,-290.4004788,69.15495025,edge,510.4877533,P2,NA,NA,CRC
P2_E3,84,E3,297.638,-430.0230319,154.549036,center,510.4877533,P2,NA,NA,CRC
P2_E4,78,E4,293.1981735,-558.9099655,25.59779344,edge,510.4877533,P2,NA,NA,CRC
P2_F2,85,F2,366.500267,-355.2658436,119.6741619,edge,510.4877533,P2,NA,NA,CRC
P2_G3,97,G3,410.2614834,-500.2962277,46.97152683,edge,510.4877533,P2,NA,NA,CRC
P2_I3,88,I3,481.4489834,-402.8621395,42.76973771,edge,510.4877533,P2,NA,NA,CRC
P3_B,221,B,43.90394879,-399.0684018,37.26015094,edge,654.9467453,P3,NA,NA,CRC
P3_C,173,C,91.56536587,-344.6772461,30.53872311,edge,654.9467453,P3,NA,NA,CRC
P3_D,198,D,128.5597537,-550.4688408,57.2690648,edge,654.9467453,P3,NA,NA,CRC
P3_E1,181,E1,169.4779418,-329.6934681,97.26486232,edge,654.9467453,P3,NA,NA,CRC
P3_E3,184,E3,176.8894787,-507.5021716,120.9236702,edge,654.9467453,P3,NA,NA,CRC
P3_F1,209,F1,225.7902603,-359.3314791,159.7490132,edge,654.9467453,P3,NA,NA,CRC
P3_F2,170,F2,230.0545162,-457.9620537,180.1181996,center,654.9467453,P3,NA,NA,CRC
P3_G1,172,G1,269.6273221,-316.7744779,103.5275897,edge,654.9467453,P3,NA,NA,CRC
P3_G2,201,G2,285.4316112,-576.7118398,72.44760704,edge,654.9467453,P3,NA,NA,CRC
P3_H,185,H,306.9149458,-626.1654174,26.59963941,edge,654.9467453,P3,NA,NA,CRC
P3_I,187,I,338.4746246,-555.2285052,66.34610368,edge,654.9467453,P3,NA,NA,CRC
P3_J,178,J,375.4114766,-593.5374545,26.16855207,edge,654.9467453,P3,NA,NA,CRC
P3_M,177,M,349.196902,-356.1017326,100.957241,edge,654.9467453,P3,NA,NA,CRC
P3_O,186,O,409.5647611,-525.6089261,97.34957695,edge,654.9467453,P3,NA,NA,CRC
P3_Q,181,Q,424.4578372,-475.8973213,68.48574301,edge,654.9467453,P3,NA,NA,CRC
P3_R,190,R,444.8327334,-399.0684018,71.65894145,edge,654.9467453,P3,NA,NA,CRC
P3_S,205,S,496.3836412,-383.894043,22.34950731,edge,654.9467453,P3,NA,NA,CRC
P3_po1,184,po1,208.0461818,-191.6388528,14.2665842,edge,654.9467453,P3,NA,NA,CRC
P3_po2,204,po2,466.316068,-256.0888566,78.71620734,edge,654.9467453,P3,NA,NA,CRC
P3_po3,183,po3,460.864836,-618.3220825,59.61941955,edge,654.9467453,P3,NA,NA,CRC
P4_T3,120,T3,347.5625928,-599.1955044,32.89689152,edge,414.6242823,P4,NA,NA,CRC
P4_T4,119,T4,217.2665825,-562.2483425,31.60778657,edge,414.6242823,P4,NA,NA,CRC
P4_T5,94,T5,128.5597537,-420.5517364,36.96054816,edge,414.6242823,P4,NA,NA,CRC
P4_T6,106,T6,204.9213002,-328.7425718,40.11936332,edge,414.6242823,P4,NA,NA,CRC
P4_T8,136,T8,401.631939,-354.015625,39.64388263,edge,414.6242823,P4,NA,NA,CRC
P5_T1,219,T1,463.7545166,-499.788903,38.79229737,edge,480.8477303,P5,NA,NA,CRC
P5_T2,225,T2,305.0117868,-611.0980934,35.93390911,edge,480.8477303,P5,NA,NA,CRC
P5_T3,210,T3,142.7859172,-472.8563815,38.25347345,edge,480.8477303,P5,NA,NA,CRC
P5_T5,211,T5,241.9202271,-288.5252266,64.35216866,edge,480.8477303,P5,NA,NA,CRC
P5_T6,220,T6,241.9202271,-533.374608,46.67801526,edge,480.8477303,P5,NA,NA,CRC
P5_T8,215,T8,434.3202792,-399.4616654,46.66376269,edge,480.8477303,P5,NA,NA,CRC
P6_T1,117,T1,148.6050569,-442.4283346,35.31000487,edge,402.5756593,P6,NA,NA,CRC
P6_T2,116,T2,235.5204343,-384.0107394,39.80173225,edge,402.5756593,P6,NA,NA,CRC
P6_T3,116,T3,357.0323798,-370.1579689,38.02000499,edge,402.5756593,P6,NA,NA,CRC
P6_T6,110,T6,263.4035617,-584.8473167,45.77464869,edge,402.5756593,P6,NA,NA,CRC
P6_T7,114,T7,374.4440128,-600.1451083,32.36338592,edge,402.5756593,P6,NA,NA,CRC
P6_T8,114,T8,434.3202792,-535.2826178,37.46309423,edge,402.5756593,P6,NA,NA,CRC
P7_T1,83,T1,161.7068058,-457.9263583,31.93930674,edge,367.068908,P7,NA,NA,CRC
P7_T2,85,T2,220.4368924,-378.0254059,29.83509934,edge,367.068908,P7,NA,NA,CRC
P7_T4,99,T4,392.9737342,-418.130815,46.09746222,edge,367.068908,P7,NA,NA,CRC
P7_T6,68,T6,250.5563362,-603.8810438,28.60852024,edge,367.068908,P7,NA,NA,CRC
P7_T7,80,T7,371.4903996,-585.9678373,27.46114141,edge,367.068908,P7,NA,NA,CRC
P7_T8,89,T8,443.2615481,-522.6115155,32.8995347,edge,367.068908,P7,NA,NA,CRC
P8_T1,156,T1,140.2234712,-387.5639648,36.58591452,edge,449.1130028,P8,NA,NA,CRC
P8_T3,136,T3,331.7658743,-344.5972956,50.97992586,edge,449.1130028,P8,NA,NA,CRC
P8_T4,142,T4,415.8406525,-403.0619784,36.66530204,edge,449.1130028,P8,NA,NA,CRC
P8_T5,149,T5,167.5139344,-488.9483004,27.29050258,edge,449.1130028,P8,NA,NA,CRC
P8_T6,154,T6,235.0427507,-567.3371852,33.97824521,edge,449.1130028,P8,NA,NA,CRC
P8_T8,140,T8,404.6356506,-488.9483004,33.03861453,edge,449.1130028,P8,NA,NA,CRC
P9_T1,1331,T1,245.36428,-461.5440702,31.3727364,edge,410.7205031,P9,NA,NA,CRC
P9_T2,1507,T2,362.8000126,-420.945,34.49162261,edge,410.7205031,P9,NA,NA,CRC
P9_T3,1454,T3,260.0195734,-576.4842971,45.18702404,edge,410.7205031,P9,NA,NA,CRC
P9_T6,1279,T6,310.2825396,-659.7079731,44.6624247,edge,410.7205031,P9,NA,NA,CRC
P9_T8,1179,T8,474.791883,-557.8806151,24.91568352,edge,410.7205031,P9,NA,NA,CRC
20_1,41,1,427.5760108,-216.7959184,25.47364797,edge,627.9843434,20,NA,NA,Pan-NEC
20_10,50,10,227.546639,-422.0229829,155.7962028,edge,627.9843434,20,NA,NA,Pan-NEC
20_11,31,11,118.8770104,-425.2492223,51.53629107,edge,627.9843434,20,NA,NA,Pan-NEC
20_12,44,12,427.5760108,-532.2827072,67.50581435,edge,627.9843434,20,NA,NA,Pan-NEC
20_13,30,13,328.2198113,-531.9770396,164.8220399,center,627.9843434,20,NA,NA,Pan-NEC
20_14,38,14,227.546639,-539.9462891,154.6347125,edge,627.9843434,20,NA,NA,Pan-NEC
20_15,31,15,119.3897324,-532.2827072,58.08438124,edge,627.9843434,20,NA,NA,Pan-NEC
20_16,42,16,328.2198113,-654.6433558,48.99324813,edge,627.9843434,20,NA,NA,Pan-NEC
20_17,34,17,430.1202621,-654.6433558,46.46731314,edge,627.9843434,20,NA,NA,Pan-NEC
20_18,44,18,227.546639,-654.6433558,57.36796259,edge,627.9843434,20,NA,NA,Pan-NEC
20_19,40,19,119.3897324,-654.6433558,21.73394198,edge,627.9843434,20,NA,NA,Pan-NEC
20_2,42,2,328.2198113,-216.7959184,67.92890211,edge,627.9843434,20,NA,NA,Pan-NEC
20_3,37,3,227.546639,-216.7959184,53.71906416,edge,627.9843434,20,NA,NA,Pan-NEC
20_4,42,4,427.5760108,-319.4094507,72.28407727,edge,627.9843434,20,NA,NA,Pan-NEC
20_5,36,5,328.2198113,-319.4094507,146.0565809,edge,627.9843434,20,NA,NA,Pan-NEC
20_6,45,6,227.546639,-318.6924197,143.7902421,edge,627.9843434,20,NA,NA,Pan-NEC
20_7-1,37,71,118.8770104,-216.7959184,22.78790638,edge,627.9843434,20,NA,NA,Pan-NEC
20_7-2,33,72,118.8770104,-318.6924197,46.83148283,edge,627.9843434,20,NA,NA,Pan-NEC
20_8,47,8,427.5760108,-422.0229829,68.18745606,edge,627.9843434,20,NA,NA,Pan-NEC
20_9,41,9,328.2198113,-422.0229829,165.6995646,center,627.9843434,20,NA,NA,Pan-NEC
P1_P1,96,P1,461.3948886,-464.9618733,75.403283,edge,516.3355837,P1,NA,NA,BLCA
P1_P2,111,P2,111.1504845,-413.8284681,52.89496398,edge,516.3355837,P1,NA,NA,BLCA
P1_P3,112,P3,229.7348549,-404.4563293,38.0500685,edge,516.3355837,P1,NA,NA,BLCA
P1_P4,95,P4,455.7481689,-558.9099655,23.88839391,edge,516.3355837,P1,NA,NA,BLCA
P1_P5,106,P5,136.7171871,-596.1386719,26.52033726,edge,516.3355837,P1,NA,NA,BLCA
P1_P6,109,P6,351.895462,-533.3432629,24.55167562,edge,516.3355837,P1,NA,NA,BLCA
P1_P7,127,P7,481.4489834,-377.2954369,25.17814176,edge,516.3355837,P1,NA,NA,BLCA
P1_P8,110,P8,357.4108794,-380.8325462,25.56688456,edge,516.3355837,P1,NA,NA,BLCA
P1_P9,113,P9,229.7348549,-544.5107422,23.91339503,edge,516.3355837,P1,NA,NA,BLCA
P1_V1,13,V1,510.0074527,-439.3951707,25.81032249,edge,516.3355837,P1,NA,NA,BLCA
P1_V2,105,V2,507.015686,-533.3432629,28.61279007,edge,516.3355837,P1,NA,NA,BLCA
P2_P1,127,P1,222.0748065,-420.9449158,93.68138243,edge,527.9889186,P2,NA,NA,BLCA
P2_P2,166,P2,461.836805,-420.9449158,70.19603555,edge,527.9889186,P2,NA,NA,BLCA
P2_P3,115,P3,367.0276161,-420.9449158,83.473792,edge,527.9889186,P2,NA,NA,BLCA
P2_V1,120,V1,116.5857204,-436.0606143,52.00549316,edge,527.9889186,P2,NA,NA,BLCA
P2_V2,66,V2,268.8909734,-395.3782132,71.19837756,edge,527.9889186,P2,NA,NA,BLCA
P2_V3,132,V3,499.3025848,-395.3782132,32.73030008,edge,527.9889186,P2,NA,NA,BLCA
P2_V4,122,V4,156.7298918,-413.5156937,93.30099985,edge,527.9889186,P2,NA,NA,BLCA
P3_P1,363,P1,203.9327592,-360.0492289,24.81497078,edge,339.8500108,P3,NA,NA,BLCA
P3_P3,317,P3,157.2187588,-609.5095825,45.04025915,edge,339.8500108,P3,NA,NA,BLCA
P3_P4,282,P4,225.8469764,-643.3820438,29.77427486,edge,339.8500108,P3,NA,NA,BLCA
P3_P5,278,P5,194.3126445,-455.5897345,25.53640814,edge,339.8500108,P3,NA,NA,BLCA
P3_P6,295,P6,85.58378194,-579.5995702,16.5977206,edge,339.8500108,P3,NA,NA,BLCA
P3_V1,195,V1,262.5877597,-617.8153412,39.34350757,edge,339.8500108,P3,NA,NA,BLCA
P4_S1,241,S1,401.7531077,-416.3699212,26.24571359,edge,274.5105176,P4,NA,NA,BLCA
P4_S2,232,S2,476.2753208,-509.8997699,25.48426633,edge,274.5105176,P4,NA,NA,BLCA
P4_S3,148,S3,479.53961,-395.3782132,42.98888684,edge,274.5105176,P4,NA,NA,BLCA
P4_S4,161,S4,479.53961,-436.0606143,76.68806199,center,274.5105176,P4,NA,NA,BLCA
P4_S5,134,S5,479.53961,-467.5033264,57.95596893,edge,274.5105176,P4,NA,NA,BLCA
P4_V1,154,V1,524.8692874,-436.0606143,39.97533409,edge,274.5105176,P4,NA,NA,BLCA
P4_V2,156,V2,436.2701024,-389.8093263,60.55694303,edge,274.5105176,P4,NA,NA,BLCA
P4_V3,97,V3,524.8692874,-398.2068845,25.25470967,edge,274.5105176,P4,NA,NA,BLCA
P4_V4,238,V4,524.8692874,-471.7961643,36.16145152,edge,274.5105176,P4,NA,NA,BLCA
P4_V5,133,V5,524.8692874,-512.0841892,25.01452953,edge,274.5105176,P4,NA,NA,BLCA
P5_S1,89,S1,156.8490831,-589.316068,26.11045,edge,181.3915335,P5,NA,NA,BLCA
P5_S2,112,S2,131.2823805,-663.2999855,25.56478685,edge,181.3915335,P5,NA,NA,BLCA
P5_V1,141,V1,200.1029169,-566.8557247,25.52088549,edge,181.3915335,P5,NA,NA,BLCA
P5_V2,156,V2,174.5362143,-649.3874729,25.5686002,edge,181.3915335,P5,NA,NA,BLCA
P6_S1,120,S1,371.2097231,-458.7663648,27.17441679,edge,384.1251888,P6,NA,NA,BLCA
P6_S2,317,S2,96.20392841,-433.1996622,29.42082573,edge,384.1251888,P6,NA,NA,BLCA
P6_S3,267,S3,191.6884295,-479.2255859,87.92858894,edge,384.1251888,P6,NA,NA,BLCA
P6_V1,85,V1,225.6696195,-461.6273169,82.27226317,edge,384.1251888,P6,NA,NA,BLCA
P6_V2,96,V2,247.8295805,-364.2426237,26.7808742,edge,384.1251888,P6,NA,NA,BLCA
P6_V3,166,V3,242.8218347,-641.0911013,35.25161075,edge,384.1251888,P6,NA,NA,BLCA
P6_V4,134,V4,156.8490831,-636.017058,25.56686607,edge,384.1251888,P6,NA,NA,BLCA
P6_V7,186,V7,131.2823805,-410.4939117,24.48823859,edge,384.1251888,P6,NA,NA,BLCA
P7_V1,363,V1,318.1401113,-558.5499573,59.07762449,edge,247.5464818,P7,NA,NA,BLCA
P7_V2,688,V2,313.9467572,-634.280936,54.88428348,edge,247.5464818,P7,NA,NA,BLCA
P7_V3,669,V3,318.1401113,-486.4906716,26.38392487,edge,247.5464818,P7,NA,NA,BLCA
P8_S1,182,S1,414.9231984,-543.1520474,24.32305849,edge,344.0489974,P8,NA,NA,BLCA
P8_V1,235,V1,460.7996287,-524.6774991,41.4733558,edge,344.0489974,P8,NA,NA,BLCA
P8_V2,213,V2,306.1561132,-436.9011101,29.49615725,edge,344.0489974,P8,NA,NA,BLCA
P8_V3,192,V3,414.9231984,-299.5666135,27.97042544,edge,344.0489974,P8,NA,NA,BLCA
P8_V4,255,V4,440.489901,-432.9739953,61.78307507,edge,344.0489974,P8,NA,NA,BLCA
P9_V1,291,V1,216.3685105,-517.5853448,25.56671515,edge,244.8949299,P9,NA,NA,BLCA
P9_V2,576,V2,230.9692091,-633.7772299,25.56794051,edge,244.8949299,P9,NA,NA,BLCA
P9_V3,751,V3,159.1252361,-564.6120096,32.20865482,edge,244.8949299,P9,NA,NA,BLCA
P9_V4,445,V4,154.8713332,-468.7095401,24.26497248,edge,244.8949299,P9,NA,NA,BLCA
LUAD_RM01_03,86,3,735.3881972,-526.8642273,316.7321954,edge,1615.172211,LUAD_RM01,NA,NA,LUAD
LUAD_RM01_04,110,4,960.2715928,-440.0269301,195.0242714,edge,1615.172211,LUAD_RM01,NA,NA,LUAD
LUAD_RM01_05,43,5,911.0939331,-798.8054957,410.4978915,center,1615.172211,LUAD_RM01,NA,NA,LUAD
LUAD_RM01_06,70,6,1146.925729,-676.2294401,248.8508612,edge,1615.172211,LUAD_RM01,NA,NA,LUAD
LUAD_RM01_07,76,7,1082.132385,-1028.176237,145.2707356,edge,1615.172211,LUAD_RM01,NA,NA,LUAD
LUAD_RM01_08,69,8,559.3503296,-1395.190186,232.2663595,edge,1615.172211,LUAD_RM01,NA,NA,LUAD
LUAD_RM01_09,74,9,567.4268203,-378.942748,128.7667419,edge,1615.172211,LUAD_RM01,NA,NA,LUAD
LUAD_RM03_02,365,2,372.9372101,-881.10515,208.365195,edge,1401.396587,LUAD_RM03,NA,NA,LUAD
LUAD_RM03_03,304,3,323.7595504,-1058.970717,61.03563047,edge,1401.396587,LUAD_RM03,NA,NA,LUAD
LUAD_RM03_04,264,4,503.7466262,-1108.148376,140.4110614,edge,1401.396587,LUAD_RM03,NA,NA,LUAD
LUAD_RM03_05,199,5,629.6762892,-980.5065179,271.3181966,edge,1401.396587,LUAD_RM03,NA,NA,LUAD
LUAD_RM03_06,197,6,786.0584717,-867.0148926,107.5229726,edge,1401.396587,LUAD_RM03,NA,NA,LUAD
LUAD_RM03_07,306,7,736.880812,-1192.413439,118.4776163,edge,1401.396587,LUAD_RM03,NA,NA,LUAD
LUAD_RM03_08,141,8,842.5771706,-1002.783776,216.9818544,edge,1401.396587,LUAD_RM03,NA,NA,LUAD
LUAD_RM03_09,197,9,957.1334839,-897.2338867,116.2376887,edge,1401.396587,LUAD_RM03,NA,NA,LUAD
LUAD_RM03_10,297,10,968.8616333,-1192.413439,168.6215686,edge,1401.396587,LUAD_RM03,NA,NA,LUAD
LUAD_RM03_11,247,11,1129.20405,-831.9274902,82.21311577,edge,1401.396587,LUAD_RM03,NA,NA,LUAD
LUAD_RM03_12,197,12,1194.944553,-1003.577826,193.1632924,edge,1401.396587,LUAD_RM03,NA,NA,LUAD
LUAD_RM03_13,265,13,1205.546912,-1143.235779,166.5684613,edge,1401.396587,LUAD_RM03,NA,NA,LUAD
LUAD_RM05_01,490,1,403.4579543,-773.0673828,149.2249728,edge,1369.813017,LUAD_RM05,NA,NA,LUAD
LUAD_RM05_02,475,2,354.2783525,-1002.895084,208.2698314,edge,1369.813017,LUAD_RM05,NA,NA,LUAD
LUAD_RM05_03,301,3,382.1189876,-1263.69734,139.6232282,edge,1369.813017,LUAD_RM05,NA,NA,LUAD
LUAD_RM05_04,480,4,628.4424302,-831.9274902,80.83240483,edge,1369.813017,LUAD_RM05,NA,NA,LUAD
LUAD_RM05_05,467,5,579.2647705,-1052.072744,306.0421955,edge,1369.813017,LUAD_RM05,NA,NA,LUAD
LUAD_RM05_06,482,6,677.6200899,-1325.212891,163.370389,edge,1369.813017,LUAD_RM05,NA,NA,LUAD
LUAD_RM05_07,398,7,786.0584717,-844.0209961,140.8036318,edge,1369.813017,LUAD_RM05,NA,NA,LUAD
LUAD_RM05_08,431,8,812.8349609,-1082.867357,318.6286319,edge,1369.813017,LUAD_RM05,NA,NA,LUAD
LUAD_RM05_09,437,9,923.6339642,-1312.875,71.66787836,edge,1369.813017,LUAD_RM05,NA,NA,LUAD
LUAD_RM05_10,315,10,1032.954726,-755.5007324,156.5406112,edge,1369.813017,LUAD_RM05,NA,NA,LUAD
LUAD_RM05_11,495,11,1082.132385,-1052.072744,200.499677,edge,1369.813017,LUAD_RM05,NA,NA,LUAD
LUAD_RM05_12,428,12,1189.329474,-1243.377319,58.63202625,edge,1369.813017,LUAD_RM05,NA,NA,LUAD
LUAD_RM08_02,16,2,471.2925295,-1254.740735,157.9502004,edge,1062.28643,LUAD_RM08,NA,NA,LUAD
LUAD_RM08_03,49,3,422.1148698,-1039.060933,182.9612373,edge,1062.28643,LUAD_RM08,NA,NA,LUAD
LUAD_RM08_04,9,4,628.0081313,-775.3353746,212.5495241,edge,1062.28643,LUAD_RM08,NA,NA,LUAD
LUAD_RM08_05,42,5,700.8223403,-1004.07527,351.1291187,center,1062.28643,LUAD_RM08,NA,NA,LUAD
LUAD_RM08_06,2,6,857.6193168,-691.6458549,130.786329,edge,1062.28643,LUAD_RM08,NA,NA,LUAD
LUAD_RM09_02,370,2,471.2925295,-1013.972202,110.2370138,edge,871.91101,LUAD_RM09,NA,NA,LUAD
LUAD_RM09_03,330,3,630.4872131,-932.8969727,156.8945936,edge,871.91101,LUAD_RM09,NA,NA,LUAD
LUAD_RM09_04,392,4,665.788061,-1112.327521,119.2706002,edge,871.91101,LUAD_RM09,NA,NA,LUAD
LUAD_RM09_05,352,5,835.2181396,-1143.378382,150.6461144,edge,871.91101,LUAD_RM09,NA,NA,LUAD
LUAD_RM09_06,365,6,1032.954726,-1063.149861,93.91471602,edge,871.91101,LUAD_RM09,NA,NA,LUAD
LUAD_RM09_07,328,7,1032.954726,-839.7657945,107.4371844,edge,871.91101,LUAD_RM09,NA,NA,LUAD
LUAD_RM14_02,19,2,735.3881972,-847.9831554,338.9164754,center,1243.616342,LUAD_RM14,NA,NA,LUAD
LUAD_RM14_03,64,3,324.9209518,-609.014328,120.5942864,edge,1243.616342,LUAD_RM14,NA,NA,LUAD
LUAD_RM14_04,4,4,399.0556733,-782.7498305,106.6946718,edge,1243.616342,LUAD_RM14,NA,NA,LUAD
LUAD_RM14_05,14,5,338.2929399,-1063.076438,139.702353,edge,1243.616342,LUAD_RM14,NA,NA,LUAD
LUAD_RM14_06,1,6,349.8780136,-1238.271777,159.6777511,edge,1243.616342,LUAD_RM14,NA,NA,LUAD
LUAD_RM14_07,44,7,579.2647705,-626.58098,70.99722076,edge,1243.616342,LUAD_RM14,NA,NA,LUAD
LUAD_RM14_08,28,8,555.0984192,-1161.431758,277.4268363,edge,1243.616342,LUAD_RM14,NA,NA,LUAD
LUAD_RM14_10,2,10,885.0435245,-559.8366683,107.849852,edge,1243.616342,LUAD_RM14,NA,NA,LUAD
LUAD_RM14_11,49,11,846.345181,-1112.254098,173.9102044,edge,1243.616342,LUAD_RM14,NA,NA,LUAD
LUAD_RM16_04,73,4,494.8865034,-1312.875,31.40763185,edge,1259.237302,LUAD_RM16,NA,NA,LUAD
LUAD_RM16_06,78,6,808.4416571,-1040.514723,328.9170003,center,1259.237302,LUAD_RM16,NA,NA,LUAD
LUAD_RM16_07,66,7,904.6694336,-1278.363342,94.21577911,edge,1259.237302,LUAD_RM16,NA,NA,LUAD
LUAD_RM16_08,58,8,1116.515259,-740.8235147,72.86453848,edge,1259.237302,LUAD_RM16,NA,NA,LUAD
LUAD_RM16_09,57,9,1105.889571,-1024.459045,132.4800568,edge,1259.237302,LUAD_RM16,NA,NA,LUAD
LUAD_RM16_10,84,10,1226.803456,-1198.391068,49.15450506,edge,1259.237302,LUAD_RM16,NA,NA,LUAD
LUAD_RM18_03,1298,3,389.1319122,-1135.578078,171.5526022,edge,1213.767113,LUAD_RM18,NA,NA,LUAD
LUAD_RM18_04,1455,4,542.4922202,-946.3384748,47.69639073,edge,1213.767113,LUAD_RM18,NA,NA,LUAD
LUAD_RM18_05,1370,5,675.1192322,-1058.970717,217.3125,edge,1213.767113,LUAD_RM18,NA,NA,LUAD
LUAD_RM18_06,1019,6,562.1181335,-1224.886876,69.60507122,edge,1213.767113,LUAD_RM18,NA,NA,LUAD
LUAD_RM18_07,1298,7,697.5024254,-867.0148926,125.3859631,edge,1213.767113,LUAD_RM18,NA,NA,LUAD
LUAD_RM18_08,1364,8,871.1733682,-1009.793057,241.0050441,edge,1213.767113,LUAD_RM18,NA,NA,LUAD
LUAD_RM18_09,1179,9,830.1054384,-1243.91864,95.95417072,edge,1213.767113,LUAD_RM18,NA,NA,LUAD
LUAD_RM18_10,1187,10,896.1846924,-835.3579848,108.3409949,edge,1213.767113,LUAD_RM18,NA,NA,LUAD
LUAD_RM18_11,1393,11,1052.332531,-1108.148376,118.9469504,edge,1213.767113,LUAD_RM18,NA,NA,LUAD
LUAD_RM18_12,627,12,1050.372695,-916.1925523,51.83308823,edge,1213.767113,LUAD_RM18,NA,NA,LUAD
LUAD_RM18_13,52,13,1184.314034,-1108.148376,27.61268651,edge,1213.767113,LUAD_RM18,NA,NA,LUAD
